$date
   Mon Sep 28 01:07:14 2026
$end

$version
  2025.2
  $dumpfile ("wave.vcd") 
$end

$timescale
  1ps
$end

$scope module tb_mmss_counter $end
$var reg 1 ! clk_50mhz $end
$var reg 1 " rst_p $end
$var wire 4 # mt [3:0] $end
$var wire 4 $ mo [3:0] $end
$var wire 4 % st [3:0] $end
$var wire 4 & so [3:0] $end
$var reg 4 ' decode_digit [3:0] $end
$var wire 8 ( decoded_segments [7:0] $end
$var integer 32 ) checks [31:0] $end
$scope module dut $end
$var wire 1 * clk $end
$var wire 1 + rst_p $end
$var reg 4 , minute_tens [3:0] $end
$var reg 4 - minute_ones [3:0] $end
$var reg 4 . second_tens [3:0] $end
$var reg 4 / second_ones [3:0] $end
$var reg 1 0 subsecond [0:0] $end
$upscope $end
$scope module decoder $end
$var wire 4 1 digit [3:0] $end
$var reg 8 2 segments [7:0] $end
$upscope $end
$scope task advance $end
$var integer 32 3 seconds [31:0] $end
$upscope $end
$scope task check_time $end
$var integer 32 4 emt [31:0] $end
$var integer 32 5 emo [31:0] $end
$var integer 32 6 est [31:0] $end
$var integer 32 7 eso [31:0] $end
$upscope $end
$upscope $end
$enddefinitions $end

#0
$dumpvars
0!
1"
b0 #
b0 $
b0 %
b0 &
b0 '
b11111100 (
b0 )
0*
1+
b0 ,
b0 -
b0 .
b0 /
00
b0 1
b11111100 2
bx 3
bx 4
bx 5
bx 6
bx 7
$end

#1000
b1001 '
b11110110 (
b1 )
b1001 1
b11110110 2

#2000
b10 )

#10000
1!
1*

#20000
0!
0*

#30000
1!
0"
b11 )
1*
0+
10
b1010 3
b0 4
b0 5
b0 6
b0 7

#40000
0!
0*

#50000
1!
b1 &
1*
b1 /
00

#60000
0!
0*

#70000
1!
1*
10

#80000
0!
0*

#90000
1!
b10 &
1*
b10 /
00

#100000
0!
0*

#110000
1!
1*
10

#120000
0!
0*

#130000
1!
b11 &
1*
b11 /
00

#140000
0!
0*

#150000
1!
1*
10

#160000
0!
0*

#170000
1!
b100 &
1*
b100 /
00

#180000
0!
0*

#190000
1!
1*
10

#200000
0!
0*

#210000
1!
b101 &
1*
b101 /
00

#220000
0!
0*

#230000
1!
1*
10

#240000
0!
0*

#250000
1!
b110 &
1*
b110 /
00

#260000
0!
0*

#270000
1!
1*
10

#280000
0!
0*

#290000
1!
b111 &
1*
b111 /
00

#300000
0!
0*

#310000
1!
1*
10

#320000
0!
0*

#330000
1!
b1000 &
1*
b1000 /
00

#340000
0!
0*

#350000
1!
1*
10

#360000
0!
0*

#370000
1!
b1001 &
1*
b1001 /
00

#380000
0!
0*

#390000
1!
1*
10

#400000
0!
0*

#410000
1!
b1 %
b0 &
1*
b1 .
b0 /
00

#420000
0!
0*

#430000
1!
1*
10

#431000
b100 )
b110010 3
b1 6

#440000
0!
0*

#450000
1!
b1 &
1*
b1 /
00

#460000
0!
0*

#470000
1!
1*
10

#480000
0!
0*

#490000
1!
b10 &
1*
b10 /
00

#500000
0!
0*

#510000
1!
1*
10

#520000
0!
0*

#530000
1!
b11 &
1*
b11 /
00

#540000
0!
0*

#550000
1!
1*
10

#560000
0!
0*

#570000
1!
b100 &
1*
b100 /
00

#580000
0!
0*

#590000
1!
1*
10

#600000
0!
0*

#610000
1!
b101 &
1*
b101 /
00

#620000
0!
0*

#630000
1!
1*
10

#640000
0!
0*

#650000
1!
b110 &
1*
b110 /
00

#660000
0!
0*

#670000
1!
1*
10

#680000
0!
0*

#690000
1!
b111 &
1*
b111 /
00

#700000
0!
0*

#710000
1!
1*
10

#720000
0!
0*

#730000
1!
b1000 &
1*
b1000 /
00

#740000
0!
0*

#750000
1!
1*
10

#760000
0!
0*

#770000
1!
b1001 &
1*
b1001 /
00

#780000
0!
0*

#790000
1!
1*
10

#800000
0!
0*

#810000
1!
b10 %
b0 &
1*
b10 .
b0 /
00

#820000
0!
0*

#830000
1!
1*
10

#840000
0!
0*

#850000
1!
b1 &
1*
b1 /
00

#860000
0!
0*

#870000
1!
1*
10

#880000
0!
0*

#890000
1!
b10 &
1*
b10 /
00

#900000
0!
0*

#910000
1!
1*
10

#920000
0!
0*

#930000
1!
b11 &
1*
b11 /
00

#940000
0!
0*

#950000
1!
1*
10

#960000
0!
0*

#970000
1!
b100 &
1*
b100 /
00

#980000
0!
0*

#990000
1!
1*
10

#1000000
0!
0*

#1010000
1!
b101 &
1*
b101 /
00

#1020000
0!
0*

#1030000
1!
1*
10

#1040000
0!
0*

#1050000
1!
b110 &
1*
b110 /
00

#1060000
0!
0*

#1070000
1!
1*
10

#1080000
0!
0*

#1090000
1!
b111 &
1*
b111 /
00

#1100000
0!
0*

#1110000
1!
1*
10

#1120000
0!
0*

#1130000
1!
b1000 &
1*
b1000 /
00

#1140000
0!
0*

#1150000
1!
1*
10

#1160000
0!
0*

#1170000
1!
b1001 &
1*
b1001 /
00

#1180000
0!
0*

#1190000
1!
1*
10

#1200000
0!
0*

#1210000
1!
b11 %
b0 &
1*
b11 .
b0 /
00

#1220000
0!
0*

#1230000
1!
1*
10

#1240000
0!
0*

#1250000
1!
b1 &
1*
b1 /
00

#1260000
0!
0*

#1270000
1!
1*
10

#1280000
0!
0*

#1290000
1!
b10 &
1*
b10 /
00

#1300000
0!
0*

#1310000
1!
1*
10

#1320000
0!
0*

#1330000
1!
b11 &
1*
b11 /
00

#1340000
0!
0*

#1350000
1!
1*
10

#1360000
0!
0*

#1370000
1!
b100 &
1*
b100 /
00

#1380000
0!
0*

#1390000
1!
1*
10

#1400000
0!
0*

#1410000
1!
b101 &
1*
b101 /
00

#1420000
0!
0*

#1430000
1!
1*
10

#1440000
0!
0*

#1450000
1!
b110 &
1*
b110 /
00

#1460000
0!
0*

#1470000
1!
1*
10

#1480000
0!
0*

#1490000
1!
b111 &
1*
b111 /
00

#1500000
0!
0*

#1510000
1!
1*
10

#1520000
0!
0*

#1530000
1!
b1000 &
1*
b1000 /
00

#1540000
0!
0*

#1550000
1!
1*
10

#1560000
0!
0*

#1570000
1!
b1001 &
1*
b1001 /
00

#1580000
0!
0*

#1590000
1!
1*
10

#1600000
0!
0*

#1610000
1!
b100 %
b0 &
1*
b100 .
b0 /
00

#1620000
0!
0*

#1630000
1!
1*
10

#1640000
0!
0*

#1650000
1!
b1 &
1*
b1 /
00

#1660000
0!
0*

#1670000
1!
1*
10

#1680000
0!
0*

#1690000
1!
b10 &
1*
b10 /
00

#1700000
0!
0*

#1710000
1!
1*
10

#1720000
0!
0*

#1730000
1!
b11 &
1*
b11 /
00

#1740000
0!
0*

#1750000
1!
1*
10

#1760000
0!
0*

#1770000
1!
b100 &
1*
b100 /
00

#1780000
0!
0*

#1790000
1!
1*
10

#1800000
0!
0*

#1810000
1!
b101 &
1*
b101 /
00

#1820000
0!
0*

#1830000
1!
1*
10

#1840000
0!
0*

#1850000
1!
b110 &
1*
b110 /
00

#1860000
0!
0*

#1870000
1!
1*
10

#1880000
0!
0*

#1890000
1!
b111 &
1*
b111 /
00

#1900000
0!
0*

#1910000
1!
1*
10

#1920000
0!
0*

#1930000
1!
b1000 &
1*
b1000 /
00

#1940000
0!
0*

#1950000
1!
1*
10

#1960000
0!
0*

#1970000
1!
b1001 &
1*
b1001 /
00

#1980000
0!
0*

#1990000
1!
1*
10

#2000000
0!
0*

#2010000
1!
b101 %
b0 &
1*
b101 .
b0 /
00

#2020000
0!
0*

#2030000
1!
1*
10

#2040000
0!
0*

#2050000
1!
b1 &
1*
b1 /
00

#2060000
0!
0*

#2070000
1!
1*
10

#2080000
0!
0*

#2090000
1!
b10 &
1*
b10 /
00

#2100000
0!
0*

#2110000
1!
1*
10

#2120000
0!
0*

#2130000
1!
b11 &
1*
b11 /
00

#2140000
0!
0*

#2150000
1!
1*
10

#2160000
0!
0*

#2170000
1!
b100 &
1*
b100 /
00

#2180000
0!
0*

#2190000
1!
1*
10

#2200000
0!
0*

#2210000
1!
b101 &
1*
b101 /
00

#2220000
0!
0*

#2230000
1!
1*
10

#2240000
0!
0*

#2250000
1!
b110 &
1*
b110 /
00

#2260000
0!
0*

#2270000
1!
1*
10

#2280000
0!
0*

#2290000
1!
b111 &
1*
b111 /
00

#2300000
0!
0*

#2310000
1!
1*
10

#2320000
0!
0*

#2330000
1!
b1000 &
1*
b1000 /
00

#2340000
0!
0*

#2350000
1!
1*
10

#2360000
0!
0*

#2370000
1!
b1001 &
1*
b1001 /
00

#2380000
0!
0*

#2390000
1!
1*
10

#2400000
0!
0*

#2410000
1!
b1 $
b0 %
b0 &
1*
b1 -
b0 .
b0 /
00

#2420000
0!
0*

#2430000
1!
1*
10

#2431000
b101 )
b110111010011 3
b1 5
b0 6

#2440000
0!
0*

#2450000
1!
b1 &
1*
b1 /
00

#2460000
0!
0*

#2470000
1!
1*
10

#2480000
0!
0*

#2490000
1!
b10 &
1*
b10 /
00

#2500000
0!
0*

#2510000
1!
1*
10

#2520000
0!
0*

#2530000
1!
b11 &
1*
b11 /
00

#2540000
0!
0*

#2550000
1!
1*
10

#2560000
0!
0*

#2570000
1!
b100 &
1*
b100 /
00

#2580000
0!
0*

#2590000
1!
1*
10

#2600000
0!
0*

#2610000
1!
b101 &
1*
b101 /
00

#2620000
0!
0*

#2630000
1!
1*
10

#2640000
0!
0*

#2650000
1!
b110 &
1*
b110 /
00

#2660000
0!
0*

#2670000
1!
1*
10

#2680000
0!
0*

#2690000
1!
b111 &
1*
b111 /
00

#2700000
0!
0*

#2710000
1!
1*
10

#2720000
0!
0*

#2730000
1!
b1000 &
1*
b1000 /
00

#2740000
0!
0*

#2750000
1!
1*
10

#2760000
0!
0*

#2770000
1!
b1001 &
1*
b1001 /
00

#2780000
0!
0*

#2790000
1!
1*
10

#2800000
0!
0*

#2810000
1!
b1 %
b0 &
1*
b1 .
b0 /
00

#2820000
0!
0*

#2830000
1!
1*
10

#2840000
0!
0*

#2850000
1!
b1 &
1*
b1 /
00

#2860000
0!
0*

#2870000
1!
1*
10

#2880000
0!
0*

#2890000
1!
b10 &
1*
b10 /
00

#2900000
0!
0*

#2910000
1!
1*
10

#2920000
0!
0*

#2930000
1!
b11 &
1*
b11 /
00

#2940000
0!
0*

#2950000
1!
1*
10

#2960000
0!
0*

#2970000
1!
b100 &
1*
b100 /
00

#2980000
0!
0*

#2990000
1!
1*
10

#3000000
0!
0*

#3010000
1!
b101 &
1*
b101 /
00

#3020000
0!
0*

#3030000
1!
1*
10

#3040000
0!
0*

#3050000
1!
b110 &
1*
b110 /
00

#3060000
0!
0*

#3070000
1!
1*
10

#3080000
0!
0*

#3090000
1!
b111 &
1*
b111 /
00

#3100000
0!
0*

#3110000
1!
1*
10

#3120000
0!
0*

#3130000
1!
b1000 &
1*
b1000 /
00

#3140000
0!
0*

#3150000
1!
1*
10

#3160000
0!
0*

#3170000
1!
b1001 &
1*
b1001 /
00

#3180000
0!
0*

#3190000
1!
1*
10

#3200000
0!
0*

#3210000
1!
b10 %
b0 &
1*
b10 .
b0 /
00

#3220000
0!
0*

#3230000
1!
1*
10

#3240000
0!
0*

#3250000
1!
b1 &
1*
b1 /
00

#3260000
0!
0*

#3270000
1!
1*
10

#3280000
0!
0*

#3290000
1!
b10 &
1*
b10 /
00

#3300000
0!
0*

#3310000
1!
1*
10

#3320000
0!
0*

#3330000
1!
b11 &
1*
b11 /
00

#3340000
0!
0*

#3350000
1!
1*
10

#3360000
0!
0*

#3370000
1!
b100 &
1*
b100 /
00

#3380000
0!
0*

#3390000
1!
1*
10

#3400000
0!
0*

#3410000
1!
b101 &
1*
b101 /
00

#3420000
0!
0*

#3430000
1!
1*
10

#3440000
0!
0*

#3450000
1!
b110 &
1*
b110 /
00

#3460000
0!
0*

#3470000
1!
1*
10

#3480000
0!
0*

#3490000
1!
b111 &
1*
b111 /
00

#3500000
0!
0*

#3510000
1!
1*
10

#3520000
0!
0*

#3530000
1!
b1000 &
1*
b1000 /
00

#3540000
0!
0*

#3550000
1!
1*
10

#3560000
0!
0*

#3570000
1!
b1001 &
1*
b1001 /
00

#3580000
0!
0*

#3590000
1!
1*
10

#3600000
0!
0*

#3610000
1!
b11 %
b0 &
1*
b11 .
b0 /
00

#3620000
0!
0*

#3630000
1!
1*
10

#3640000
0!
0*

#3650000
1!
b1 &
1*
b1 /
00

#3660000
0!
0*

#3670000
1!
1*
10

#3680000
0!
0*

#3690000
1!
b10 &
1*
b10 /
00

#3700000
0!
0*

#3710000
1!
1*
10

#3720000
0!
0*

#3730000
1!
b11 &
1*
b11 /
00

#3740000
0!
0*

#3750000
1!
1*
10

#3760000
0!
0*

#3770000
1!
b100 &
1*
b100 /
00

#3780000
0!
0*

#3790000
1!
1*
10

#3800000
0!
0*

#3810000
1!
b101 &
1*
b101 /
00

#3820000
0!
0*

#3830000
1!
1*
10

#3840000
0!
0*

#3850000
1!
b110 &
1*
b110 /
00

#3860000
0!
0*

#3870000
1!
1*
10

#3880000
0!
0*

#3890000
1!
b111 &
1*
b111 /
00

#3900000
0!
0*

#3910000
1!
1*
10

#3920000
0!
0*

#3930000
1!
b1000 &
1*
b1000 /
00

#3940000
0!
0*

#3950000
1!
1*
10

#3960000
0!
0*

#3970000
1!
b1001 &
1*
b1001 /
00

#3980000
0!
0*

#3990000
1!
1*
10

#4000000
0!
0*

#4010000
1!
b100 %
b0 &
1*
b100 .
b0 /
00

#4020000
0!
0*

#4030000
1!
1*
10

#4040000
0!
0*

#4050000
1!
b1 &
1*
b1 /
00

#4060000
0!
0*

#4070000
1!
1*
10

#4080000
0!
0*

#4090000
1!
b10 &
1*
b10 /
00

#4100000
0!
0*

#4110000
1!
1*
10

#4120000
0!
0*

#4130000
1!
b11 &
1*
b11 /
00

#4140000
0!
0*

#4150000
1!
1*
10

#4160000
0!
0*

#4170000
1!
b100 &
1*
b100 /
00

#4180000
0!
0*

#4190000
1!
1*
10

#4200000
0!
0*

#4210000
1!
b101 &
1*
b101 /
00

#4220000
0!
0*

#4230000
1!
1*
10

#4240000
0!
0*

#4250000
1!
b110 &
1*
b110 /
00

#4260000
0!
0*

#4270000
1!
1*
10

#4280000
0!
0*

#4290000
1!
b111 &
1*
b111 /
00

#4300000
0!
0*

#4310000
1!
1*
10

#4320000
0!
0*

#4330000
1!
b1000 &
1*
b1000 /
00

#4340000
0!
0*

#4350000
1!
1*
10

#4360000
0!
0*

#4370000
1!
b1001 &
1*
b1001 /
00

#4380000
0!
0*

#4390000
1!
1*
10

#4400000
0!
0*

#4410000
1!
b101 %
b0 &
1*
b101 .
b0 /
00

#4420000
0!
0*

#4430000
1!
1*
10

#4440000
0!
0*

#4450000
1!
b1 &
1*
b1 /
00

#4460000
0!
0*

#4470000
1!
1*
10

#4480000
0!
0*

#4490000
1!
b10 &
1*
b10 /
00

#4500000
0!
0*

#4510000
1!
1*
10

#4520000
0!
0*

#4530000
1!
b11 &
1*
b11 /
00

#4540000
0!
0*

#4550000
1!
1*
10

#4560000
0!
0*

#4570000
1!
b100 &
1*
b100 /
00

#4580000
0!
0*

#4590000
1!
1*
10

#4600000
0!
0*

#4610000
1!
b101 &
1*
b101 /
00

#4620000
0!
0*

#4630000
1!
1*
10

#4640000
0!
0*

#4650000
1!
b110 &
1*
b110 /
00

#4660000
0!
0*

#4670000
1!
1*
10

#4680000
0!
0*

#4690000
1!
b111 &
1*
b111 /
00

#4700000
0!
0*

#4710000
1!
1*
10

#4720000
0!
0*

#4730000
1!
b1000 &
1*
b1000 /
00

#4740000
0!
0*

#4750000
1!
1*
10

#4760000
0!
0*

#4770000
1!
b1001 &
1*
b1001 /
00

#4780000
0!
0*

#4790000
1!
1*
10

#4800000
0!
0*

#4810000
1!
b10 $
b0 %
b0 &
1*
b10 -
b0 .
b0 /
00

#4820000
0!
0*

#4830000
1!
1*
10

#4840000
0!
0*

#4850000
1!
b1 &
1*
b1 /
00

#4860000
0!
0*

#4870000
1!
1*
10

#4880000
0!
0*

#4890000
1!
b10 &
1*
b10 /
00

#4900000
0!
0*

#4910000
1!
1*
10

#4920000
0!
0*

#4930000
1!
b11 &
1*
b11 /
00

#4940000
0!
0*

#4950000
1!
1*
10

#4960000
0!
0*

#4970000
1!
b100 &
1*
b100 /
00

#4980000
0!
0*

#4990000
1!
1*
10

#5000000
0!
0*

#5010000
1!
b101 &
1*
b101 /
00

#5020000
0!
0*

#5030000
1!
1*
10

#5040000
0!
0*

#5050000
1!
b110 &
1*
b110 /
00

#5060000
0!
0*

#5070000
1!
1*
10

#5080000
0!
0*

#5090000
1!
b111 &
1*
b111 /
00

#5100000
0!
0*

#5110000
1!
1*
10

#5120000
0!
0*

#5130000
1!
b1000 &
1*
b1000 /
00

#5140000
0!
0*

#5150000
1!
1*
10

#5160000
0!
0*

#5170000
1!
b1001 &
1*
b1001 /
00

#5180000
0!
0*

#5190000
1!
1*
10

#5200000
0!
0*

#5210000
1!
b1 %
b0 &
1*
b1 .
b0 /
00

#5220000
0!
0*

#5230000
1!
1*
10

#5240000
0!
0*

#5250000
1!
b1 &
1*
b1 /
00

#5260000
0!
0*

#5270000
1!
1*
10

#5280000
0!
0*

#5290000
1!
b10 &
1*
b10 /
00

#5300000
0!
0*

#5310000
1!
1*
10

#5320000
0!
0*

#5330000
1!
b11 &
1*
b11 /
00

#5340000
0!
0*

#5350000
1!
1*
10

#5360000
0!
0*

#5370000
1!
b100 &
1*
b100 /
00

#5380000
0!
0*

#5390000
1!
1*
10

#5400000
0!
0*

#5410000
1!
b101 &
1*
b101 /
00

#5420000
0!
0*

#5430000
1!
1*
10

#5440000
0!
0*

#5450000
1!
b110 &
1*
b110 /
00

#5460000
0!
0*

#5470000
1!
1*
10

#5480000
0!
0*

#5490000
1!
b111 &
1*
b111 /
00

#5500000
0!
0*

#5510000
1!
1*
10

#5520000
0!
0*

#5530000
1!
b1000 &
1*
b1000 /
00

#5540000
0!
0*

#5550000
1!
1*
10

#5560000
0!
0*

#5570000
1!
b1001 &
1*
b1001 /
00

#5580000
0!
0*

#5590000
1!
1*
10

#5600000
0!
0*

#5610000
1!
b10 %
b0 &
1*
b10 .
b0 /
00

#5620000
0!
0*

#5630000
1!
1*
10

#5640000
0!
0*

#5650000
1!
b1 &
1*
b1 /
00

#5660000
0!
0*

#5670000
1!
1*
10

#5680000
0!
0*

#5690000
1!
b10 &
1*
b10 /
00

#5700000
0!
0*

#5710000
1!
1*
10

#5720000
0!
0*

#5730000
1!
b11 &
1*
b11 /
00

#5740000
0!
0*

#5750000
1!
1*
10

#5760000
0!
0*

#5770000
1!
b100 &
1*
b100 /
00

#5780000
0!
0*

#5790000
1!
1*
10

#5800000
0!
0*

#5810000
1!
b101 &
1*
b101 /
00

#5820000
0!
0*

#5830000
1!
1*
10

#5840000
0!
0*

#5850000
1!
b110 &
1*
b110 /
00

#5860000
0!
0*

#5870000
1!
1*
10

#5880000
0!
0*

#5890000
1!
b111 &
1*
b111 /
00

#5900000
0!
0*

#5910000
1!
1*
10

#5920000
0!
0*

#5930000
1!
b1000 &
1*
b1000 /
00

#5940000
0!
0*

#5950000
1!
1*
10

#5960000
0!
0*

#5970000
1!
b1001 &
1*
b1001 /
00

#5980000
0!
0*

#5990000
1!
1*
10

#6000000
0!
0*

#6010000
1!
b11 %
b0 &
1*
b11 .
b0 /
00

#6020000
0!
0*

#6030000
1!
1*
10

#6040000
0!
0*

#6050000
1!
b1 &
1*
b1 /
00

#6060000
0!
0*

#6070000
1!
1*
10

#6080000
0!
0*

#6090000
1!
b10 &
1*
b10 /
00

#6100000
0!
0*

#6110000
1!
1*
10

#6120000
0!
0*

#6130000
1!
b11 &
1*
b11 /
00

#6140000
0!
0*

#6150000
1!
1*
10

#6160000
0!
0*

#6170000
1!
b100 &
1*
b100 /
00

#6180000
0!
0*

#6190000
1!
1*
10

#6200000
0!
0*

#6210000
1!
b101 &
1*
b101 /
00

#6220000
0!
0*

#6230000
1!
1*
10

#6240000
0!
0*

#6250000
1!
b110 &
1*
b110 /
00

#6260000
0!
0*

#6270000
1!
1*
10

#6280000
0!
0*

#6290000
1!
b111 &
1*
b111 /
00

#6300000
0!
0*

#6310000
1!
1*
10

#6320000
0!
0*

#6330000
1!
b1000 &
1*
b1000 /
00

#6340000
0!
0*

#6350000
1!
1*
10

#6360000
0!
0*

#6370000
1!
b1001 &
1*
b1001 /
00

#6380000
0!
0*

#6390000
1!
1*
10

#6400000
0!
0*

#6410000
1!
b100 %
b0 &
1*
b100 .
b0 /
00

#6420000
0!
0*

#6430000
1!
1*
10

#6440000
0!
0*

#6450000
1!
b1 &
1*
b1 /
00

#6460000
0!
0*

#6470000
1!
1*
10

#6480000
0!
0*

#6490000
1!
b10 &
1*
b10 /
00

#6500000
0!
0*

#6510000
1!
1*
10

#6520000
0!
0*

#6530000
1!
b11 &
1*
b11 /
00

#6540000
0!
0*

#6550000
1!
1*
10

#6560000
0!
0*

#6570000
1!
b100 &
1*
b100 /
00

#6580000
0!
0*

#6590000
1!
1*
10

#6600000
0!
0*

#6610000
1!
b101 &
1*
b101 /
00

#6620000
0!
0*

#6630000
1!
1*
10

#6640000
0!
0*

#6650000
1!
b110 &
1*
b110 /
00

#6660000
0!
0*

#6670000
1!
1*
10

#6680000
0!
0*

#6690000
1!
b111 &
1*
b111 /
00

#6700000
0!
0*

#6710000
1!
1*
10

#6720000
0!
0*

#6730000
1!
b1000 &
1*
b1000 /
00

#6740000
0!
0*

#6750000
1!
1*
10

#6760000
0!
0*

#6770000
1!
b1001 &
1*
b1001 /
00

#6780000
0!
0*

#6790000
1!
1*
10

#6800000
0!
0*

#6810000
1!
b101 %
b0 &
1*
b101 .
b0 /
00

#6820000
0!
0*

#6830000
1!
1*
10

#6840000
0!
0*

#6850000
1!
b1 &
1*
b1 /
00

#6860000
0!
0*

#6870000
1!
1*
10

#6880000
0!
0*

#6890000
1!
b10 &
1*
b10 /
00

#6900000
0!
0*

#6910000
1!
1*
10

#6920000
0!
0*

#6930000
1!
b11 &
1*
b11 /
00

#6940000
0!
0*

#6950000
1!
1*
10

#6960000
0!
0*

#6970000
1!
b100 &
1*
b100 /
00

#6980000
0!
0*

#6990000
1!
1*
10

#7000000
0!
0*

#7010000
1!
b101 &
1*
b101 /
00

#7020000
0!
0*

#7030000
1!
1*
10

#7040000
0!
0*

#7050000
1!
b110 &
1*
b110 /
00

#7060000
0!
0*

#7070000
1!
1*
10

#7080000
0!
0*

#7090000
1!
b111 &
1*
b111 /
00

#7100000
0!
0*

#7110000
1!
1*
10

#7120000
0!
0*

#7130000
1!
b1000 &
1*
b1000 /
00

#7140000
0!
0*

#7150000
1!
1*
10

#7160000
0!
0*

#7170000
1!
b1001 &
1*
b1001 /
00

#7180000
0!
0*

#7190000
1!
1*
10

#7200000
0!
0*

#7210000
1!
b11 $
b0 %
b0 &
1*
b11 -
b0 .
b0 /
00

#7220000
0!
0*

#7230000
1!
1*
10

#7240000
0!
0*

#7250000
1!
b1 &
1*
b1 /
00

#7260000
0!
0*

#7270000
1!
1*
10

#7280000
0!
0*

#7290000
1!
b10 &
1*
b10 /
00

#7300000
0!
0*

#7310000
1!
1*
10

#7320000
0!
0*

#7330000
1!
b11 &
1*
b11 /
00

#7340000
0!
0*

#7350000
1!
1*
10

#7360000
0!
0*

#7370000
1!
b100 &
1*
b100 /
00

#7380000
0!
0*

#7390000
1!
1*
10

#7400000
0!
0*

#7410000
1!
b101 &
1*
b101 /
00

#7420000
0!
0*

#7430000
1!
1*
10

#7440000
0!
0*

#7450000
1!
b110 &
1*
b110 /
00

#7460000
0!
0*

#7470000
1!
1*
10

#7480000
0!
0*

#7490000
1!
b111 &
1*
b111 /
00

#7500000
0!
0*

#7510000
1!
1*
10

#7520000
0!
0*

#7530000
1!
b1000 &
1*
b1000 /
00

#7540000
0!
0*

#7550000
1!
1*
10

#7560000
0!
0*

#7570000
1!
b1001 &
1*
b1001 /
00

#7580000
0!
0*

#7590000
1!
1*
10

#7600000
0!
0*

#7610000
1!
b1 %
b0 &
1*
b1 .
b0 /
00

#7620000
0!
0*

#7630000
1!
1*
10

#7640000
0!
0*

#7650000
1!
b1 &
1*
b1 /
00

#7660000
0!
0*

#7670000
1!
1*
10

#7680000
0!
0*

#7690000
1!
b10 &
1*
b10 /
00

#7700000
0!
0*

#7710000
1!
1*
10

#7720000
0!
0*

#7730000
1!
b11 &
1*
b11 /
00

#7740000
0!
0*

#7750000
1!
1*
10

#7760000
0!
0*

#7770000
1!
b100 &
1*
b100 /
00

#7780000
0!
0*

#7790000
1!
1*
10

#7800000
0!
0*

#7810000
1!
b101 &
1*
b101 /
00

#7820000
0!
0*

#7830000
1!
1*
10

#7840000
0!
0*

#7850000
1!
b110 &
1*
b110 /
00

#7860000
0!
0*

#7870000
1!
1*
10

#7880000
0!
0*

#7890000
1!
b111 &
1*
b111 /
00

#7900000
0!
0*

#7910000
1!
1*
10

#7920000
0!
0*

#7930000
1!
b1000 &
1*
b1000 /
00

#7940000
0!
0*

#7950000
1!
1*
10

#7960000
0!
0*

#7970000
1!
b1001 &
1*
b1001 /
00

#7980000
0!
0*

#7990000
1!
1*
10

#8000000
0!
0*

#8010000
1!
b10 %
b0 &
1*
b10 .
b0 /
00

#8020000
0!
0*

#8030000
1!
1*
10

#8040000
0!
0*

#8050000
1!
b1 &
1*
b1 /
00

#8060000
0!
0*

#8070000
1!
1*
10

#8080000
0!
0*

#8090000
1!
b10 &
1*
b10 /
00

#8100000
0!
0*

#8110000
1!
1*
10

#8120000
0!
0*

#8130000
1!
b11 &
1*
b11 /
00

#8140000
0!
0*

#8150000
1!
1*
10

#8160000
0!
0*

#8170000
1!
b100 &
1*
b100 /
00

#8180000
0!
0*

#8190000
1!
1*
10

#8200000
0!
0*

#8210000
1!
b101 &
1*
b101 /
00

#8220000
0!
0*

#8230000
1!
1*
10

#8240000
0!
0*

#8250000
1!
b110 &
1*
b110 /
00

#8260000
0!
0*

#8270000
1!
1*
10

#8280000
0!
0*

#8290000
1!
b111 &
1*
b111 /
00

#8300000
0!
0*

#8310000
1!
1*
10

#8320000
0!
0*

#8330000
1!
b1000 &
1*
b1000 /
00

#8340000
0!
0*

#8350000
1!
1*
10

#8360000
0!
0*

#8370000
1!
b1001 &
1*
b1001 /
00

#8380000
0!
0*

#8390000
1!
1*
10

#8400000
0!
0*

#8410000
1!
b11 %
b0 &
1*
b11 .
b0 /
00

#8420000
0!
0*

#8430000
1!
1*
10

#8440000
0!
0*

#8450000
1!
b1 &
1*
b1 /
00

#8460000
0!
0*

#8470000
1!
1*
10

#8480000
0!
0*

#8490000
1!
b10 &
1*
b10 /
00

#8500000
0!
0*

#8510000
1!
1*
10

#8520000
0!
0*

#8530000
1!
b11 &
1*
b11 /
00

#8540000
0!
0*

#8550000
1!
1*
10

#8560000
0!
0*

#8570000
1!
b100 &
1*
b100 /
00

#8580000
0!
0*

#8590000
1!
1*
10

#8600000
0!
0*

#8610000
1!
b101 &
1*
b101 /
00

#8620000
0!
0*

#8630000
1!
1*
10

#8640000
0!
0*

#8650000
1!
b110 &
1*
b110 /
00

#8660000
0!
0*

#8670000
1!
1*
10

#8680000
0!
0*

#8690000
1!
b111 &
1*
b111 /
00

#8700000
0!
0*

#8710000
1!
1*
10

#8720000
0!
0*

#8730000
1!
b1000 &
1*
b1000 /
00

#8740000
0!
0*

#8750000
1!
1*
10

#8760000
0!
0*

#8770000
1!
b1001 &
1*
b1001 /
00

#8780000
0!
0*

#8790000
1!
1*
10

#8800000
0!
0*

#8810000
1!
b100 %
b0 &
1*
b100 .
b0 /
00

#8820000
0!
0*

#8830000
1!
1*
10

#8840000
0!
0*

#8850000
1!
b1 &
1*
b1 /
00

#8860000
0!
0*

#8870000
1!
1*
10

#8880000
0!
0*

#8890000
1!
b10 &
1*
b10 /
00

#8900000
0!
0*

#8910000
1!
1*
10

#8920000
0!
0*

#8930000
1!
b11 &
1*
b11 /
00

#8940000
0!
0*

#8950000
1!
1*
10

#8960000
0!
0*

#8970000
1!
b100 &
1*
b100 /
00

#8980000
0!
0*

#8990000
1!
1*
10

#9000000
0!
0*

#9010000
1!
b101 &
1*
b101 /
00

#9020000
0!
0*

#9030000
1!
1*
10

#9040000
0!
0*

#9050000
1!
b110 &
1*
b110 /
00

#9060000
0!
0*

#9070000
1!
1*
10

#9080000
0!
0*

#9090000
1!
b111 &
1*
b111 /
00

#9100000
0!
0*

#9110000
1!
1*
10

#9120000
0!
0*

#9130000
1!
b1000 &
1*
b1000 /
00

#9140000
0!
0*

#9150000
1!
1*
10

#9160000
0!
0*

#9170000
1!
b1001 &
1*
b1001 /
00

#9180000
0!
0*

#9190000
1!
1*
10

#9200000
0!
0*

#9210000
1!
b101 %
b0 &
1*
b101 .
b0 /
00

#9220000
0!
0*

#9230000
1!
1*
10

#9240000
0!
0*

#9250000
1!
b1 &
1*
b1 /
00

#9260000
0!
0*

#9270000
1!
1*
10

#9280000
0!
0*

#9290000
1!
b10 &
1*
b10 /
00

#9300000
0!
0*

#9310000
1!
1*
10

#9320000
0!
0*

#9330000
1!
b11 &
1*
b11 /
00

#9340000
0!
0*

#9350000
1!
1*
10

#9360000
0!
0*

#9370000
1!
b100 &
1*
b100 /
00

#9380000
0!
0*

#9390000
1!
1*
10

#9400000
0!
0*

#9410000
1!
b101 &
1*
b101 /
00

#9420000
0!
0*

#9430000
1!
1*
10

#9440000
0!
0*

#9450000
1!
b110 &
1*
b110 /
00

#9460000
0!
0*

#9470000
1!
1*
10

#9480000
0!
0*

#9490000
1!
b111 &
1*
b111 /
00

#9500000
0!
0*

#9510000
1!
1*
10

#9520000
0!
0*

#9530000
1!
b1000 &
1*
b1000 /
00

#9540000
0!
0*

#9550000
1!
1*
10

#9560000
0!
0*

#9570000
1!
b1001 &
1*
b1001 /
00

#9580000
0!
0*

#9590000
1!
1*
10

#9600000
0!
0*

#9610000
1!
b100 $
b0 %
b0 &
1*
b100 -
b0 .
b0 /
00

#9620000
0!
0*

#9630000
1!
1*
10

#9640000
0!
0*

#9650000
1!
b1 &
1*
b1 /
00

#9660000
0!
0*

#9670000
1!
1*
10

#9680000
0!
0*

#9690000
1!
b10 &
1*
b10 /
00

#9700000
0!
0*

#9710000
1!
1*
10

#9720000
0!
0*

#9730000
1!
b11 &
1*
b11 /
00

#9740000
0!
0*

#9750000
1!
1*
10

#9760000
0!
0*

#9770000
1!
b100 &
1*
b100 /
00

#9780000
0!
0*

#9790000
1!
1*
10

#9800000
0!
0*

#9810000
1!
b101 &
1*
b101 /
00

#9820000
0!
0*

#9830000
1!
1*
10

#9840000
0!
0*

#9850000
1!
b110 &
1*
b110 /
00

#9860000
0!
0*

#9870000
1!
1*
10

#9880000
0!
0*

#9890000
1!
b111 &
1*
b111 /
00

#9900000
0!
0*

#9910000
1!
1*
10

#9920000
0!
0*

#9930000
1!
b1000 &
1*
b1000 /
00

#9940000
0!
0*

#9950000
1!
1*
10

#9960000
0!
0*

#9970000
1!
b1001 &
1*
b1001 /
00

#9980000
0!
0*

#9990000
1!
1*
10

#10000000
0!
0*

#10010000
1!
b1 %
b0 &
1*
b1 .
b0 /
00

#10020000
0!
0*

#10030000
1!
1*
10

#10040000
0!
0*

#10050000
1!
b1 &
1*
b1 /
00

#10060000
0!
0*

#10070000
1!
1*
10

#10080000
0!
0*

#10090000
1!
b10 &
1*
b10 /
00

#10100000
0!
0*

#10110000
1!
1*
10

#10120000
0!
0*

#10130000
1!
b11 &
1*
b11 /
00

#10140000
0!
0*

#10150000
1!
1*
10

#10160000
0!
0*

#10170000
1!
b100 &
1*
b100 /
00

#10180000
0!
0*

#10190000
1!
1*
10

#10200000
0!
0*

#10210000
1!
b101 &
1*
b101 /
00

#10220000
0!
0*

#10230000
1!
1*
10

#10240000
0!
0*

#10250000
1!
b110 &
1*
b110 /
00

#10260000
0!
0*

#10270000
1!
1*
10

#10280000
0!
0*

#10290000
1!
b111 &
1*
b111 /
00

#10300000
0!
0*

#10310000
1!
1*
10

#10320000
0!
0*

#10330000
1!
b1000 &
1*
b1000 /
00

#10340000
0!
0*

#10350000
1!
1*
10

#10360000
0!
0*

#10370000
1!
b1001 &
1*
b1001 /
00

#10380000
0!
0*

#10390000
1!
1*
10

#10400000
0!
0*

#10410000
1!
b10 %
b0 &
1*
b10 .
b0 /
00

#10420000
0!
0*

#10430000
1!
1*
10

#10440000
0!
0*

#10450000
1!
b1 &
1*
b1 /
00

#10460000
0!
0*

#10470000
1!
1*
10

#10480000
0!
0*

#10490000
1!
b10 &
1*
b10 /
00

#10500000
0!
0*

#10510000
1!
1*
10

#10520000
0!
0*

#10530000
1!
b11 &
1*
b11 /
00

#10540000
0!
0*

#10550000
1!
1*
10

#10560000
0!
0*

#10570000
1!
b100 &
1*
b100 /
00

#10580000
0!
0*

#10590000
1!
1*
10

#10600000
0!
0*

#10610000
1!
b101 &
1*
b101 /
00

#10620000
0!
0*

#10630000
1!
1*
10

#10640000
0!
0*

#10650000
1!
b110 &
1*
b110 /
00

#10660000
0!
0*

#10670000
1!
1*
10

#10680000
0!
0*

#10690000
1!
b111 &
1*
b111 /
00

#10700000
0!
0*

#10710000
1!
1*
10

#10720000
0!
0*

#10730000
1!
b1000 &
1*
b1000 /
00

#10740000
0!
0*

#10750000
1!
1*
10

#10760000
0!
0*

#10770000
1!
b1001 &
1*
b1001 /
00

#10780000
0!
0*

#10790000
1!
1*
10

#10800000
0!
0*

#10810000
1!
b11 %
b0 &
1*
b11 .
b0 /
00

#10820000
0!
0*

#10830000
1!
1*
10

#10840000
0!
0*

#10850000
1!
b1 &
1*
b1 /
00

#10860000
0!
0*

#10870000
1!
1*
10

#10880000
0!
0*

#10890000
1!
b10 &
1*
b10 /
00

#10900000
0!
0*

#10910000
1!
1*
10

#10920000
0!
0*

#10930000
1!
b11 &
1*
b11 /
00

#10940000
0!
0*

#10950000
1!
1*
10

#10960000
0!
0*

#10970000
1!
b100 &
1*
b100 /
00

#10980000
0!
0*

#10990000
1!
1*
10

#11000000
0!
0*

#11010000
1!
b101 &
1*
b101 /
00

#11020000
0!
0*

#11030000
1!
1*
10

#11040000
0!
0*

#11050000
1!
b110 &
1*
b110 /
00

#11060000
0!
0*

#11070000
1!
1*
10

#11080000
0!
0*

#11090000
1!
b111 &
1*
b111 /
00

#11100000
0!
0*

#11110000
1!
1*
10

#11120000
0!
0*

#11130000
1!
b1000 &
1*
b1000 /
00

#11140000
0!
0*

#11150000
1!
1*
10

#11160000
0!
0*

#11170000
1!
b1001 &
1*
b1001 /
00

#11180000
0!
0*

#11190000
1!
1*
10

#11200000
0!
0*

#11210000
1!
b100 %
b0 &
1*
b100 .
b0 /
00

#11220000
0!
0*

#11230000
1!
1*
10

#11240000
0!
0*

#11250000
1!
b1 &
1*
b1 /
00

#11260000
0!
0*

#11270000
1!
1*
10

#11280000
0!
0*

#11290000
1!
b10 &
1*
b10 /
00

#11300000
0!
0*

#11310000
1!
1*
10

#11320000
0!
0*

#11330000
1!
b11 &
1*
b11 /
00

#11340000
0!
0*

#11350000
1!
1*
10

#11360000
0!
0*

#11370000
1!
b100 &
1*
b100 /
00

#11380000
0!
0*

#11390000
1!
1*
10

#11400000
0!
0*

#11410000
1!
b101 &
1*
b101 /
00

#11420000
0!
0*

#11430000
1!
1*
10

#11440000
0!
0*

#11450000
1!
b110 &
1*
b110 /
00

#11460000
0!
0*

#11470000
1!
1*
10

#11480000
0!
0*

#11490000
1!
b111 &
1*
b111 /
00

#11500000
0!
0*

#11510000
1!
1*
10

#11520000
0!
0*

#11530000
1!
b1000 &
1*
b1000 /
00

#11540000
0!
0*

#11550000
1!
1*
10

#11560000
0!
0*

#11570000
1!
b1001 &
1*
b1001 /
00

#11580000
0!
0*

#11590000
1!
1*
10

#11600000
0!
0*

#11610000
1!
b101 %
b0 &
1*
b101 .
b0 /
00

#11620000
0!
0*

#11630000
1!
1*
10

#11640000
0!
0*

#11650000
1!
b1 &
1*
b1 /
00

#11660000
0!
0*

#11670000
1!
1*
10

#11680000
0!
0*

#11690000
1!
b10 &
1*
b10 /
00

#11700000
0!
0*

#11710000
1!
1*
10

#11720000
0!
0*

#11730000
1!
b11 &
1*
b11 /
00

#11740000
0!
0*

#11750000
1!
1*
10

#11760000
0!
0*

#11770000
1!
b100 &
1*
b100 /
00

#11780000
0!
0*

#11790000
1!
1*
10

#11800000
0!
0*

#11810000
1!
b101 &
1*
b101 /
00

#11820000
0!
0*

#11830000
1!
1*
10

#11840000
0!
0*

#11850000
1!
b110 &
1*
b110 /
00

#11860000
0!
0*

#11870000
1!
1*
10

#11880000
0!
0*

#11890000
1!
b111 &
1*
b111 /
00

#11900000
0!
0*

#11910000
1!
1*
10

#11920000
0!
0*

#11930000
1!
b1000 &
1*
b1000 /
00

#11940000
0!
0*

#11950000
1!
1*
10

#11960000
0!
0*

#11970000
1!
b1001 &
1*
b1001 /
00

#11980000
0!
0*

#11990000
1!
1*
10

#12000000
0!
0*

#12010000
1!
b101 $
b0 %
b0 &
1*
b101 -
b0 .
b0 /
00

#12020000
0!
0*

#12030000
1!
1*
10

#12040000
0!
0*

#12050000
1!
b1 &
1*
b1 /
00

#12060000
0!
0*

#12070000
1!
1*
10

#12080000
0!
0*

#12090000
1!
b10 &
1*
b10 /
00

#12100000
0!
0*

#12110000
1!
1*
10

#12120000
0!
0*

#12130000
1!
b11 &
1*
b11 /
00

#12140000
0!
0*

#12150000
1!
1*
10

#12160000
0!
0*

#12170000
1!
b100 &
1*
b100 /
00

#12180000
0!
0*

#12190000
1!
1*
10

#12200000
0!
0*

#12210000
1!
b101 &
1*
b101 /
00

#12220000
0!
0*

#12230000
1!
1*
10

#12240000
0!
0*

#12250000
1!
b110 &
1*
b110 /
00

#12260000
0!
0*

#12270000
1!
1*
10

#12280000
0!
0*

#12290000
1!
b111 &
1*
b111 /
00

#12300000
0!
0*

#12310000
1!
1*
10

#12320000
0!
0*

#12330000
1!
b1000 &
1*
b1000 /
00

#12340000
0!
0*

#12350000
1!
1*
10

#12360000
0!
0*

#12370000
1!
b1001 &
1*
b1001 /
00

#12380000
0!
0*

#12390000
1!
1*
10

#12400000
0!
0*

#12410000
1!
b1 %
b0 &
1*
b1 .
b0 /
00

#12420000
0!
0*

#12430000
1!
1*
10

#12440000
0!
0*

#12450000
1!
b1 &
1*
b1 /
00

#12460000
0!
0*

#12470000
1!
1*
10

#12480000
0!
0*

#12490000
1!
b10 &
1*
b10 /
00

#12500000
0!
0*

#12510000
1!
1*
10

#12520000
0!
0*

#12530000
1!
b11 &
1*
b11 /
00

#12540000
0!
0*

#12550000
1!
1*
10

#12560000
0!
0*

#12570000
1!
b100 &
1*
b100 /
00

#12580000
0!
0*

#12590000
1!
1*
10

#12600000
0!
0*

#12610000
1!
b101 &
1*
b101 /
00

#12620000
0!
0*

#12630000
1!
1*
10

#12640000
0!
0*

#12650000
1!
b110 &
1*
b110 /
00

#12660000
0!
0*

#12670000
1!
1*
10

#12680000
0!
0*

#12690000
1!
b111 &
1*
b111 /
00

#12700000
0!
0*

#12710000
1!
1*
10

#12720000
0!
0*

#12730000
1!
b1000 &
1*
b1000 /
00

#12740000
0!
0*

#12750000
1!
1*
10

#12760000
0!
0*

#12770000
1!
b1001 &
1*
b1001 /
00

#12780000
0!
0*

#12790000
1!
1*
10

#12800000
0!
0*

#12810000
1!
b10 %
b0 &
1*
b10 .
b0 /
00

#12820000
0!
0*

#12830000
1!
1*
10

#12840000
0!
0*

#12850000
1!
b1 &
1*
b1 /
00

#12860000
0!
0*

#12870000
1!
1*
10

#12880000
0!
0*

#12890000
1!
b10 &
1*
b10 /
00

#12900000
0!
0*

#12910000
1!
1*
10

#12920000
0!
0*

#12930000
1!
b11 &
1*
b11 /
00

#12940000
0!
0*

#12950000
1!
1*
10

#12960000
0!
0*

#12970000
1!
b100 &
1*
b100 /
00

#12980000
0!
0*

#12990000
1!
1*
10

#13000000
0!
0*

#13010000
1!
b101 &
1*
b101 /
00

#13020000
0!
0*

#13030000
1!
1*
10

#13040000
0!
0*

#13050000
1!
b110 &
1*
b110 /
00

#13060000
0!
0*

#13070000
1!
1*
10

#13080000
0!
0*

#13090000
1!
b111 &
1*
b111 /
00

#13100000
0!
0*

#13110000
1!
1*
10

#13120000
0!
0*

#13130000
1!
b1000 &
1*
b1000 /
00

#13140000
0!
0*

#13150000
1!
1*
10

#13160000
0!
0*

#13170000
1!
b1001 &
1*
b1001 /
00

#13180000
0!
0*

#13190000
1!
1*
10

#13200000
0!
0*

#13210000
1!
b11 %
b0 &
1*
b11 .
b0 /
00

#13220000
0!
0*

#13230000
1!
1*
10

#13240000
0!
0*

#13250000
1!
b1 &
1*
b1 /
00

#13260000
0!
0*

#13270000
1!
1*
10

#13280000
0!
0*

#13290000
1!
b10 &
1*
b10 /
00

#13300000
0!
0*

#13310000
1!
1*
10

#13320000
0!
0*

#13330000
1!
b11 &
1*
b11 /
00

#13340000
0!
0*

#13350000
1!
1*
10

#13360000
0!
0*

#13370000
1!
b100 &
1*
b100 /
00

#13380000
0!
0*

#13390000
1!
1*
10

#13400000
0!
0*

#13410000
1!
b101 &
1*
b101 /
00

#13420000
0!
0*

#13430000
1!
1*
10

#13440000
0!
0*

#13450000
1!
b110 &
1*
b110 /
00

#13460000
0!
0*

#13470000
1!
1*
10

#13480000
0!
0*

#13490000
1!
b111 &
1*
b111 /
00

#13500000
0!
0*

#13510000
1!
1*
10

#13520000
0!
0*

#13530000
1!
b1000 &
1*
b1000 /
00

#13540000
0!
0*

#13550000
1!
1*
10

#13560000
0!
0*

#13570000
1!
b1001 &
1*
b1001 /
00

#13580000
0!
0*

#13590000
1!
1*
10

#13600000
0!
0*

#13610000
1!
b100 %
b0 &
1*
b100 .
b0 /
00

#13620000
0!
0*

#13630000
1!
1*
10

#13640000
0!
0*

#13650000
1!
b1 &
1*
b1 /
00

#13660000
0!
0*

#13670000
1!
1*
10

#13680000
0!
0*

#13690000
1!
b10 &
1*
b10 /
00

#13700000
0!
0*

#13710000
1!
1*
10

#13720000
0!
0*

#13730000
1!
b11 &
1*
b11 /
00

#13740000
0!
0*

#13750000
1!
1*
10

#13760000
0!
0*

#13770000
1!
b100 &
1*
b100 /
00

#13780000
0!
0*

#13790000
1!
1*
10

#13800000
0!
0*

#13810000
1!
b101 &
1*
b101 /
00

#13820000
0!
0*

#13830000
1!
1*
10

#13840000
0!
0*

#13850000
1!
b110 &
1*
b110 /
00

#13860000
0!
0*

#13870000
1!
1*
10

#13880000
0!
0*

#13890000
1!
b111 &
1*
b111 /
00

#13900000
0!
0*

#13910000
1!
1*
10

#13920000
0!
0*

#13930000
1!
b1000 &
1*
b1000 /
00

#13940000
0!
0*

#13950000
1!
1*
10

#13960000
0!
0*

#13970000
1!
b1001 &
1*
b1001 /
00

#13980000
0!
0*

#13990000
1!
1*
10

#14000000
0!
0*

#14010000
1!
b101 %
b0 &
1*
b101 .
b0 /
00

#14020000
0!
0*

#14030000
1!
1*
10

#14040000
0!
0*

#14050000
1!
b1 &
1*
b1 /
00

#14060000
0!
0*

#14070000
1!
1*
10

#14080000
0!
0*

#14090000
1!
b10 &
1*
b10 /
00

#14100000
0!
0*

#14110000
1!
1*
10

#14120000
0!
0*

#14130000
1!
b11 &
1*
b11 /
00

#14140000
0!
0*

#14150000
1!
1*
10

#14160000
0!
0*

#14170000
1!
b100 &
1*
b100 /
00

#14180000
0!
0*

#14190000
1!
1*
10

#14200000
0!
0*

#14210000
1!
b101 &
1*
b101 /
00

#14220000
0!
0*

#14230000
1!
1*
10

#14240000
0!
0*

#14250000
1!
b110 &
1*
b110 /
00

#14260000
0!
0*

#14270000
1!
1*
10

#14280000
0!
0*

#14290000
1!
b111 &
1*
b111 /
00

#14300000
0!
0*

#14310000
1!
1*
10

#14320000
0!
0*

#14330000
1!
b1000 &
1*
b1000 /
00

#14340000
0!
0*

#14350000
1!
1*
10

#14360000
0!
0*

#14370000
1!
b1001 &
1*
b1001 /
00

#14380000
0!
0*

#14390000
1!
1*
10

#14400000
0!
0*

#14410000
1!
b110 $
b0 %
b0 &
1*
b110 -
b0 .
b0 /
00

#14420000
0!
0*

#14430000
1!
1*
10

#14440000
0!
0*

#14450000
1!
b1 &
1*
b1 /
00

#14460000
0!
0*

#14470000
1!
1*
10

#14480000
0!
0*

#14490000
1!
b10 &
1*
b10 /
00

#14500000
0!
0*

#14510000
1!
1*
10

#14520000
0!
0*

#14530000
1!
b11 &
1*
b11 /
00

#14540000
0!
0*

#14550000
1!
1*
10

#14560000
0!
0*

#14570000
1!
b100 &
1*
b100 /
00

#14580000
0!
0*

#14590000
1!
1*
10

#14600000
0!
0*

#14610000
1!
b101 &
1*
b101 /
00

#14620000
0!
0*

#14630000
1!
1*
10

#14640000
0!
0*

#14650000
1!
b110 &
1*
b110 /
00

#14660000
0!
0*

#14670000
1!
1*
10

#14680000
0!
0*

#14690000
1!
b111 &
1*
b111 /
00

#14700000
0!
0*

#14710000
1!
1*
10

#14720000
0!
0*

#14730000
1!
b1000 &
1*
b1000 /
00

#14740000
0!
0*

#14750000
1!
1*
10

#14760000
0!
0*

#14770000
1!
b1001 &
1*
b1001 /
00

#14780000
0!
0*

#14790000
1!
1*
10

#14800000
0!
0*

#14810000
1!
b1 %
b0 &
1*
b1 .
b0 /
00

#14820000
0!
0*

#14830000
1!
1*
10

#14840000
0!
0*

#14850000
1!
b1 &
1*
b1 /
00

#14860000
0!
0*

#14870000
1!
1*
10

#14880000
0!
0*

#14890000
1!
b10 &
1*
b10 /
00

#14900000
0!
0*

#14910000
1!
1*
10

#14920000
0!
0*

#14930000
1!
b11 &
1*
b11 /
00

#14940000
0!
0*

#14950000
1!
1*
10

#14960000
0!
0*

#14970000
1!
b100 &
1*
b100 /
00

#14980000
0!
0*

#14990000
1!
1*
10

#15000000
0!
0*

#15010000
1!
b101 &
1*
b101 /
00

#15020000
0!
0*

#15030000
1!
1*
10

#15040000
0!
0*

#15050000
1!
b110 &
1*
b110 /
00

#15060000
0!
0*

#15070000
1!
1*
10

#15080000
0!
0*

#15090000
1!
b111 &
1*
b111 /
00

#15100000
0!
0*

#15110000
1!
1*
10

#15120000
0!
0*

#15130000
1!
b1000 &
1*
b1000 /
00

#15140000
0!
0*

#15150000
1!
1*
10

#15160000
0!
0*

#15170000
1!
b1001 &
1*
b1001 /
00

#15180000
0!
0*

#15190000
1!
1*
10

#15200000
0!
0*

#15210000
1!
b10 %
b0 &
1*
b10 .
b0 /
00

#15220000
0!
0*

#15230000
1!
1*
10

#15240000
0!
0*

#15250000
1!
b1 &
1*
b1 /
00

#15260000
0!
0*

#15270000
1!
1*
10

#15280000
0!
0*

#15290000
1!
b10 &
1*
b10 /
00

#15300000
0!
0*

#15310000
1!
1*
10

#15320000
0!
0*

#15330000
1!
b11 &
1*
b11 /
00

#15340000
0!
0*

#15350000
1!
1*
10

#15360000
0!
0*

#15370000
1!
b100 &
1*
b100 /
00

#15380000
0!
0*

#15390000
1!
1*
10

#15400000
0!
0*

#15410000
1!
b101 &
1*
b101 /
00

#15420000
0!
0*

#15430000
1!
1*
10

#15440000
0!
0*

#15450000
1!
b110 &
1*
b110 /
00

#15460000
0!
0*

#15470000
1!
1*
10

#15480000
0!
0*

#15490000
1!
b111 &
1*
b111 /
00

#15500000
0!
0*

#15510000
1!
1*
10

#15520000
0!
0*

#15530000
1!
b1000 &
1*
b1000 /
00

#15540000
0!
0*

#15550000
1!
1*
10

#15560000
0!
0*

#15570000
1!
b1001 &
1*
b1001 /
00

#15580000
0!
0*

#15590000
1!
1*
10

#15600000
0!
0*

#15610000
1!
b11 %
b0 &
1*
b11 .
b0 /
00

#15620000
0!
0*

#15630000
1!
1*
10

#15640000
0!
0*

#15650000
1!
b1 &
1*
b1 /
00

#15660000
0!
0*

#15670000
1!
1*
10

#15680000
0!
0*

#15690000
1!
b10 &
1*
b10 /
00

#15700000
0!
0*

#15710000
1!
1*
10

#15720000
0!
0*

#15730000
1!
b11 &
1*
b11 /
00

#15740000
0!
0*

#15750000
1!
1*
10

#15760000
0!
0*

#15770000
1!
b100 &
1*
b100 /
00

#15780000
0!
0*

#15790000
1!
1*
10

#15800000
0!
0*

#15810000
1!
b101 &
1*
b101 /
00

#15820000
0!
0*

#15830000
1!
1*
10

#15840000
0!
0*

#15850000
1!
b110 &
1*
b110 /
00

#15860000
0!
0*

#15870000
1!
1*
10

#15880000
0!
0*

#15890000
1!
b111 &
1*
b111 /
00

#15900000
0!
0*

#15910000
1!
1*
10

#15920000
0!
0*

#15930000
1!
b1000 &
1*
b1000 /
00

#15940000
0!
0*

#15950000
1!
1*
10

#15960000
0!
0*

#15970000
1!
b1001 &
1*
b1001 /
00

#15980000
0!
0*

#15990000
1!
1*
10

#16000000
0!
0*

#16010000
1!
b100 %
b0 &
1*
b100 .
b0 /
00

#16020000
0!
0*

#16030000
1!
1*
10

#16040000
0!
0*

#16050000
1!
b1 &
1*
b1 /
00

#16060000
0!
0*

#16070000
1!
1*
10

#16080000
0!
0*

#16090000
1!
b10 &
1*
b10 /
00

#16100000
0!
0*

#16110000
1!
1*
10

#16120000
0!
0*

#16130000
1!
b11 &
1*
b11 /
00

#16140000
0!
0*

#16150000
1!
1*
10

#16160000
0!
0*

#16170000
1!
b100 &
1*
b100 /
00

#16180000
0!
0*

#16190000
1!
1*
10

#16200000
0!
0*

#16210000
1!
b101 &
1*
b101 /
00

#16220000
0!
0*

#16230000
1!
1*
10

#16240000
0!
0*

#16250000
1!
b110 &
1*
b110 /
00

#16260000
0!
0*

#16270000
1!
1*
10

#16280000
0!
0*

#16290000
1!
b111 &
1*
b111 /
00

#16300000
0!
0*

#16310000
1!
1*
10

#16320000
0!
0*

#16330000
1!
b1000 &
1*
b1000 /
00

#16340000
0!
0*

#16350000
1!
1*
10

#16360000
0!
0*

#16370000
1!
b1001 &
1*
b1001 /
00

#16380000
0!
0*

#16390000
1!
1*
10

#16400000
0!
0*

#16410000
1!
b101 %
b0 &
1*
b101 .
b0 /
00

#16420000
0!
0*

#16430000
1!
1*
10

#16440000
0!
0*

#16450000
1!
b1 &
1*
b1 /
00

#16460000
0!
0*

#16470000
1!
1*
10

#16480000
0!
0*

#16490000
1!
b10 &
1*
b10 /
00

#16500000
0!
0*

#16510000
1!
1*
10

#16520000
0!
0*

#16530000
1!
b11 &
1*
b11 /
00

#16540000
0!
0*

#16550000
1!
1*
10

#16560000
0!
0*

#16570000
1!
b100 &
1*
b100 /
00

#16580000
0!
0*

#16590000
1!
1*
10

#16600000
0!
0*

#16610000
1!
b101 &
1*
b101 /
00

#16620000
0!
0*

#16630000
1!
1*
10

#16640000
0!
0*

#16650000
1!
b110 &
1*
b110 /
00

#16660000
0!
0*

#16670000
1!
1*
10

#16680000
0!
0*

#16690000
1!
b111 &
1*
b111 /
00

#16700000
0!
0*

#16710000
1!
1*
10

#16720000
0!
0*

#16730000
1!
b1000 &
1*
b1000 /
00

#16740000
0!
0*

#16750000
1!
1*
10

#16760000
0!
0*

#16770000
1!
b1001 &
1*
b1001 /
00

#16780000
0!
0*

#16790000
1!
1*
10

#16800000
0!
0*

#16810000
1!
b111 $
b0 %
b0 &
1*
b111 -
b0 .
b0 /
00

#16820000
0!
0*

#16830000
1!
1*
10

#16840000
0!
0*

#16850000
1!
b1 &
1*
b1 /
00

#16860000
0!
0*

#16870000
1!
1*
10

#16880000
0!
0*

#16890000
1!
b10 &
1*
b10 /
00

#16900000
0!
0*

#16910000
1!
1*
10

#16920000
0!
0*

#16930000
1!
b11 &
1*
b11 /
00

#16940000
0!
0*

#16950000
1!
1*
10

#16960000
0!
0*

#16970000
1!
b100 &
1*
b100 /
00

#16980000
0!
0*

#16990000
1!
1*
10

#17000000
0!
0*

#17010000
1!
b101 &
1*
b101 /
00

#17020000
0!
0*

#17030000
1!
1*
10

#17040000
0!
0*

#17050000
1!
b110 &
1*
b110 /
00

#17060000
0!
0*

#17070000
1!
1*
10

#17080000
0!
0*

#17090000
1!
b111 &
1*
b111 /
00

#17100000
0!
0*

#17110000
1!
1*
10

#17120000
0!
0*

#17130000
1!
b1000 &
1*
b1000 /
00

#17140000
0!
0*

#17150000
1!
1*
10

#17160000
0!
0*

#17170000
1!
b1001 &
1*
b1001 /
00

#17180000
0!
0*

#17190000
1!
1*
10

#17200000
0!
0*

#17210000
1!
b1 %
b0 &
1*
b1 .
b0 /
00

#17220000
0!
0*

#17230000
1!
1*
10

#17240000
0!
0*

#17250000
1!
b1 &
1*
b1 /
00

#17260000
0!
0*

#17270000
1!
1*
10

#17280000
0!
0*

#17290000
1!
b10 &
1*
b10 /
00

#17300000
0!
0*

#17310000
1!
1*
10

#17320000
0!
0*

#17330000
1!
b11 &
1*
b11 /
00

#17340000
0!
0*

#17350000
1!
1*
10

#17360000
0!
0*

#17370000
1!
b100 &
1*
b100 /
00

#17380000
0!
0*

#17390000
1!
1*
10

#17400000
0!
0*

#17410000
1!
b101 &
1*
b101 /
00

#17420000
0!
0*

#17430000
1!
1*
10

#17440000
0!
0*

#17450000
1!
b110 &
1*
b110 /
00

#17460000
0!
0*

#17470000
1!
1*
10

#17480000
0!
0*

#17490000
1!
b111 &
1*
b111 /
00

#17500000
0!
0*

#17510000
1!
1*
10

#17520000
0!
0*

#17530000
1!
b1000 &
1*
b1000 /
00

#17540000
0!
0*

#17550000
1!
1*
10

#17560000
0!
0*

#17570000
1!
b1001 &
1*
b1001 /
00

#17580000
0!
0*

#17590000
1!
1*
10

#17600000
0!
0*

#17610000
1!
b10 %
b0 &
1*
b10 .
b0 /
00

#17620000
0!
0*

#17630000
1!
1*
10

#17640000
0!
0*

#17650000
1!
b1 &
1*
b1 /
00

#17660000
0!
0*

#17670000
1!
1*
10

#17680000
0!
0*

#17690000
1!
b10 &
1*
b10 /
00

#17700000
0!
0*

#17710000
1!
1*
10

#17720000
0!
0*

#17730000
1!
b11 &
1*
b11 /
00

#17740000
0!
0*

#17750000
1!
1*
10

#17760000
0!
0*

#17770000
1!
b100 &
1*
b100 /
00

#17780000
0!
0*

#17790000
1!
1*
10

#17800000
0!
0*

#17810000
1!
b101 &
1*
b101 /
00

#17820000
0!
0*

#17830000
1!
1*
10

#17840000
0!
0*

#17850000
1!
b110 &
1*
b110 /
00

#17860000
0!
0*

#17870000
1!
1*
10

#17880000
0!
0*

#17890000
1!
b111 &
1*
b111 /
00

#17900000
0!
0*

#17910000
1!
1*
10

#17920000
0!
0*

#17930000
1!
b1000 &
1*
b1000 /
00

#17940000
0!
0*

#17950000
1!
1*
10

#17960000
0!
0*

#17970000
1!
b1001 &
1*
b1001 /
00

#17980000
0!
0*

#17990000
1!
1*
10

#18000000
0!
0*

#18010000
1!
b11 %
b0 &
1*
b11 .
b0 /
00

#18020000
0!
0*

#18030000
1!
1*
10

#18040000
0!
0*

#18050000
1!
b1 &
1*
b1 /
00

#18060000
0!
0*

#18070000
1!
1*
10

#18080000
0!
0*

#18090000
1!
b10 &
1*
b10 /
00

#18100000
0!
0*

#18110000
1!
1*
10

#18120000
0!
0*

#18130000
1!
b11 &
1*
b11 /
00

#18140000
0!
0*

#18150000
1!
1*
10

#18160000
0!
0*

#18170000
1!
b100 &
1*
b100 /
00

#18180000
0!
0*

#18190000
1!
1*
10

#18200000
0!
0*

#18210000
1!
b101 &
1*
b101 /
00

#18220000
0!
0*

#18230000
1!
1*
10

#18240000
0!
0*

#18250000
1!
b110 &
1*
b110 /
00

#18260000
0!
0*

#18270000
1!
1*
10

#18280000
0!
0*

#18290000
1!
b111 &
1*
b111 /
00

#18300000
0!
0*

#18310000
1!
1*
10

#18320000
0!
0*

#18330000
1!
b1000 &
1*
b1000 /
00

#18340000
0!
0*

#18350000
1!
1*
10

#18360000
0!
0*

#18370000
1!
b1001 &
1*
b1001 /
00

#18380000
0!
0*

#18390000
1!
1*
10

#18400000
0!
0*

#18410000
1!
b100 %
b0 &
1*
b100 .
b0 /
00

#18420000
0!
0*

#18430000
1!
1*
10

#18440000
0!
0*

#18450000
1!
b1 &
1*
b1 /
00

#18460000
0!
0*

#18470000
1!
1*
10

#18480000
0!
0*

#18490000
1!
b10 &
1*
b10 /
00

#18500000
0!
0*

#18510000
1!
1*
10

#18520000
0!
0*

#18530000
1!
b11 &
1*
b11 /
00

#18540000
0!
0*

#18550000
1!
1*
10

#18560000
0!
0*

#18570000
1!
b100 &
1*
b100 /
00

#18580000
0!
0*

#18590000
1!
1*
10

#18600000
0!
0*

#18610000
1!
b101 &
1*
b101 /
00

#18620000
0!
0*

#18630000
1!
1*
10

#18640000
0!
0*

#18650000
1!
b110 &
1*
b110 /
00

#18660000
0!
0*

#18670000
1!
1*
10

#18680000
0!
0*

#18690000
1!
b111 &
1*
b111 /
00

#18700000
0!
0*

#18710000
1!
1*
10

#18720000
0!
0*

#18730000
1!
b1000 &
1*
b1000 /
00

#18740000
0!
0*

#18750000
1!
1*
10

#18760000
0!
0*

#18770000
1!
b1001 &
1*
b1001 /
00

#18780000
0!
0*

#18790000
1!
1*
10

#18800000
0!
0*

#18810000
1!
b101 %
b0 &
1*
b101 .
b0 /
00

#18820000
0!
0*

#18830000
1!
1*
10

#18840000
0!
0*

#18850000
1!
b1 &
1*
b1 /
00

#18860000
0!
0*

#18870000
1!
1*
10

#18880000
0!
0*

#18890000
1!
b10 &
1*
b10 /
00

#18900000
0!
0*

#18910000
1!
1*
10

#18920000
0!
0*

#18930000
1!
b11 &
1*
b11 /
00

#18940000
0!
0*

#18950000
1!
1*
10

#18960000
0!
0*

#18970000
1!
b100 &
1*
b100 /
00

#18980000
0!
0*

#18990000
1!
1*
10

#19000000
0!
0*

#19010000
1!
b101 &
1*
b101 /
00

#19020000
0!
0*

#19030000
1!
1*
10

#19040000
0!
0*

#19050000
1!
b110 &
1*
b110 /
00

#19060000
0!
0*

#19070000
1!
1*
10

#19080000
0!
0*

#19090000
1!
b111 &
1*
b111 /
00

#19100000
0!
0*

#19110000
1!
1*
10

#19120000
0!
0*

#19130000
1!
b1000 &
1*
b1000 /
00

#19140000
0!
0*

#19150000
1!
1*
10

#19160000
0!
0*

#19170000
1!
b1001 &
1*
b1001 /
00

#19180000
0!
0*

#19190000
1!
1*
10

#19200000
0!
0*

#19210000
1!
b1000 $
b0 %
b0 &
1*
b1000 -
b0 .
b0 /
00

#19220000
0!
0*

#19230000
1!
1*
10

#19240000
0!
0*

#19250000
1!
b1 &
1*
b1 /
00

#19260000
0!
0*

#19270000
1!
1*
10

#19280000
0!
0*

#19290000
1!
b10 &
1*
b10 /
00

#19300000
0!
0*

#19310000
1!
1*
10

#19320000
0!
0*

#19330000
1!
b11 &
1*
b11 /
00

#19340000
0!
0*

#19350000
1!
1*
10

#19360000
0!
0*

#19370000
1!
b100 &
1*
b100 /
00

#19380000
0!
0*

#19390000
1!
1*
10

#19400000
0!
0*

#19410000
1!
b101 &
1*
b101 /
00

#19420000
0!
0*

#19430000
1!
1*
10

#19440000
0!
0*

#19450000
1!
b110 &
1*
b110 /
00

#19460000
0!
0*

#19470000
1!
1*
10

#19480000
0!
0*

#19490000
1!
b111 &
1*
b111 /
00

#19500000
0!
0*

#19510000
1!
1*
10

#19520000
0!
0*

#19530000
1!
b1000 &
1*
b1000 /
00

#19540000
0!
0*

#19550000
1!
1*
10

#19560000
0!
0*

#19570000
1!
b1001 &
1*
b1001 /
00

#19580000
0!
0*

#19590000
1!
1*
10

#19600000
0!
0*

#19610000
1!
b1 %
b0 &
1*
b1 .
b0 /
00

#19620000
0!
0*

#19630000
1!
1*
10

#19640000
0!
0*

#19650000
1!
b1 &
1*
b1 /
00

#19660000
0!
0*

#19670000
1!
1*
10

#19680000
0!
0*

#19690000
1!
b10 &
1*
b10 /
00

#19700000
0!
0*

#19710000
1!
1*
10

#19720000
0!
0*

#19730000
1!
b11 &
1*
b11 /
00

#19740000
0!
0*

#19750000
1!
1*
10

#19760000
0!
0*

#19770000
1!
b100 &
1*
b100 /
00

#19780000
0!
0*

#19790000
1!
1*
10

#19800000
0!
0*

#19810000
1!
b101 &
1*
b101 /
00

#19820000
0!
0*

#19830000
1!
1*
10

#19840000
0!
0*

#19850000
1!
b110 &
1*
b110 /
00

#19860000
0!
0*

#19870000
1!
1*
10

#19880000
0!
0*

#19890000
1!
b111 &
1*
b111 /
00

#19900000
0!
0*

#19910000
1!
1*
10

#19920000
0!
0*

#19930000
1!
b1000 &
1*
b1000 /
00

#19940000
0!
0*

#19950000
1!
1*
10

#19960000
0!
0*

#19970000
1!
b1001 &
1*
b1001 /
00

#19980000
0!
0*

#19990000
1!
1*
10

#20000000
0!
0*

#20010000
1!
b10 %
b0 &
1*
b10 .
b0 /
00

#20020000
0!
0*

#20030000
1!
1*
10

#20040000
0!
0*

#20050000
1!
b1 &
1*
b1 /
00

#20060000
0!
0*

#20070000
1!
1*
10

#20080000
0!
0*

#20090000
1!
b10 &
1*
b10 /
00

#20100000
0!
0*

#20110000
1!
1*
10

#20120000
0!
0*

#20130000
1!
b11 &
1*
b11 /
00

#20140000
0!
0*

#20150000
1!
1*
10

#20160000
0!
0*

#20170000
1!
b100 &
1*
b100 /
00

#20180000
0!
0*

#20190000
1!
1*
10

#20200000
0!
0*

#20210000
1!
b101 &
1*
b101 /
00

#20220000
0!
0*

#20230000
1!
1*
10

#20240000
0!
0*

#20250000
1!
b110 &
1*
b110 /
00

#20260000
0!
0*

#20270000
1!
1*
10

#20280000
0!
0*

#20290000
1!
b111 &
1*
b111 /
00

#20300000
0!
0*

#20310000
1!
1*
10

#20320000
0!
0*

#20330000
1!
b1000 &
1*
b1000 /
00

#20340000
0!
0*

#20350000
1!
1*
10

#20360000
0!
0*

#20370000
1!
b1001 &
1*
b1001 /
00

#20380000
0!
0*

#20390000
1!
1*
10

#20400000
0!
0*

#20410000
1!
b11 %
b0 &
1*
b11 .
b0 /
00

#20420000
0!
0*

#20430000
1!
1*
10

#20440000
0!
0*

#20450000
1!
b1 &
1*
b1 /
00

#20460000
0!
0*

#20470000
1!
1*
10

#20480000
0!
0*

#20490000
1!
b10 &
1*
b10 /
00

#20500000
0!
0*

#20510000
1!
1*
10

#20520000
0!
0*

#20530000
1!
b11 &
1*
b11 /
00

#20540000
0!
0*

#20550000
1!
1*
10

#20560000
0!
0*

#20570000
1!
b100 &
1*
b100 /
00

#20580000
0!
0*

#20590000
1!
1*
10

#20600000
0!
0*

#20610000
1!
b101 &
1*
b101 /
00

#20620000
0!
0*

#20630000
1!
1*
10

#20640000
0!
0*

#20650000
1!
b110 &
1*
b110 /
00

#20660000
0!
0*

#20670000
1!
1*
10

#20680000
0!
0*

#20690000
1!
b111 &
1*
b111 /
00

#20700000
0!
0*

#20710000
1!
1*
10

#20720000
0!
0*

#20730000
1!
b1000 &
1*
b1000 /
00

#20740000
0!
0*

#20750000
1!
1*
10

#20760000
0!
0*

#20770000
1!
b1001 &
1*
b1001 /
00

#20780000
0!
0*

#20790000
1!
1*
10

#20800000
0!
0*

#20810000
1!
b100 %
b0 &
1*
b100 .
b0 /
00

#20820000
0!
0*

#20830000
1!
1*
10

#20840000
0!
0*

#20850000
1!
b1 &
1*
b1 /
00

#20860000
0!
0*

#20870000
1!
1*
10

#20880000
0!
0*

#20890000
1!
b10 &
1*
b10 /
00

#20900000
0!
0*

#20910000
1!
1*
10

#20920000
0!
0*

#20930000
1!
b11 &
1*
b11 /
00

#20940000
0!
0*

#20950000
1!
1*
10

#20960000
0!
0*

#20970000
1!
b100 &
1*
b100 /
00

#20980000
0!
0*

#20990000
1!
1*
10

#21000000
0!
0*

#21010000
1!
b101 &
1*
b101 /
00

#21020000
0!
0*

#21030000
1!
1*
10

#21040000
0!
0*

#21050000
1!
b110 &
1*
b110 /
00

#21060000
0!
0*

#21070000
1!
1*
10

#21080000
0!
0*

#21090000
1!
b111 &
1*
b111 /
00

#21100000
0!
0*

#21110000
1!
1*
10

#21120000
0!
0*

#21130000
1!
b1000 &
1*
b1000 /
00

#21140000
0!
0*

#21150000
1!
1*
10

#21160000
0!
0*

#21170000
1!
b1001 &
1*
b1001 /
00

#21180000
0!
0*

#21190000
1!
1*
10

#21200000
0!
0*

#21210000
1!
b101 %
b0 &
1*
b101 .
b0 /
00

#21220000
0!
0*

#21230000
1!
1*
10

#21240000
0!
0*

#21250000
1!
b1 &
1*
b1 /
00

#21260000
0!
0*

#21270000
1!
1*
10

#21280000
0!
0*

#21290000
1!
b10 &
1*
b10 /
00

#21300000
0!
0*

#21310000
1!
1*
10

#21320000
0!
0*

#21330000
1!
b11 &
1*
b11 /
00

#21340000
0!
0*

#21350000
1!
1*
10

#21360000
0!
0*

#21370000
1!
b100 &
1*
b100 /
00

#21380000
0!
0*

#21390000
1!
1*
10

#21400000
0!
0*

#21410000
1!
b101 &
1*
b101 /
00

#21420000
0!
0*

#21430000
1!
1*
10

#21440000
0!
0*

#21450000
1!
b110 &
1*
b110 /
00

#21460000
0!
0*

#21470000
1!
1*
10

#21480000
0!
0*

#21490000
1!
b111 &
1*
b111 /
00

#21500000
0!
0*

#21510000
1!
1*
10

#21520000
0!
0*

#21530000
1!
b1000 &
1*
b1000 /
00

#21540000
0!
0*

#21550000
1!
1*
10

#21560000
0!
0*

#21570000
1!
b1001 &
1*
b1001 /
00

#21580000
0!
0*

#21590000
1!
1*
10

#21600000
0!
0*

#21610000
1!
b1001 $
b0 %
b0 &
1*
b1001 -
b0 .
b0 /
00

#21620000
0!
0*

#21630000
1!
1*
10

#21640000
0!
0*

#21650000
1!
b1 &
1*
b1 /
00

#21660000
0!
0*

#21670000
1!
1*
10

#21680000
0!
0*

#21690000
1!
b10 &
1*
b10 /
00

#21700000
0!
0*

#21710000
1!
1*
10

#21720000
0!
0*

#21730000
1!
b11 &
1*
b11 /
00

#21740000
0!
0*

#21750000
1!
1*
10

#21760000
0!
0*

#21770000
1!
b100 &
1*
b100 /
00

#21780000
0!
0*

#21790000
1!
1*
10

#21800000
0!
0*

#21810000
1!
b101 &
1*
b101 /
00

#21820000
0!
0*

#21830000
1!
1*
10

#21840000
0!
0*

#21850000
1!
b110 &
1*
b110 /
00

#21860000
0!
0*

#21870000
1!
1*
10

#21880000
0!
0*

#21890000
1!
b111 &
1*
b111 /
00

#21900000
0!
0*

#21910000
1!
1*
10

#21920000
0!
0*

#21930000
1!
b1000 &
1*
b1000 /
00

#21940000
0!
0*

#21950000
1!
1*
10

#21960000
0!
0*

#21970000
1!
b1001 &
1*
b1001 /
00

#21980000
0!
0*

#21990000
1!
1*
10

#22000000
0!
0*

#22010000
1!
b1 %
b0 &
1*
b1 .
b0 /
00

#22020000
0!
0*

#22030000
1!
1*
10

#22040000
0!
0*

#22050000
1!
b1 &
1*
b1 /
00

#22060000
0!
0*

#22070000
1!
1*
10

#22080000
0!
0*

#22090000
1!
b10 &
1*
b10 /
00

#22100000
0!
0*

#22110000
1!
1*
10

#22120000
0!
0*

#22130000
1!
b11 &
1*
b11 /
00

#22140000
0!
0*

#22150000
1!
1*
10

#22160000
0!
0*

#22170000
1!
b100 &
1*
b100 /
00

#22180000
0!
0*

#22190000
1!
1*
10

#22200000
0!
0*

#22210000
1!
b101 &
1*
b101 /
00

#22220000
0!
0*

#22230000
1!
1*
10

#22240000
0!
0*

#22250000
1!
b110 &
1*
b110 /
00

#22260000
0!
0*

#22270000
1!
1*
10

#22280000
0!
0*

#22290000
1!
b111 &
1*
b111 /
00

#22300000
0!
0*

#22310000
1!
1*
10

#22320000
0!
0*

#22330000
1!
b1000 &
1*
b1000 /
00

#22340000
0!
0*

#22350000
1!
1*
10

#22360000
0!
0*

#22370000
1!
b1001 &
1*
b1001 /
00

#22380000
0!
0*

#22390000
1!
1*
10

#22400000
0!
0*

#22410000
1!
b10 %
b0 &
1*
b10 .
b0 /
00

#22420000
0!
0*

#22430000
1!
1*
10

#22440000
0!
0*

#22450000
1!
b1 &
1*
b1 /
00

#22460000
0!
0*

#22470000
1!
1*
10

#22480000
0!
0*

#22490000
1!
b10 &
1*
b10 /
00

#22500000
0!
0*

#22510000
1!
1*
10

#22520000
0!
0*

#22530000
1!
b11 &
1*
b11 /
00

#22540000
0!
0*

#22550000
1!
1*
10

#22560000
0!
0*

#22570000
1!
b100 &
1*
b100 /
00

#22580000
0!
0*

#22590000
1!
1*
10

#22600000
0!
0*

#22610000
1!
b101 &
1*
b101 /
00

#22620000
0!
0*

#22630000
1!
1*
10

#22640000
0!
0*

#22650000
1!
b110 &
1*
b110 /
00

#22660000
0!
0*

#22670000
1!
1*
10

#22680000
0!
0*

#22690000
1!
b111 &
1*
b111 /
00

#22700000
0!
0*

#22710000
1!
1*
10

#22720000
0!
0*

#22730000
1!
b1000 &
1*
b1000 /
00

#22740000
0!
0*

#22750000
1!
1*
10

#22760000
0!
0*

#22770000
1!
b1001 &
1*
b1001 /
00

#22780000
0!
0*

#22790000
1!
1*
10

#22800000
0!
0*

#22810000
1!
b11 %
b0 &
1*
b11 .
b0 /
00

#22820000
0!
0*

#22830000
1!
1*
10

#22840000
0!
0*

#22850000
1!
b1 &
1*
b1 /
00

#22860000
0!
0*

#22870000
1!
1*
10

#22880000
0!
0*

#22890000
1!
b10 &
1*
b10 /
00

#22900000
0!
0*

#22910000
1!
1*
10

#22920000
0!
0*

#22930000
1!
b11 &
1*
b11 /
00

#22940000
0!
0*

#22950000
1!
1*
10

#22960000
0!
0*

#22970000
1!
b100 &
1*
b100 /
00

#22980000
0!
0*

#22990000
1!
1*
10

#23000000
0!
0*

#23010000
1!
b101 &
1*
b101 /
00

#23020000
0!
0*

#23030000
1!
1*
10

#23040000
0!
0*

#23050000
1!
b110 &
1*
b110 /
00

#23060000
0!
0*

#23070000
1!
1*
10

#23080000
0!
0*

#23090000
1!
b111 &
1*
b111 /
00

#23100000
0!
0*

#23110000
1!
1*
10

#23120000
0!
0*

#23130000
1!
b1000 &
1*
b1000 /
00

#23140000
0!
0*

#23150000
1!
1*
10

#23160000
0!
0*

#23170000
1!
b1001 &
1*
b1001 /
00

#23180000
0!
0*

#23190000
1!
1*
10

#23200000
0!
0*

#23210000
1!
b100 %
b0 &
1*
b100 .
b0 /
00

#23220000
0!
0*

#23230000
1!
1*
10

#23240000
0!
0*

#23250000
1!
b1 &
1*
b1 /
00

#23260000
0!
0*

#23270000
1!
1*
10

#23280000
0!
0*

#23290000
1!
b10 &
1*
b10 /
00

#23300000
0!
0*

#23310000
1!
1*
10

#23320000
0!
0*

#23330000
1!
b11 &
1*
b11 /
00

#23340000
0!
0*

#23350000
1!
1*
10

#23360000
0!
0*

#23370000
1!
b100 &
1*
b100 /
00

#23380000
0!
0*

#23390000
1!
1*
10

#23400000
0!
0*

#23410000
1!
b101 &
1*
b101 /
00

#23420000
0!
0*

#23430000
1!
1*
10

#23440000
0!
0*

#23450000
1!
b110 &
1*
b110 /
00

#23460000
0!
0*

#23470000
1!
1*
10

#23480000
0!
0*

#23490000
1!
b111 &
1*
b111 /
00

#23500000
0!
0*

#23510000
1!
1*
10

#23520000
0!
0*

#23530000
1!
b1000 &
1*
b1000 /
00

#23540000
0!
0*

#23550000
1!
1*
10

#23560000
0!
0*

#23570000
1!
b1001 &
1*
b1001 /
00

#23580000
0!
0*

#23590000
1!
1*
10

#23600000
0!
0*

#23610000
1!
b101 %
b0 &
1*
b101 .
b0 /
00

#23620000
0!
0*

#23630000
1!
1*
10

#23640000
0!
0*

#23650000
1!
b1 &
1*
b1 /
00

#23660000
0!
0*

#23670000
1!
1*
10

#23680000
0!
0*

#23690000
1!
b10 &
1*
b10 /
00

#23700000
0!
0*

#23710000
1!
1*
10

#23720000
0!
0*

#23730000
1!
b11 &
1*
b11 /
00

#23740000
0!
0*

#23750000
1!
1*
10

#23760000
0!
0*

#23770000
1!
b100 &
1*
b100 /
00

#23780000
0!
0*

#23790000
1!
1*
10

#23800000
0!
0*

#23810000
1!
b101 &
1*
b101 /
00

#23820000
0!
0*

#23830000
1!
1*
10

#23840000
0!
0*

#23850000
1!
b110 &
1*
b110 /
00

#23860000
0!
0*

#23870000
1!
1*
10

#23880000
0!
0*

#23890000
1!
b111 &
1*
b111 /
00

#23900000
0!
0*

#23910000
1!
1*
10

#23920000
0!
0*

#23930000
1!
b1000 &
1*
b1000 /
00

#23940000
0!
0*

#23950000
1!
1*
10

#23960000
0!
0*

#23970000
1!
b1001 &
1*
b1001 /
00

#23980000
0!
0*

#23990000
1!
1*
10

#24000000
0!
0*

#24010000
1!
b1 #
b0 $
b0 %
b0 &
1*
b1 ,
b0 -
b0 .
b0 /
00

#24020000
0!
0*

#24030000
1!
1*
10

#24040000
0!
0*

#24050000
1!
b1 &
1*
b1 /
00

#24060000
0!
0*

#24070000
1!
1*
10

#24080000
0!
0*

#24090000
1!
b10 &
1*
b10 /
00

#24100000
0!
0*

#24110000
1!
1*
10

#24120000
0!
0*

#24130000
1!
b11 &
1*
b11 /
00

#24140000
0!
0*

#24150000
1!
1*
10

#24160000
0!
0*

#24170000
1!
b100 &
1*
b100 /
00

#24180000
0!
0*

#24190000
1!
1*
10

#24200000
0!
0*

#24210000
1!
b101 &
1*
b101 /
00

#24220000
0!
0*

#24230000
1!
1*
10

#24240000
0!
0*

#24250000
1!
b110 &
1*
b110 /
00

#24260000
0!
0*

#24270000
1!
1*
10

#24280000
0!
0*

#24290000
1!
b111 &
1*
b111 /
00

#24300000
0!
0*

#24310000
1!
1*
10

#24320000
0!
0*

#24330000
1!
b1000 &
1*
b1000 /
00

#24340000
0!
0*

#24350000
1!
1*
10

#24360000
0!
0*

#24370000
1!
b1001 &
1*
b1001 /
00

#24380000
0!
0*

#24390000
1!
1*
10

#24400000
0!
0*

#24410000
1!
b1 %
b0 &
1*
b1 .
b0 /
00

#24420000
0!
0*

#24430000
1!
1*
10

#24440000
0!
0*

#24450000
1!
b1 &
1*
b1 /
00

#24460000
0!
0*

#24470000
1!
1*
10

#24480000
0!
0*

#24490000
1!
b10 &
1*
b10 /
00

#24500000
0!
0*

#24510000
1!
1*
10

#24520000
0!
0*

#24530000
1!
b11 &
1*
b11 /
00

#24540000
0!
0*

#24550000
1!
1*
10

#24560000
0!
0*

#24570000
1!
b100 &
1*
b100 /
00

#24580000
0!
0*

#24590000
1!
1*
10

#24600000
0!
0*

#24610000
1!
b101 &
1*
b101 /
00

#24620000
0!
0*

#24630000
1!
1*
10

#24640000
0!
0*

#24650000
1!
b110 &
1*
b110 /
00

#24660000
0!
0*

#24670000
1!
1*
10

#24680000
0!
0*

#24690000
1!
b111 &
1*
b111 /
00

#24700000
0!
0*

#24710000
1!
1*
10

#24720000
0!
0*

#24730000
1!
b1000 &
1*
b1000 /
00

#24740000
0!
0*

#24750000
1!
1*
10

#24760000
0!
0*

#24770000
1!
b1001 &
1*
b1001 /
00

#24780000
0!
0*

#24790000
1!
1*
10

#24800000
0!
0*

#24810000
1!
b10 %
b0 &
1*
b10 .
b0 /
00

#24820000
0!
0*

#24830000
1!
1*
10

#24840000
0!
0*

#24850000
1!
b1 &
1*
b1 /
00

#24860000
0!
0*

#24870000
1!
1*
10

#24880000
0!
0*

#24890000
1!
b10 &
1*
b10 /
00

#24900000
0!
0*

#24910000
1!
1*
10

#24920000
0!
0*

#24930000
1!
b11 &
1*
b11 /
00

#24940000
0!
0*

#24950000
1!
1*
10

#24960000
0!
0*

#24970000
1!
b100 &
1*
b100 /
00

#24980000
0!
0*

#24990000
1!
1*
10

#25000000
0!
0*

#25010000
1!
b101 &
1*
b101 /
00

#25020000
0!
0*

#25030000
1!
1*
10

#25040000
0!
0*

#25050000
1!
b110 &
1*
b110 /
00

#25060000
0!
0*

#25070000
1!
1*
10

#25080000
0!
0*

#25090000
1!
b111 &
1*
b111 /
00

#25100000
0!
0*

#25110000
1!
1*
10

#25120000
0!
0*

#25130000
1!
b1000 &
1*
b1000 /
00

#25140000
0!
0*

#25150000
1!
1*
10

#25160000
0!
0*

#25170000
1!
b1001 &
1*
b1001 /
00

#25180000
0!
0*

#25190000
1!
1*
10

#25200000
0!
0*

#25210000
1!
b11 %
b0 &
1*
b11 .
b0 /
00

#25220000
0!
0*

#25230000
1!
1*
10

#25240000
0!
0*

#25250000
1!
b1 &
1*
b1 /
00

#25260000
0!
0*

#25270000
1!
1*
10

#25280000
0!
0*

#25290000
1!
b10 &
1*
b10 /
00

#25300000
0!
0*

#25310000
1!
1*
10

#25320000
0!
0*

#25330000
1!
b11 &
1*
b11 /
00

#25340000
0!
0*

#25350000
1!
1*
10

#25360000
0!
0*

#25370000
1!
b100 &
1*
b100 /
00

#25380000
0!
0*

#25390000
1!
1*
10

#25400000
0!
0*

#25410000
1!
b101 &
1*
b101 /
00

#25420000
0!
0*

#25430000
1!
1*
10

#25440000
0!
0*

#25450000
1!
b110 &
1*
b110 /
00

#25460000
0!
0*

#25470000
1!
1*
10

#25480000
0!
0*

#25490000
1!
b111 &
1*
b111 /
00

#25500000
0!
0*

#25510000
1!
1*
10

#25520000
0!
0*

#25530000
1!
b1000 &
1*
b1000 /
00

#25540000
0!
0*

#25550000
1!
1*
10

#25560000
0!
0*

#25570000
1!
b1001 &
1*
b1001 /
00

#25580000
0!
0*

#25590000
1!
1*
10

#25600000
0!
0*

#25610000
1!
b100 %
b0 &
1*
b100 .
b0 /
00

#25620000
0!
0*

#25630000
1!
1*
10

#25640000
0!
0*

#25650000
1!
b1 &
1*
b1 /
00

#25660000
0!
0*

#25670000
1!
1*
10

#25680000
0!
0*

#25690000
1!
b10 &
1*
b10 /
00

#25700000
0!
0*

#25710000
1!
1*
10

#25720000
0!
0*

#25730000
1!
b11 &
1*
b11 /
00

#25740000
0!
0*

#25750000
1!
1*
10

#25760000
0!
0*

#25770000
1!
b100 &
1*
b100 /
00

#25780000
0!
0*

#25790000
1!
1*
10

#25800000
0!
0*

#25810000
1!
b101 &
1*
b101 /
00

#25820000
0!
0*

#25830000
1!
1*
10

#25840000
0!
0*

#25850000
1!
b110 &
1*
b110 /
00

#25860000
0!
0*

#25870000
1!
1*
10

#25880000
0!
0*

#25890000
1!
b111 &
1*
b111 /
00

#25900000
0!
0*

#25910000
1!
1*
10

#25920000
0!
0*

#25930000
1!
b1000 &
1*
b1000 /
00

#25940000
0!
0*

#25950000
1!
1*
10

#25960000
0!
0*

#25970000
1!
b1001 &
1*
b1001 /
00

#25980000
0!
0*

#25990000
1!
1*
10

#26000000
0!
0*

#26010000
1!
b101 %
b0 &
1*
b101 .
b0 /
00

#26020000
0!
0*

#26030000
1!
1*
10

#26040000
0!
0*

#26050000
1!
b1 &
1*
b1 /
00

#26060000
0!
0*

#26070000
1!
1*
10

#26080000
0!
0*

#26090000
1!
b10 &
1*
b10 /
00

#26100000
0!
0*

#26110000
1!
1*
10

#26120000
0!
0*

#26130000
1!
b11 &
1*
b11 /
00

#26140000
0!
0*

#26150000
1!
1*
10

#26160000
0!
0*

#26170000
1!
b100 &
1*
b100 /
00

#26180000
0!
0*

#26190000
1!
1*
10

#26200000
0!
0*

#26210000
1!
b101 &
1*
b101 /
00

#26220000
0!
0*

#26230000
1!
1*
10

#26240000
0!
0*

#26250000
1!
b110 &
1*
b110 /
00

#26260000
0!
0*

#26270000
1!
1*
10

#26280000
0!
0*

#26290000
1!
b111 &
1*
b111 /
00

#26300000
0!
0*

#26310000
1!
1*
10

#26320000
0!
0*

#26330000
1!
b1000 &
1*
b1000 /
00

#26340000
0!
0*

#26350000
1!
1*
10

#26360000
0!
0*

#26370000
1!
b1001 &
1*
b1001 /
00

#26380000
0!
0*

#26390000
1!
1*
10

#26400000
0!
0*

#26410000
1!
b1 $
b0 %
b0 &
1*
b1 -
b0 .
b0 /
00

#26420000
0!
0*

#26430000
1!
1*
10

#26440000
0!
0*

#26450000
1!
b1 &
1*
b1 /
00

#26460000
0!
0*

#26470000
1!
1*
10

#26480000
0!
0*

#26490000
1!
b10 &
1*
b10 /
00

#26500000
0!
0*

#26510000
1!
1*
10

#26520000
0!
0*

#26530000
1!
b11 &
1*
b11 /
00

#26540000
0!
0*

#26550000
1!
1*
10

#26560000
0!
0*

#26570000
1!
b100 &
1*
b100 /
00

#26580000
0!
0*

#26590000
1!
1*
10

#26600000
0!
0*

#26610000
1!
b101 &
1*
b101 /
00

#26620000
0!
0*

#26630000
1!
1*
10

#26640000
0!
0*

#26650000
1!
b110 &
1*
b110 /
00

#26660000
0!
0*

#26670000
1!
1*
10

#26680000
0!
0*

#26690000
1!
b111 &
1*
b111 /
00

#26700000
0!
0*

#26710000
1!
1*
10

#26720000
0!
0*

#26730000
1!
b1000 &
1*
b1000 /
00

#26740000
0!
0*

#26750000
1!
1*
10

#26760000
0!
0*

#26770000
1!
b1001 &
1*
b1001 /
00

#26780000
0!
0*

#26790000
1!
1*
10

#26800000
0!
0*

#26810000
1!
b1 %
b0 &
1*
b1 .
b0 /
00

#26820000
0!
0*

#26830000
1!
1*
10

#26840000
0!
0*

#26850000
1!
b1 &
1*
b1 /
00

#26860000
0!
0*

#26870000
1!
1*
10

#26880000
0!
0*

#26890000
1!
b10 &
1*
b10 /
00

#26900000
0!
0*

#26910000
1!
1*
10

#26920000
0!
0*

#26930000
1!
b11 &
1*
b11 /
00

#26940000
0!
0*

#26950000
1!
1*
10

#26960000
0!
0*

#26970000
1!
b100 &
1*
b100 /
00

#26980000
0!
0*

#26990000
1!
1*
10

#27000000
0!
0*

#27010000
1!
b101 &
1*
b101 /
00

#27020000
0!
0*

#27030000
1!
1*
10

#27040000
0!
0*

#27050000
1!
b110 &
1*
b110 /
00

#27060000
0!
0*

#27070000
1!
1*
10

#27080000
0!
0*

#27090000
1!
b111 &
1*
b111 /
00

#27100000
0!
0*

#27110000
1!
1*
10

#27120000
0!
0*

#27130000
1!
b1000 &
1*
b1000 /
00

#27140000
0!
0*

#27150000
1!
1*
10

#27160000
0!
0*

#27170000
1!
b1001 &
1*
b1001 /
00

#27180000
0!
0*

#27190000
1!
1*
10

#27200000
0!
0*

#27210000
1!
b10 %
b0 &
1*
b10 .
b0 /
00

#27220000
0!
0*

#27230000
1!
1*
10

#27240000
0!
0*

#27250000
1!
b1 &
1*
b1 /
00

#27260000
0!
0*

#27270000
1!
1*
10

#27280000
0!
0*

#27290000
1!
b10 &
1*
b10 /
00

#27300000
0!
0*

#27310000
1!
1*
10

#27320000
0!
0*

#27330000
1!
b11 &
1*
b11 /
00

#27340000
0!
0*

#27350000
1!
1*
10

#27360000
0!
0*

#27370000
1!
b100 &
1*
b100 /
00

#27380000
0!
0*

#27390000
1!
1*
10

#27400000
0!
0*

#27410000
1!
b101 &
1*
b101 /
00

#27420000
0!
0*

#27430000
1!
1*
10

#27440000
0!
0*

#27450000
1!
b110 &
1*
b110 /
00

#27460000
0!
0*

#27470000
1!
1*
10

#27480000
0!
0*

#27490000
1!
b111 &
1*
b111 /
00

#27500000
0!
0*

#27510000
1!
1*
10

#27520000
0!
0*

#27530000
1!
b1000 &
1*
b1000 /
00

#27540000
0!
0*

#27550000
1!
1*
10

#27560000
0!
0*

#27570000
1!
b1001 &
1*
b1001 /
00

#27580000
0!
0*

#27590000
1!
1*
10

#27600000
0!
0*

#27610000
1!
b11 %
b0 &
1*
b11 .
b0 /
00

#27620000
0!
0*

#27630000
1!
1*
10

#27640000
0!
0*

#27650000
1!
b1 &
1*
b1 /
00

#27660000
0!
0*

#27670000
1!
1*
10

#27680000
0!
0*

#27690000
1!
b10 &
1*
b10 /
00

#27700000
0!
0*

#27710000
1!
1*
10

#27720000
0!
0*

#27730000
1!
b11 &
1*
b11 /
00

#27740000
0!
0*

#27750000
1!
1*
10

#27760000
0!
0*

#27770000
1!
b100 &
1*
b100 /
00

#27780000
0!
0*

#27790000
1!
1*
10

#27800000
0!
0*

#27810000
1!
b101 &
1*
b101 /
00

#27820000
0!
0*

#27830000
1!
1*
10

#27840000
0!
0*

#27850000
1!
b110 &
1*
b110 /
00

#27860000
0!
0*

#27870000
1!
1*
10

#27880000
0!
0*

#27890000
1!
b111 &
1*
b111 /
00

#27900000
0!
0*

#27910000
1!
1*
10

#27920000
0!
0*

#27930000
1!
b1000 &
1*
b1000 /
00

#27940000
0!
0*

#27950000
1!
1*
10

#27960000
0!
0*

#27970000
1!
b1001 &
1*
b1001 /
00

#27980000
0!
0*

#27990000
1!
1*
10

#28000000
0!
0*

#28010000
1!
b100 %
b0 &
1*
b100 .
b0 /
00

#28020000
0!
0*

#28030000
1!
1*
10

#28040000
0!
0*

#28050000
1!
b1 &
1*
b1 /
00

#28060000
0!
0*

#28070000
1!
1*
10

#28080000
0!
0*

#28090000
1!
b10 &
1*
b10 /
00

#28100000
0!
0*

#28110000
1!
1*
10

#28120000
0!
0*

#28130000
1!
b11 &
1*
b11 /
00

#28140000
0!
0*

#28150000
1!
1*
10

#28160000
0!
0*

#28170000
1!
b100 &
1*
b100 /
00

#28180000
0!
0*

#28190000
1!
1*
10

#28200000
0!
0*

#28210000
1!
b101 &
1*
b101 /
00

#28220000
0!
0*

#28230000
1!
1*
10

#28240000
0!
0*

#28250000
1!
b110 &
1*
b110 /
00

#28260000
0!
0*

#28270000
1!
1*
10

#28280000
0!
0*

#28290000
1!
b111 &
1*
b111 /
00

#28300000
0!
0*

#28310000
1!
1*
10

#28320000
0!
0*

#28330000
1!
b1000 &
1*
b1000 /
00

#28340000
0!
0*

#28350000
1!
1*
10

#28360000
0!
0*

#28370000
1!
b1001 &
1*
b1001 /
00

#28380000
0!
0*

#28390000
1!
1*
10

#28400000
0!
0*

#28410000
1!
b101 %
b0 &
1*
b101 .
b0 /
00

#28420000
0!
0*

#28430000
1!
1*
10

#28440000
0!
0*

#28450000
1!
b1 &
1*
b1 /
00

#28460000
0!
0*

#28470000
1!
1*
10

#28480000
0!
0*

#28490000
1!
b10 &
1*
b10 /
00

#28500000
0!
0*

#28510000
1!
1*
10

#28520000
0!
0*

#28530000
1!
b11 &
1*
b11 /
00

#28540000
0!
0*

#28550000
1!
1*
10

#28560000
0!
0*

#28570000
1!
b100 &
1*
b100 /
00

#28580000
0!
0*

#28590000
1!
1*
10

#28600000
0!
0*

#28610000
1!
b101 &
1*
b101 /
00

#28620000
0!
0*

#28630000
1!
1*
10

#28640000
0!
0*

#28650000
1!
b110 &
1*
b110 /
00

#28660000
0!
0*

#28670000
1!
1*
10

#28680000
0!
0*

#28690000
1!
b111 &
1*
b111 /
00

#28700000
0!
0*

#28710000
1!
1*
10

#28720000
0!
0*

#28730000
1!
b1000 &
1*
b1000 /
00

#28740000
0!
0*

#28750000
1!
1*
10

#28760000
0!
0*

#28770000
1!
b1001 &
1*
b1001 /
00

#28780000
0!
0*

#28790000
1!
1*
10

#28800000
0!
0*

#28810000
1!
b10 $
b0 %
b0 &
1*
b10 -
b0 .
b0 /
00

#28820000
0!
0*

#28830000
1!
1*
10

#28840000
0!
0*

#28850000
1!
b1 &
1*
b1 /
00

#28860000
0!
0*

#28870000
1!
1*
10

#28880000
0!
0*

#28890000
1!
b10 &
1*
b10 /
00

#28900000
0!
0*

#28910000
1!
1*
10

#28920000
0!
0*

#28930000
1!
b11 &
1*
b11 /
00

#28940000
0!
0*

#28950000
1!
1*
10

#28960000
0!
0*

#28970000
1!
b100 &
1*
b100 /
00

#28980000
0!
0*

#28990000
1!
1*
10

#29000000
0!
0*

#29010000
1!
b101 &
1*
b101 /
00

#29020000
0!
0*

#29030000
1!
1*
10

#29040000
0!
0*

#29050000
1!
b110 &
1*
b110 /
00

#29060000
0!
0*

#29070000
1!
1*
10

#29080000
0!
0*

#29090000
1!
b111 &
1*
b111 /
00

#29100000
0!
0*

#29110000
1!
1*
10

#29120000
0!
0*

#29130000
1!
b1000 &
1*
b1000 /
00

#29140000
0!
0*

#29150000
1!
1*
10

#29160000
0!
0*

#29170000
1!
b1001 &
1*
b1001 /
00

#29180000
0!
0*

#29190000
1!
1*
10

#29200000
0!
0*

#29210000
1!
b1 %
b0 &
1*
b1 .
b0 /
00

#29220000
0!
0*

#29230000
1!
1*
10

#29240000
0!
0*

#29250000
1!
b1 &
1*
b1 /
00

#29260000
0!
0*

#29270000
1!
1*
10

#29280000
0!
0*

#29290000
1!
b10 &
1*
b10 /
00

#29300000
0!
0*

#29310000
1!
1*
10

#29320000
0!
0*

#29330000
1!
b11 &
1*
b11 /
00

#29340000
0!
0*

#29350000
1!
1*
10

#29360000
0!
0*

#29370000
1!
b100 &
1*
b100 /
00

#29380000
0!
0*

#29390000
1!
1*
10

#29400000
0!
0*

#29410000
1!
b101 &
1*
b101 /
00

#29420000
0!
0*

#29430000
1!
1*
10

#29440000
0!
0*

#29450000
1!
b110 &
1*
b110 /
00

#29460000
0!
0*

#29470000
1!
1*
10

#29480000
0!
0*

#29490000
1!
b111 &
1*
b111 /
00

#29500000
0!
0*

#29510000
1!
1*
10

#29520000
0!
0*

#29530000
1!
b1000 &
1*
b1000 /
00

#29540000
0!
0*

#29550000
1!
1*
10

#29560000
0!
0*

#29570000
1!
b1001 &
1*
b1001 /
00

#29580000
0!
0*

#29590000
1!
1*
10

#29600000
0!
0*

#29610000
1!
b10 %
b0 &
1*
b10 .
b0 /
00

#29620000
0!
0*

#29630000
1!
1*
10

#29640000
0!
0*

#29650000
1!
b1 &
1*
b1 /
00

#29660000
0!
0*

#29670000
1!
1*
10

#29680000
0!
0*

#29690000
1!
b10 &
1*
b10 /
00

#29700000
0!
0*

#29710000
1!
1*
10

#29720000
0!
0*

#29730000
1!
b11 &
1*
b11 /
00

#29740000
0!
0*

#29750000
1!
1*
10

#29760000
0!
0*

#29770000
1!
b100 &
1*
b100 /
00

#29780000
0!
0*

#29790000
1!
1*
10

#29800000
0!
0*

#29810000
1!
b101 &
1*
b101 /
00

#29820000
0!
0*

#29830000
1!
1*
10

#29840000
0!
0*

#29850000
1!
b110 &
1*
b110 /
00

#29860000
0!
0*

#29870000
1!
1*
10

#29880000
0!
0*

#29890000
1!
b111 &
1*
b111 /
00

#29900000
0!
0*

#29910000
1!
1*
10

#29920000
0!
0*

#29930000
1!
b1000 &
1*
b1000 /
00

#29940000
0!
0*

#29950000
1!
1*
10

#29960000
0!
0*

#29970000
1!
b1001 &
1*
b1001 /
00

#29980000
0!
0*

#29990000
1!
1*
10

#30000000
0!
0*

#30010000
1!
b11 %
b0 &
1*
b11 .
b0 /
00

#30020000
0!
0*

#30030000
1!
1*
10

#30040000
0!
0*

#30050000
1!
b1 &
1*
b1 /
00

#30060000
0!
0*

#30070000
1!
1*
10

#30080000
0!
0*

#30090000
1!
b10 &
1*
b10 /
00

#30100000
0!
0*

#30110000
1!
1*
10

#30120000
0!
0*

#30130000
1!
b11 &
1*
b11 /
00

#30140000
0!
0*

#30150000
1!
1*
10

#30160000
0!
0*

#30170000
1!
b100 &
1*
b100 /
00

#30180000
0!
0*

#30190000
1!
1*
10

#30200000
0!
0*

#30210000
1!
b101 &
1*
b101 /
00

#30220000
0!
0*

#30230000
1!
1*
10

#30240000
0!
0*

#30250000
1!
b110 &
1*
b110 /
00

#30260000
0!
0*

#30270000
1!
1*
10

#30280000
0!
0*

#30290000
1!
b111 &
1*
b111 /
00

#30300000
0!
0*

#30310000
1!
1*
10

#30320000
0!
0*

#30330000
1!
b1000 &
1*
b1000 /
00

#30340000
0!
0*

#30350000
1!
1*
10

#30360000
0!
0*

#30370000
1!
b1001 &
1*
b1001 /
00

#30380000
0!
0*

#30390000
1!
1*
10

#30400000
0!
0*

#30410000
1!
b100 %
b0 &
1*
b100 .
b0 /
00

#30420000
0!
0*

#30430000
1!
1*
10

#30440000
0!
0*

#30450000
1!
b1 &
1*
b1 /
00

#30460000
0!
0*

#30470000
1!
1*
10

#30480000
0!
0*

#30490000
1!
b10 &
1*
b10 /
00

#30500000
0!
0*

#30510000
1!
1*
10

#30520000
0!
0*

#30530000
1!
b11 &
1*
b11 /
00

#30540000
0!
0*

#30550000
1!
1*
10

#30560000
0!
0*

#30570000
1!
b100 &
1*
b100 /
00

#30580000
0!
0*

#30590000
1!
1*
10

#30600000
0!
0*

#30610000
1!
b101 &
1*
b101 /
00

#30620000
0!
0*

#30630000
1!
1*
10

#30640000
0!
0*

#30650000
1!
b110 &
1*
b110 /
00

#30660000
0!
0*

#30670000
1!
1*
10

#30680000
0!
0*

#30690000
1!
b111 &
1*
b111 /
00

#30700000
0!
0*

#30710000
1!
1*
10

#30720000
0!
0*

#30730000
1!
b1000 &
1*
b1000 /
00

#30740000
0!
0*

#30750000
1!
1*
10

#30760000
0!
0*

#30770000
1!
b1001 &
1*
b1001 /
00

#30780000
0!
0*

#30790000
1!
1*
10

#30800000
0!
0*

#30810000
1!
b101 %
b0 &
1*
b101 .
b0 /
00

#30820000
0!
0*

#30830000
1!
1*
10

#30840000
0!
0*

#30850000
1!
b1 &
1*
b1 /
00

#30860000
0!
0*

#30870000
1!
1*
10

#30880000
0!
0*

#30890000
1!
b10 &
1*
b10 /
00

#30900000
0!
0*

#30910000
1!
1*
10

#30920000
0!
0*

#30930000
1!
b11 &
1*
b11 /
00

#30940000
0!
0*

#30950000
1!
1*
10

#30960000
0!
0*

#30970000
1!
b100 &
1*
b100 /
00

#30980000
0!
0*

#30990000
1!
1*
10

#31000000
0!
0*

#31010000
1!
b101 &
1*
b101 /
00

#31020000
0!
0*

#31030000
1!
1*
10

#31040000
0!
0*

#31050000
1!
b110 &
1*
b110 /
00

#31060000
0!
0*

#31070000
1!
1*
10

#31080000
0!
0*

#31090000
1!
b111 &
1*
b111 /
00

#31100000
0!
0*

#31110000
1!
1*
10

#31120000
0!
0*

#31130000
1!
b1000 &
1*
b1000 /
00

#31140000
0!
0*

#31150000
1!
1*
10

#31160000
0!
0*

#31170000
1!
b1001 &
1*
b1001 /
00

#31180000
0!
0*

#31190000
1!
1*
10

#31200000
0!
0*

#31210000
1!
b11 $
b0 %
b0 &
1*
b11 -
b0 .
b0 /
00

#31220000
0!
0*

#31230000
1!
1*
10

#31240000
0!
0*

#31250000
1!
b1 &
1*
b1 /
00

#31260000
0!
0*

#31270000
1!
1*
10

#31280000
0!
0*

#31290000
1!
b10 &
1*
b10 /
00

#31300000
0!
0*

#31310000
1!
1*
10

#31320000
0!
0*

#31330000
1!
b11 &
1*
b11 /
00

#31340000
0!
0*

#31350000
1!
1*
10

#31360000
0!
0*

#31370000
1!
b100 &
1*
b100 /
00

#31380000
0!
0*

#31390000
1!
1*
10

#31400000
0!
0*

#31410000
1!
b101 &
1*
b101 /
00

#31420000
0!
0*

#31430000
1!
1*
10

#31440000
0!
0*

#31450000
1!
b110 &
1*
b110 /
00

#31460000
0!
0*

#31470000
1!
1*
10

#31480000
0!
0*

#31490000
1!
b111 &
1*
b111 /
00

#31500000
0!
0*

#31510000
1!
1*
10

#31520000
0!
0*

#31530000
1!
b1000 &
1*
b1000 /
00

#31540000
0!
0*

#31550000
1!
1*
10

#31560000
0!
0*

#31570000
1!
b1001 &
1*
b1001 /
00

#31580000
0!
0*

#31590000
1!
1*
10

#31600000
0!
0*

#31610000
1!
b1 %
b0 &
1*
b1 .
b0 /
00

#31620000
0!
0*

#31630000
1!
1*
10

#31640000
0!
0*

#31650000
1!
b1 &
1*
b1 /
00

#31660000
0!
0*

#31670000
1!
1*
10

#31680000
0!
0*

#31690000
1!
b10 &
1*
b10 /
00

#31700000
0!
0*

#31710000
1!
1*
10

#31720000
0!
0*

#31730000
1!
b11 &
1*
b11 /
00

#31740000
0!
0*

#31750000
1!
1*
10

#31760000
0!
0*

#31770000
1!
b100 &
1*
b100 /
00

#31780000
0!
0*

#31790000
1!
1*
10

#31800000
0!
0*

#31810000
1!
b101 &
1*
b101 /
00

#31820000
0!
0*

#31830000
1!
1*
10

#31840000
0!
0*

#31850000
1!
b110 &
1*
b110 /
00

#31860000
0!
0*

#31870000
1!
1*
10

#31880000
0!
0*

#31890000
1!
b111 &
1*
b111 /
00

#31900000
0!
0*

#31910000
1!
1*
10

#31920000
0!
0*

#31930000
1!
b1000 &
1*
b1000 /
00

#31940000
0!
0*

#31950000
1!
1*
10

#31960000
0!
0*

#31970000
1!
b1001 &
1*
b1001 /
00

#31980000
0!
0*

#31990000
1!
1*
10

#32000000
0!
0*

#32010000
1!
b10 %
b0 &
1*
b10 .
b0 /
00

#32020000
0!
0*

#32030000
1!
1*
10

#32040000
0!
0*

#32050000
1!
b1 &
1*
b1 /
00

#32060000
0!
0*

#32070000
1!
1*
10

#32080000
0!
0*

#32090000
1!
b10 &
1*
b10 /
00

#32100000
0!
0*

#32110000
1!
1*
10

#32120000
0!
0*

#32130000
1!
b11 &
1*
b11 /
00

#32140000
0!
0*

#32150000
1!
1*
10

#32160000
0!
0*

#32170000
1!
b100 &
1*
b100 /
00

#32180000
0!
0*

#32190000
1!
1*
10

#32200000
0!
0*

#32210000
1!
b101 &
1*
b101 /
00

#32220000
0!
0*

#32230000
1!
1*
10

#32240000
0!
0*

#32250000
1!
b110 &
1*
b110 /
00

#32260000
0!
0*

#32270000
1!
1*
10

#32280000
0!
0*

#32290000
1!
b111 &
1*
b111 /
00

#32300000
0!
0*

#32310000
1!
1*
10

#32320000
0!
0*

#32330000
1!
b1000 &
1*
b1000 /
00

#32340000
0!
0*

#32350000
1!
1*
10

#32360000
0!
0*

#32370000
1!
b1001 &
1*
b1001 /
00

#32380000
0!
0*

#32390000
1!
1*
10

#32400000
0!
0*

#32410000
1!
b11 %
b0 &
1*
b11 .
b0 /
00

#32420000
0!
0*

#32430000
1!
1*
10

#32440000
0!
0*

#32450000
1!
b1 &
1*
b1 /
00

#32460000
0!
0*

#32470000
1!
1*
10

#32480000
0!
0*

#32490000
1!
b10 &
1*
b10 /
00

#32500000
0!
0*

#32510000
1!
1*
10

#32520000
0!
0*

#32530000
1!
b11 &
1*
b11 /
00

#32540000
0!
0*

#32550000
1!
1*
10

#32560000
0!
0*

#32570000
1!
b100 &
1*
b100 /
00

#32580000
0!
0*

#32590000
1!
1*
10

#32600000
0!
0*

#32610000
1!
b101 &
1*
b101 /
00

#32620000
0!
0*

#32630000
1!
1*
10

#32640000
0!
0*

#32650000
1!
b110 &
1*
b110 /
00

#32660000
0!
0*

#32670000
1!
1*
10

#32680000
0!
0*

#32690000
1!
b111 &
1*
b111 /
00

#32700000
0!
0*

#32710000
1!
1*
10

#32720000
0!
0*

#32730000
1!
b1000 &
1*
b1000 /
00

#32740000
0!
0*

#32750000
1!
1*
10

#32760000
0!
0*

#32770000
1!
b1001 &
1*
b1001 /
00

#32780000
0!
0*

#32790000
1!
1*
10

#32800000
0!
0*

#32810000
1!
b100 %
b0 &
1*
b100 .
b0 /
00

#32820000
0!
0*

#32830000
1!
1*
10

#32840000
0!
0*

#32850000
1!
b1 &
1*
b1 /
00

#32860000
0!
0*

#32870000
1!
1*
10

#32880000
0!
0*

#32890000
1!
b10 &
1*
b10 /
00

#32900000
0!
0*

#32910000
1!
1*
10

#32920000
0!
0*

#32930000
1!
b11 &
1*
b11 /
00

#32940000
0!
0*

#32950000
1!
1*
10

#32960000
0!
0*

#32970000
1!
b100 &
1*
b100 /
00

#32980000
0!
0*

#32990000
1!
1*
10

#33000000
0!
0*

#33010000
1!
b101 &
1*
b101 /
00

#33020000
0!
0*

#33030000
1!
1*
10

#33040000
0!
0*

#33050000
1!
b110 &
1*
b110 /
00

#33060000
0!
0*

#33070000
1!
1*
10

#33080000
0!
0*

#33090000
1!
b111 &
1*
b111 /
00

#33100000
0!
0*

#33110000
1!
1*
10

#33120000
0!
0*

#33130000
1!
b1000 &
1*
b1000 /
00

#33140000
0!
0*

#33150000
1!
1*
10

#33160000
0!
0*

#33170000
1!
b1001 &
1*
b1001 /
00

#33180000
0!
0*

#33190000
1!
1*
10

#33200000
0!
0*

#33210000
1!
b101 %
b0 &
1*
b101 .
b0 /
00

#33220000
0!
0*

#33230000
1!
1*
10

#33240000
0!
0*

#33250000
1!
b1 &
1*
b1 /
00

#33260000
0!
0*

#33270000
1!
1*
10

#33280000
0!
0*

#33290000
1!
b10 &
1*
b10 /
00

#33300000
0!
0*

#33310000
1!
1*
10

#33320000
0!
0*

#33330000
1!
b11 &
1*
b11 /
00

#33340000
0!
0*

#33350000
1!
1*
10

#33360000
0!
0*

#33370000
1!
b100 &
1*
b100 /
00

#33380000
0!
0*

#33390000
1!
1*
10

#33400000
0!
0*

#33410000
1!
b101 &
1*
b101 /
00

#33420000
0!
0*

#33430000
1!
1*
10

#33440000
0!
0*

#33450000
1!
b110 &
1*
b110 /
00

#33460000
0!
0*

#33470000
1!
1*
10

#33480000
0!
0*

#33490000
1!
b111 &
1*
b111 /
00

#33500000
0!
0*

#33510000
1!
1*
10

#33520000
0!
0*

#33530000
1!
b1000 &
1*
b1000 /
00

#33540000
0!
0*

#33550000
1!
1*
10

#33560000
0!
0*

#33570000
1!
b1001 &
1*
b1001 /
00

#33580000
0!
0*

#33590000
1!
1*
10

#33600000
0!
0*

#33610000
1!
b100 $
b0 %
b0 &
1*
b100 -
b0 .
b0 /
00

#33620000
0!
0*

#33630000
1!
1*
10

#33640000
0!
0*

#33650000
1!
b1 &
1*
b1 /
00

#33660000
0!
0*

#33670000
1!
1*
10

#33680000
0!
0*

#33690000
1!
b10 &
1*
b10 /
00

#33700000
0!
0*

#33710000
1!
1*
10

#33720000
0!
0*

#33730000
1!
b11 &
1*
b11 /
00

#33740000
0!
0*

#33750000
1!
1*
10

#33760000
0!
0*

#33770000
1!
b100 &
1*
b100 /
00

#33780000
0!
0*

#33790000
1!
1*
10

#33800000
0!
0*

#33810000
1!
b101 &
1*
b101 /
00

#33820000
0!
0*

#33830000
1!
1*
10

#33840000
0!
0*

#33850000
1!
b110 &
1*
b110 /
00

#33860000
0!
0*

#33870000
1!
1*
10

#33880000
0!
0*

#33890000
1!
b111 &
1*
b111 /
00

#33900000
0!
0*

#33910000
1!
1*
10

#33920000
0!
0*

#33930000
1!
b1000 &
1*
b1000 /
00

#33940000
0!
0*

#33950000
1!
1*
10

#33960000
0!
0*

#33970000
1!
b1001 &
1*
b1001 /
00

#33980000
0!
0*

#33990000
1!
1*
10

#34000000
0!
0*

#34010000
1!
b1 %
b0 &
1*
b1 .
b0 /
00

#34020000
0!
0*

#34030000
1!
1*
10

#34040000
0!
0*

#34050000
1!
b1 &
1*
b1 /
00

#34060000
0!
0*

#34070000
1!
1*
10

#34080000
0!
0*

#34090000
1!
b10 &
1*
b10 /
00

#34100000
0!
0*

#34110000
1!
1*
10

#34120000
0!
0*

#34130000
1!
b11 &
1*
b11 /
00

#34140000
0!
0*

#34150000
1!
1*
10

#34160000
0!
0*

#34170000
1!
b100 &
1*
b100 /
00

#34180000
0!
0*

#34190000
1!
1*
10

#34200000
0!
0*

#34210000
1!
b101 &
1*
b101 /
00

#34220000
0!
0*

#34230000
1!
1*
10

#34240000
0!
0*

#34250000
1!
b110 &
1*
b110 /
00

#34260000
0!
0*

#34270000
1!
1*
10

#34280000
0!
0*

#34290000
1!
b111 &
1*
b111 /
00

#34300000
0!
0*

#34310000
1!
1*
10

#34320000
0!
0*

#34330000
1!
b1000 &
1*
b1000 /
00

#34340000
0!
0*

#34350000
1!
1*
10

#34360000
0!
0*

#34370000
1!
b1001 &
1*
b1001 /
00

#34380000
0!
0*

#34390000
1!
1*
10

#34400000
0!
0*

#34410000
1!
b10 %
b0 &
1*
b10 .
b0 /
00

#34420000
0!
0*

#34430000
1!
1*
10

#34440000
0!
0*

#34450000
1!
b1 &
1*
b1 /
00

#34460000
0!
0*

#34470000
1!
1*
10

#34480000
0!
0*

#34490000
1!
b10 &
1*
b10 /
00

#34500000
0!
0*

#34510000
1!
1*
10

#34520000
0!
0*

#34530000
1!
b11 &
1*
b11 /
00

#34540000
0!
0*

#34550000
1!
1*
10

#34560000
0!
0*

#34570000
1!
b100 &
1*
b100 /
00

#34580000
0!
0*

#34590000
1!
1*
10

#34600000
0!
0*

#34610000
1!
b101 &
1*
b101 /
00

#34620000
0!
0*

#34630000
1!
1*
10

#34640000
0!
0*

#34650000
1!
b110 &
1*
b110 /
00

#34660000
0!
0*

#34670000
1!
1*
10

#34680000
0!
0*

#34690000
1!
b111 &
1*
b111 /
00

#34700000
0!
0*

#34710000
1!
1*
10

#34720000
0!
0*

#34730000
1!
b1000 &
1*
b1000 /
00

#34740000
0!
0*

#34750000
1!
1*
10

#34760000
0!
0*

#34770000
1!
b1001 &
1*
b1001 /
00

#34780000
0!
0*

#34790000
1!
1*
10

#34800000
0!
0*

#34810000
1!
b11 %
b0 &
1*
b11 .
b0 /
00

#34820000
0!
0*

#34830000
1!
1*
10

#34840000
0!
0*

#34850000
1!
b1 &
1*
b1 /
00

#34860000
0!
0*

#34870000
1!
1*
10

#34880000
0!
0*

#34890000
1!
b10 &
1*
b10 /
00

#34900000
0!
0*

#34910000
1!
1*
10

#34920000
0!
0*

#34930000
1!
b11 &
1*
b11 /
00

#34940000
0!
0*

#34950000
1!
1*
10

#34960000
0!
0*

#34970000
1!
b100 &
1*
b100 /
00

#34980000
0!
0*

#34990000
1!
1*
10

#35000000
0!
0*

#35010000
1!
b101 &
1*
b101 /
00

#35020000
0!
0*

#35030000
1!
1*
10

#35040000
0!
0*

#35050000
1!
b110 &
1*
b110 /
00

#35060000
0!
0*

#35070000
1!
1*
10

#35080000
0!
0*

#35090000
1!
b111 &
1*
b111 /
00

#35100000
0!
0*

#35110000
1!
1*
10

#35120000
0!
0*

#35130000
1!
b1000 &
1*
b1000 /
00

#35140000
0!
0*

#35150000
1!
1*
10

#35160000
0!
0*

#35170000
1!
b1001 &
1*
b1001 /
00

#35180000
0!
0*

#35190000
1!
1*
10

#35200000
0!
0*

#35210000
1!
b100 %
b0 &
1*
b100 .
b0 /
00

#35220000
0!
0*

#35230000
1!
1*
10

#35240000
0!
0*

#35250000
1!
b1 &
1*
b1 /
00

#35260000
0!
0*

#35270000
1!
1*
10

#35280000
0!
0*

#35290000
1!
b10 &
1*
b10 /
00

#35300000
0!
0*

#35310000
1!
1*
10

#35320000
0!
0*

#35330000
1!
b11 &
1*
b11 /
00

#35340000
0!
0*

#35350000
1!
1*
10

#35360000
0!
0*

#35370000
1!
b100 &
1*
b100 /
00

#35380000
0!
0*

#35390000
1!
1*
10

#35400000
0!
0*

#35410000
1!
b101 &
1*
b101 /
00

#35420000
0!
0*

#35430000
1!
1*
10

#35440000
0!
0*

#35450000
1!
b110 &
1*
b110 /
00

#35460000
0!
0*

#35470000
1!
1*
10

#35480000
0!
0*

#35490000
1!
b111 &
1*
b111 /
00

#35500000
0!
0*

#35510000
1!
1*
10

#35520000
0!
0*

#35530000
1!
b1000 &
1*
b1000 /
00

#35540000
0!
0*

#35550000
1!
1*
10

#35560000
0!
0*

#35570000
1!
b1001 &
1*
b1001 /
00

#35580000
0!
0*

#35590000
1!
1*
10

#35600000
0!
0*

#35610000
1!
b101 %
b0 &
1*
b101 .
b0 /
00

#35620000
0!
0*

#35630000
1!
1*
10

#35640000
0!
0*

#35650000
1!
b1 &
1*
b1 /
00

#35660000
0!
0*

#35670000
1!
1*
10

#35680000
0!
0*

#35690000
1!
b10 &
1*
b10 /
00

#35700000
0!
0*

#35710000
1!
1*
10

#35720000
0!
0*

#35730000
1!
b11 &
1*
b11 /
00

#35740000
0!
0*

#35750000
1!
1*
10

#35760000
0!
0*

#35770000
1!
b100 &
1*
b100 /
00

#35780000
0!
0*

#35790000
1!
1*
10

#35800000
0!
0*

#35810000
1!
b101 &
1*
b101 /
00

#35820000
0!
0*

#35830000
1!
1*
10

#35840000
0!
0*

#35850000
1!
b110 &
1*
b110 /
00

#35860000
0!
0*

#35870000
1!
1*
10

#35880000
0!
0*

#35890000
1!
b111 &
1*
b111 /
00

#35900000
0!
0*

#35910000
1!
1*
10

#35920000
0!
0*

#35930000
1!
b1000 &
1*
b1000 /
00

#35940000
0!
0*

#35950000
1!
1*
10

#35960000
0!
0*

#35970000
1!
b1001 &
1*
b1001 /
00

#35980000
0!
0*

#35990000
1!
1*
10

#36000000
0!
0*

#36010000
1!
b101 $
b0 %
b0 &
1*
b101 -
b0 .
b0 /
00

#36020000
0!
0*

#36030000
1!
1*
10

#36040000
0!
0*

#36050000
1!
b1 &
1*
b1 /
00

#36060000
0!
0*

#36070000
1!
1*
10

#36080000
0!
0*

#36090000
1!
b10 &
1*
b10 /
00

#36100000
0!
0*

#36110000
1!
1*
10

#36120000
0!
0*

#36130000
1!
b11 &
1*
b11 /
00

#36140000
0!
0*

#36150000
1!
1*
10

#36160000
0!
0*

#36170000
1!
b100 &
1*
b100 /
00

#36180000
0!
0*

#36190000
1!
1*
10

#36200000
0!
0*

#36210000
1!
b101 &
1*
b101 /
00

#36220000
0!
0*

#36230000
1!
1*
10

#36240000
0!
0*

#36250000
1!
b110 &
1*
b110 /
00

#36260000
0!
0*

#36270000
1!
1*
10

#36280000
0!
0*

#36290000
1!
b111 &
1*
b111 /
00

#36300000
0!
0*

#36310000
1!
1*
10

#36320000
0!
0*

#36330000
1!
b1000 &
1*
b1000 /
00

#36340000
0!
0*

#36350000
1!
1*
10

#36360000
0!
0*

#36370000
1!
b1001 &
1*
b1001 /
00

#36380000
0!
0*

#36390000
1!
1*
10

#36400000
0!
0*

#36410000
1!
b1 %
b0 &
1*
b1 .
b0 /
00

#36420000
0!
0*

#36430000
1!
1*
10

#36440000
0!
0*

#36450000
1!
b1 &
1*
b1 /
00

#36460000
0!
0*

#36470000
1!
1*
10

#36480000
0!
0*

#36490000
1!
b10 &
1*
b10 /
00

#36500000
0!
0*

#36510000
1!
1*
10

#36520000
0!
0*

#36530000
1!
b11 &
1*
b11 /
00

#36540000
0!
0*

#36550000
1!
1*
10

#36560000
0!
0*

#36570000
1!
b100 &
1*
b100 /
00

#36580000
0!
0*

#36590000
1!
1*
10

#36600000
0!
0*

#36610000
1!
b101 &
1*
b101 /
00

#36620000
0!
0*

#36630000
1!
1*
10

#36640000
0!
0*

#36650000
1!
b110 &
1*
b110 /
00

#36660000
0!
0*

#36670000
1!
1*
10

#36680000
0!
0*

#36690000
1!
b111 &
1*
b111 /
00

#36700000
0!
0*

#36710000
1!
1*
10

#36720000
0!
0*

#36730000
1!
b1000 &
1*
b1000 /
00

#36740000
0!
0*

#36750000
1!
1*
10

#36760000
0!
0*

#36770000
1!
b1001 &
1*
b1001 /
00

#36780000
0!
0*

#36790000
1!
1*
10

#36800000
0!
0*

#36810000
1!
b10 %
b0 &
1*
b10 .
b0 /
00

#36820000
0!
0*

#36830000
1!
1*
10

#36840000
0!
0*

#36850000
1!
b1 &
1*
b1 /
00

#36860000
0!
0*

#36870000
1!
1*
10

#36880000
0!
0*

#36890000
1!
b10 &
1*
b10 /
00

#36900000
0!
0*

#36910000
1!
1*
10

#36920000
0!
0*

#36930000
1!
b11 &
1*
b11 /
00

#36940000
0!
0*

#36950000
1!
1*
10

#36960000
0!
0*

#36970000
1!
b100 &
1*
b100 /
00

#36980000
0!
0*

#36990000
1!
1*
10

#37000000
0!
0*

#37010000
1!
b101 &
1*
b101 /
00

#37020000
0!
0*

#37030000
1!
1*
10

#37040000
0!
0*

#37050000
1!
b110 &
1*
b110 /
00

#37060000
0!
0*

#37070000
1!
1*
10

#37080000
0!
0*

#37090000
1!
b111 &
1*
b111 /
00

#37100000
0!
0*

#37110000
1!
1*
10

#37120000
0!
0*

#37130000
1!
b1000 &
1*
b1000 /
00

#37140000
0!
0*

#37150000
1!
1*
10

#37160000
0!
0*

#37170000
1!
b1001 &
1*
b1001 /
00

#37180000
0!
0*

#37190000
1!
1*
10

#37200000
0!
0*

#37210000
1!
b11 %
b0 &
1*
b11 .
b0 /
00

#37220000
0!
0*

#37230000
1!
1*
10

#37240000
0!
0*

#37250000
1!
b1 &
1*
b1 /
00

#37260000
0!
0*

#37270000
1!
1*
10

#37280000
0!
0*

#37290000
1!
b10 &
1*
b10 /
00

#37300000
0!
0*

#37310000
1!
1*
10

#37320000
0!
0*

#37330000
1!
b11 &
1*
b11 /
00

#37340000
0!
0*

#37350000
1!
1*
10

#37360000
0!
0*

#37370000
1!
b100 &
1*
b100 /
00

#37380000
0!
0*

#37390000
1!
1*
10

#37400000
0!
0*

#37410000
1!
b101 &
1*
b101 /
00

#37420000
0!
0*

#37430000
1!
1*
10

#37440000
0!
0*

#37450000
1!
b110 &
1*
b110 /
00

#37460000
0!
0*

#37470000
1!
1*
10

#37480000
0!
0*

#37490000
1!
b111 &
1*
b111 /
00

#37500000
0!
0*

#37510000
1!
1*
10

#37520000
0!
0*

#37530000
1!
b1000 &
1*
b1000 /
00

#37540000
0!
0*

#37550000
1!
1*
10

#37560000
0!
0*

#37570000
1!
b1001 &
1*
b1001 /
00

#37580000
0!
0*

#37590000
1!
1*
10

#37600000
0!
0*

#37610000
1!
b100 %
b0 &
1*
b100 .
b0 /
00

#37620000
0!
0*

#37630000
1!
1*
10

#37640000
0!
0*

#37650000
1!
b1 &
1*
b1 /
00

#37660000
0!
0*

#37670000
1!
1*
10

#37680000
0!
0*

#37690000
1!
b10 &
1*
b10 /
00

#37700000
0!
0*

#37710000
1!
1*
10

#37720000
0!
0*

#37730000
1!
b11 &
1*
b11 /
00

#37740000
0!
0*

#37750000
1!
1*
10

#37760000
0!
0*

#37770000
1!
b100 &
1*
b100 /
00

#37780000
0!
0*

#37790000
1!
1*
10

#37800000
0!
0*

#37810000
1!
b101 &
1*
b101 /
00

#37820000
0!
0*

#37830000
1!
1*
10

#37840000
0!
0*

#37850000
1!
b110 &
1*
b110 /
00

#37860000
0!
0*

#37870000
1!
1*
10

#37880000
0!
0*

#37890000
1!
b111 &
1*
b111 /
00

#37900000
0!
0*

#37910000
1!
1*
10

#37920000
0!
0*

#37930000
1!
b1000 &
1*
b1000 /
00

#37940000
0!
0*

#37950000
1!
1*
10

#37960000
0!
0*

#37970000
1!
b1001 &
1*
b1001 /
00

#37980000
0!
0*

#37990000
1!
1*
10

#38000000
0!
0*

#38010000
1!
b101 %
b0 &
1*
b101 .
b0 /
00

#38020000
0!
0*

#38030000
1!
1*
10

#38040000
0!
0*

#38050000
1!
b1 &
1*
b1 /
00

#38060000
0!
0*

#38070000
1!
1*
10

#38080000
0!
0*

#38090000
1!
b10 &
1*
b10 /
00

#38100000
0!
0*

#38110000
1!
1*
10

#38120000
0!
0*

#38130000
1!
b11 &
1*
b11 /
00

#38140000
0!
0*

#38150000
1!
1*
10

#38160000
0!
0*

#38170000
1!
b100 &
1*
b100 /
00

#38180000
0!
0*

#38190000
1!
1*
10

#38200000
0!
0*

#38210000
1!
b101 &
1*
b101 /
00

#38220000
0!
0*

#38230000
1!
1*
10

#38240000
0!
0*

#38250000
1!
b110 &
1*
b110 /
00

#38260000
0!
0*

#38270000
1!
1*
10

#38280000
0!
0*

#38290000
1!
b111 &
1*
b111 /
00

#38300000
0!
0*

#38310000
1!
1*
10

#38320000
0!
0*

#38330000
1!
b1000 &
1*
b1000 /
00

#38340000
0!
0*

#38350000
1!
1*
10

#38360000
0!
0*

#38370000
1!
b1001 &
1*
b1001 /
00

#38380000
0!
0*

#38390000
1!
1*
10

#38400000
0!
0*

#38410000
1!
b110 $
b0 %
b0 &
1*
b110 -
b0 .
b0 /
00

#38420000
0!
0*

#38430000
1!
1*
10

#38440000
0!
0*

#38450000
1!
b1 &
1*
b1 /
00

#38460000
0!
0*

#38470000
1!
1*
10

#38480000
0!
0*

#38490000
1!
b10 &
1*
b10 /
00

#38500000
0!
0*

#38510000
1!
1*
10

#38520000
0!
0*

#38530000
1!
b11 &
1*
b11 /
00

#38540000
0!
0*

#38550000
1!
1*
10

#38560000
0!
0*

#38570000
1!
b100 &
1*
b100 /
00

#38580000
0!
0*

#38590000
1!
1*
10

#38600000
0!
0*

#38610000
1!
b101 &
1*
b101 /
00

#38620000
0!
0*

#38630000
1!
1*
10

#38640000
0!
0*

#38650000
1!
b110 &
1*
b110 /
00

#38660000
0!
0*

#38670000
1!
1*
10

#38680000
0!
0*

#38690000
1!
b111 &
1*
b111 /
00

#38700000
0!
0*

#38710000
1!
1*
10

#38720000
0!
0*

#38730000
1!
b1000 &
1*
b1000 /
00

#38740000
0!
0*

#38750000
1!
1*
10

#38760000
0!
0*

#38770000
1!
b1001 &
1*
b1001 /
00

#38780000
0!
0*

#38790000
1!
1*
10

#38800000
0!
0*

#38810000
1!
b1 %
b0 &
1*
b1 .
b0 /
00

#38820000
0!
0*

#38830000
1!
1*
10

#38840000
0!
0*

#38850000
1!
b1 &
1*
b1 /
00

#38860000
0!
0*

#38870000
1!
1*
10

#38880000
0!
0*

#38890000
1!
b10 &
1*
b10 /
00

#38900000
0!
0*

#38910000
1!
1*
10

#38920000
0!
0*

#38930000
1!
b11 &
1*
b11 /
00

#38940000
0!
0*

#38950000
1!
1*
10

#38960000
0!
0*

#38970000
1!
b100 &
1*
b100 /
00

#38980000
0!
0*

#38990000
1!
1*
10

#39000000
0!
0*

#39010000
1!
b101 &
1*
b101 /
00

#39020000
0!
0*

#39030000
1!
1*
10

#39040000
0!
0*

#39050000
1!
b110 &
1*
b110 /
00

#39060000
0!
0*

#39070000
1!
1*
10

#39080000
0!
0*

#39090000
1!
b111 &
1*
b111 /
00

#39100000
0!
0*

#39110000
1!
1*
10

#39120000
0!
0*

#39130000
1!
b1000 &
1*
b1000 /
00

#39140000
0!
0*

#39150000
1!
1*
10

#39160000
0!
0*

#39170000
1!
b1001 &
1*
b1001 /
00

#39180000
0!
0*

#39190000
1!
1*
10

#39200000
0!
0*

#39210000
1!
b10 %
b0 &
1*
b10 .
b0 /
00

#39220000
0!
0*

#39230000
1!
1*
10

#39240000
0!
0*

#39250000
1!
b1 &
1*
b1 /
00

#39260000
0!
0*

#39270000
1!
1*
10

#39280000
0!
0*

#39290000
1!
b10 &
1*
b10 /
00

#39300000
0!
0*

#39310000
1!
1*
10

#39320000
0!
0*

#39330000
1!
b11 &
1*
b11 /
00

#39340000
0!
0*

#39350000
1!
1*
10

#39360000
0!
0*

#39370000
1!
b100 &
1*
b100 /
00

#39380000
0!
0*

#39390000
1!
1*
10

#39400000
0!
0*

#39410000
1!
b101 &
1*
b101 /
00

#39420000
0!
0*

#39430000
1!
1*
10

#39440000
0!
0*

#39450000
1!
b110 &
1*
b110 /
00

#39460000
0!
0*

#39470000
1!
1*
10

#39480000
0!
0*

#39490000
1!
b111 &
1*
b111 /
00

#39500000
0!
0*

#39510000
1!
1*
10

#39520000
0!
0*

#39530000
1!
b1000 &
1*
b1000 /
00

#39540000
0!
0*

#39550000
1!
1*
10

#39560000
0!
0*

#39570000
1!
b1001 &
1*
b1001 /
00

#39580000
0!
0*

#39590000
1!
1*
10

#39600000
0!
0*

#39610000
1!
b11 %
b0 &
1*
b11 .
b0 /
00

#39620000
0!
0*

#39630000
1!
1*
10

#39640000
0!
0*

#39650000
1!
b1 &
1*
b1 /
00

#39660000
0!
0*

#39670000
1!
1*
10

#39680000
0!
0*

#39690000
1!
b10 &
1*
b10 /
00

#39700000
0!
0*

#39710000
1!
1*
10

#39720000
0!
0*

#39730000
1!
b11 &
1*
b11 /
00

#39740000
0!
0*

#39750000
1!
1*
10

#39760000
0!
0*

#39770000
1!
b100 &
1*
b100 /
00

#39780000
0!
0*

#39790000
1!
1*
10

#39800000
0!
0*

#39810000
1!
b101 &
1*
b101 /
00

#39820000
0!
0*

#39830000
1!
1*
10

#39840000
0!
0*

#39850000
1!
b110 &
1*
b110 /
00

#39860000
0!
0*

#39870000
1!
1*
10

#39880000
0!
0*

#39890000
1!
b111 &
1*
b111 /
00

#39900000
0!
0*

#39910000
1!
1*
10

#39920000
0!
0*

#39930000
1!
b1000 &
1*
b1000 /
00

#39940000
0!
0*

#39950000
1!
1*
10

#39960000
0!
0*

#39970000
1!
b1001 &
1*
b1001 /
00

#39980000
0!
0*

#39990000
1!
1*
10

#40000000
0!
0*

#40010000
1!
b100 %
b0 &
1*
b100 .
b0 /
00

#40020000
0!
0*

#40030000
1!
1*
10

#40040000
0!
0*

#40050000
1!
b1 &
1*
b1 /
00

#40060000
0!
0*

#40070000
1!
1*
10

#40080000
0!
0*

#40090000
1!
b10 &
1*
b10 /
00

#40100000
0!
0*

#40110000
1!
1*
10

#40120000
0!
0*

#40130000
1!
b11 &
1*
b11 /
00

#40140000
0!
0*

#40150000
1!
1*
10

#40160000
0!
0*

#40170000
1!
b100 &
1*
b100 /
00

#40180000
0!
0*

#40190000
1!
1*
10

#40200000
0!
0*

#40210000
1!
b101 &
1*
b101 /
00

#40220000
0!
0*

#40230000
1!
1*
10

#40240000
0!
0*

#40250000
1!
b110 &
1*
b110 /
00

#40260000
0!
0*

#40270000
1!
1*
10

#40280000
0!
0*

#40290000
1!
b111 &
1*
b111 /
00

#40300000
0!
0*

#40310000
1!
1*
10

#40320000
0!
0*

#40330000
1!
b1000 &
1*
b1000 /
00

#40340000
0!
0*

#40350000
1!
1*
10

#40360000
0!
0*

#40370000
1!
b1001 &
1*
b1001 /
00

#40380000
0!
0*

#40390000
1!
1*
10

#40400000
0!
0*

#40410000
1!
b101 %
b0 &
1*
b101 .
b0 /
00

#40420000
0!
0*

#40430000
1!
1*
10

#40440000
0!
0*

#40450000
1!
b1 &
1*
b1 /
00

#40460000
0!
0*

#40470000
1!
1*
10

#40480000
0!
0*

#40490000
1!
b10 &
1*
b10 /
00

#40500000
0!
0*

#40510000
1!
1*
10

#40520000
0!
0*

#40530000
1!
b11 &
1*
b11 /
00

#40540000
0!
0*

#40550000
1!
1*
10

#40560000
0!
0*

#40570000
1!
b100 &
1*
b100 /
00

#40580000
0!
0*

#40590000
1!
1*
10

#40600000
0!
0*

#40610000
1!
b101 &
1*
b101 /
00

#40620000
0!
0*

#40630000
1!
1*
10

#40640000
0!
0*

#40650000
1!
b110 &
1*
b110 /
00

#40660000
0!
0*

#40670000
1!
1*
10

#40680000
0!
0*

#40690000
1!
b111 &
1*
b111 /
00

#40700000
0!
0*

#40710000
1!
1*
10

#40720000
0!
0*

#40730000
1!
b1000 &
1*
b1000 /
00

#40740000
0!
0*

#40750000
1!
1*
10

#40760000
0!
0*

#40770000
1!
b1001 &
1*
b1001 /
00

#40780000
0!
0*

#40790000
1!
1*
10

#40800000
0!
0*

#40810000
1!
b111 $
b0 %
b0 &
1*
b111 -
b0 .
b0 /
00

#40820000
0!
0*

#40830000
1!
1*
10

#40840000
0!
0*

#40850000
1!
b1 &
1*
b1 /
00

#40860000
0!
0*

#40870000
1!
1*
10

#40880000
0!
0*

#40890000
1!
b10 &
1*
b10 /
00

#40900000
0!
0*

#40910000
1!
1*
10

#40920000
0!
0*

#40930000
1!
b11 &
1*
b11 /
00

#40940000
0!
0*

#40950000
1!
1*
10

#40960000
0!
0*

#40970000
1!
b100 &
1*
b100 /
00

#40980000
0!
0*

#40990000
1!
1*
10

#41000000
0!
0*

#41010000
1!
b101 &
1*
b101 /
00

#41020000
0!
0*

#41030000
1!
1*
10

#41040000
0!
0*

#41050000
1!
b110 &
1*
b110 /
00

#41060000
0!
0*

#41070000
1!
1*
10

#41080000
0!
0*

#41090000
1!
b111 &
1*
b111 /
00

#41100000
0!
0*

#41110000
1!
1*
10

#41120000
0!
0*

#41130000
1!
b1000 &
1*
b1000 /
00

#41140000
0!
0*

#41150000
1!
1*
10

#41160000
0!
0*

#41170000
1!
b1001 &
1*
b1001 /
00

#41180000
0!
0*

#41190000
1!
1*
10

#41200000
0!
0*

#41210000
1!
b1 %
b0 &
1*
b1 .
b0 /
00

#41220000
0!
0*

#41230000
1!
1*
10

#41240000
0!
0*

#41250000
1!
b1 &
1*
b1 /
00

#41260000
0!
0*

#41270000
1!
1*
10

#41280000
0!
0*

#41290000
1!
b10 &
1*
b10 /
00

#41300000
0!
0*

#41310000
1!
1*
10

#41320000
0!
0*

#41330000
1!
b11 &
1*
b11 /
00

#41340000
0!
0*

#41350000
1!
1*
10

#41360000
0!
0*

#41370000
1!
b100 &
1*
b100 /
00

#41380000
0!
0*

#41390000
1!
1*
10

#41400000
0!
0*

#41410000
1!
b101 &
1*
b101 /
00

#41420000
0!
0*

#41430000
1!
1*
10

#41440000
0!
0*

#41450000
1!
b110 &
1*
b110 /
00

#41460000
0!
0*

#41470000
1!
1*
10

#41480000
0!
0*

#41490000
1!
b111 &
1*
b111 /
00

#41500000
0!
0*

#41510000
1!
1*
10

#41520000
0!
0*

#41530000
1!
b1000 &
1*
b1000 /
00

#41540000
0!
0*

#41550000
1!
1*
10

#41560000
0!
0*

#41570000
1!
b1001 &
1*
b1001 /
00

#41580000
0!
0*

#41590000
1!
1*
10

#41600000
0!
0*

#41610000
1!
b10 %
b0 &
1*
b10 .
b0 /
00

#41620000
0!
0*

#41630000
1!
1*
10

#41640000
0!
0*

#41650000
1!
b1 &
1*
b1 /
00

#41660000
0!
0*

#41670000
1!
1*
10

#41680000
0!
0*

#41690000
1!
b10 &
1*
b10 /
00

#41700000
0!
0*

#41710000
1!
1*
10

#41720000
0!
0*

#41730000
1!
b11 &
1*
b11 /
00

#41740000
0!
0*

#41750000
1!
1*
10

#41760000
0!
0*

#41770000
1!
b100 &
1*
b100 /
00

#41780000
0!
0*

#41790000
1!
1*
10

#41800000
0!
0*

#41810000
1!
b101 &
1*
b101 /
00

#41820000
0!
0*

#41830000
1!
1*
10

#41840000
0!
0*

#41850000
1!
b110 &
1*
b110 /
00

#41860000
0!
0*

#41870000
1!
1*
10

#41880000
0!
0*

#41890000
1!
b111 &
1*
b111 /
00

#41900000
0!
0*

#41910000
1!
1*
10

#41920000
0!
0*

#41930000
1!
b1000 &
1*
b1000 /
00

#41940000
0!
0*

#41950000
1!
1*
10

#41960000
0!
0*

#41970000
1!
b1001 &
1*
b1001 /
00

#41980000
0!
0*

#41990000
1!
1*
10

#42000000
0!
0*

#42010000
1!
b11 %
b0 &
1*
b11 .
b0 /
00

#42020000
0!
0*

#42030000
1!
1*
10

#42040000
0!
0*

#42050000
1!
b1 &
1*
b1 /
00

#42060000
0!
0*

#42070000
1!
1*
10

#42080000
0!
0*

#42090000
1!
b10 &
1*
b10 /
00

#42100000
0!
0*

#42110000
1!
1*
10

#42120000
0!
0*

#42130000
1!
b11 &
1*
b11 /
00

#42140000
0!
0*

#42150000
1!
1*
10

#42160000
0!
0*

#42170000
1!
b100 &
1*
b100 /
00

#42180000
0!
0*

#42190000
1!
1*
10

#42200000
0!
0*

#42210000
1!
b101 &
1*
b101 /
00

#42220000
0!
0*

#42230000
1!
1*
10

#42240000
0!
0*

#42250000
1!
b110 &
1*
b110 /
00

#42260000
0!
0*

#42270000
1!
1*
10

#42280000
0!
0*

#42290000
1!
b111 &
1*
b111 /
00

#42300000
0!
0*

#42310000
1!
1*
10

#42320000
0!
0*

#42330000
1!
b1000 &
1*
b1000 /
00

#42340000
0!
0*

#42350000
1!
1*
10

#42360000
0!
0*

#42370000
1!
b1001 &
1*
b1001 /
00

#42380000
0!
0*

#42390000
1!
1*
10

#42400000
0!
0*

#42410000
1!
b100 %
b0 &
1*
b100 .
b0 /
00

#42420000
0!
0*

#42430000
1!
1*
10

#42440000
0!
0*

#42450000
1!
b1 &
1*
b1 /
00

#42460000
0!
0*

#42470000
1!
1*
10

#42480000
0!
0*

#42490000
1!
b10 &
1*
b10 /
00

#42500000
0!
0*

#42510000
1!
1*
10

#42520000
0!
0*

#42530000
1!
b11 &
1*
b11 /
00

#42540000
0!
0*

#42550000
1!
1*
10

#42560000
0!
0*

#42570000
1!
b100 &
1*
b100 /
00

#42580000
0!
0*

#42590000
1!
1*
10

#42600000
0!
0*

#42610000
1!
b101 &
1*
b101 /
00

#42620000
0!
0*

#42630000
1!
1*
10

#42640000
0!
0*

#42650000
1!
b110 &
1*
b110 /
00

#42660000
0!
0*

#42670000
1!
1*
10

#42680000
0!
0*

#42690000
1!
b111 &
1*
b111 /
00

#42700000
0!
0*

#42710000
1!
1*
10

#42720000
0!
0*

#42730000
1!
b1000 &
1*
b1000 /
00

#42740000
0!
0*

#42750000
1!
1*
10

#42760000
0!
0*

#42770000
1!
b1001 &
1*
b1001 /
00

#42780000
0!
0*

#42790000
1!
1*
10

#42800000
0!
0*

#42810000
1!
b101 %
b0 &
1*
b101 .
b0 /
00

#42820000
0!
0*

#42830000
1!
1*
10

#42840000
0!
0*

#42850000
1!
b1 &
1*
b1 /
00

#42860000
0!
0*

#42870000
1!
1*
10

#42880000
0!
0*

#42890000
1!
b10 &
1*
b10 /
00

#42900000
0!
0*

#42910000
1!
1*
10

#42920000
0!
0*

#42930000
1!
b11 &
1*
b11 /
00

#42940000
0!
0*

#42950000
1!
1*
10

#42960000
0!
0*

#42970000
1!
b100 &
1*
b100 /
00

#42980000
0!
0*

#42990000
1!
1*
10

#43000000
0!
0*

#43010000
1!
b101 &
1*
b101 /
00

#43020000
0!
0*

#43030000
1!
1*
10

#43040000
0!
0*

#43050000
1!
b110 &
1*
b110 /
00

#43060000
0!
0*

#43070000
1!
1*
10

#43080000
0!
0*

#43090000
1!
b111 &
1*
b111 /
00

#43100000
0!
0*

#43110000
1!
1*
10

#43120000
0!
0*

#43130000
1!
b1000 &
1*
b1000 /
00

#43140000
0!
0*

#43150000
1!
1*
10

#43160000
0!
0*

#43170000
1!
b1001 &
1*
b1001 /
00

#43180000
0!
0*

#43190000
1!
1*
10

#43200000
0!
0*

#43210000
1!
b1000 $
b0 %
b0 &
1*
b1000 -
b0 .
b0 /
00

#43220000
0!
0*

#43230000
1!
1*
10

#43240000
0!
0*

#43250000
1!
b1 &
1*
b1 /
00

#43260000
0!
0*

#43270000
1!
1*
10

#43280000
0!
0*

#43290000
1!
b10 &
1*
b10 /
00

#43300000
0!
0*

#43310000
1!
1*
10

#43320000
0!
0*

#43330000
1!
b11 &
1*
b11 /
00

#43340000
0!
0*

#43350000
1!
1*
10

#43360000
0!
0*

#43370000
1!
b100 &
1*
b100 /
00

#43380000
0!
0*

#43390000
1!
1*
10

#43400000
0!
0*

#43410000
1!
b101 &
1*
b101 /
00

#43420000
0!
0*

#43430000
1!
1*
10

#43440000
0!
0*

#43450000
1!
b110 &
1*
b110 /
00

#43460000
0!
0*

#43470000
1!
1*
10

#43480000
0!
0*

#43490000
1!
b111 &
1*
b111 /
00

#43500000
0!
0*

#43510000
1!
1*
10

#43520000
0!
0*

#43530000
1!
b1000 &
1*
b1000 /
00

#43540000
0!
0*

#43550000
1!
1*
10

#43560000
0!
0*

#43570000
1!
b1001 &
1*
b1001 /
00

#43580000
0!
0*

#43590000
1!
1*
10

#43600000
0!
0*

#43610000
1!
b1 %
b0 &
1*
b1 .
b0 /
00

#43620000
0!
0*

#43630000
1!
1*
10

#43640000
0!
0*

#43650000
1!
b1 &
1*
b1 /
00

#43660000
0!
0*

#43670000
1!
1*
10

#43680000
0!
0*

#43690000
1!
b10 &
1*
b10 /
00

#43700000
0!
0*

#43710000
1!
1*
10

#43720000
0!
0*

#43730000
1!
b11 &
1*
b11 /
00

#43740000
0!
0*

#43750000
1!
1*
10

#43760000
0!
0*

#43770000
1!
b100 &
1*
b100 /
00

#43780000
0!
0*

#43790000
1!
1*
10

#43800000
0!
0*

#43810000
1!
b101 &
1*
b101 /
00

#43820000
0!
0*

#43830000
1!
1*
10

#43840000
0!
0*

#43850000
1!
b110 &
1*
b110 /
00

#43860000
0!
0*

#43870000
1!
1*
10

#43880000
0!
0*

#43890000
1!
b111 &
1*
b111 /
00

#43900000
0!
0*

#43910000
1!
1*
10

#43920000
0!
0*

#43930000
1!
b1000 &
1*
b1000 /
00

#43940000
0!
0*

#43950000
1!
1*
10

#43960000
0!
0*

#43970000
1!
b1001 &
1*
b1001 /
00

#43980000
0!
0*

#43990000
1!
1*
10

#44000000
0!
0*

#44010000
1!
b10 %
b0 &
1*
b10 .
b0 /
00

#44020000
0!
0*

#44030000
1!
1*
10

#44040000
0!
0*

#44050000
1!
b1 &
1*
b1 /
00

#44060000
0!
0*

#44070000
1!
1*
10

#44080000
0!
0*

#44090000
1!
b10 &
1*
b10 /
00

#44100000
0!
0*

#44110000
1!
1*
10

#44120000
0!
0*

#44130000
1!
b11 &
1*
b11 /
00

#44140000
0!
0*

#44150000
1!
1*
10

#44160000
0!
0*

#44170000
1!
b100 &
1*
b100 /
00

#44180000
0!
0*

#44190000
1!
1*
10

#44200000
0!
0*

#44210000
1!
b101 &
1*
b101 /
00

#44220000
0!
0*

#44230000
1!
1*
10

#44240000
0!
0*

#44250000
1!
b110 &
1*
b110 /
00

#44260000
0!
0*

#44270000
1!
1*
10

#44280000
0!
0*

#44290000
1!
b111 &
1*
b111 /
00

#44300000
0!
0*

#44310000
1!
1*
10

#44320000
0!
0*

#44330000
1!
b1000 &
1*
b1000 /
00

#44340000
0!
0*

#44350000
1!
1*
10

#44360000
0!
0*

#44370000
1!
b1001 &
1*
b1001 /
00

#44380000
0!
0*

#44390000
1!
1*
10

#44400000
0!
0*

#44410000
1!
b11 %
b0 &
1*
b11 .
b0 /
00

#44420000
0!
0*

#44430000
1!
1*
10

#44440000
0!
0*

#44450000
1!
b1 &
1*
b1 /
00

#44460000
0!
0*

#44470000
1!
1*
10

#44480000
0!
0*

#44490000
1!
b10 &
1*
b10 /
00

#44500000
0!
0*

#44510000
1!
1*
10

#44520000
0!
0*

#44530000
1!
b11 &
1*
b11 /
00

#44540000
0!
0*

#44550000
1!
1*
10

#44560000
0!
0*

#44570000
1!
b100 &
1*
b100 /
00

#44580000
0!
0*

#44590000
1!
1*
10

#44600000
0!
0*

#44610000
1!
b101 &
1*
b101 /
00

#44620000
0!
0*

#44630000
1!
1*
10

#44640000
0!
0*

#44650000
1!
b110 &
1*
b110 /
00

#44660000
0!
0*

#44670000
1!
1*
10

#44680000
0!
0*

#44690000
1!
b111 &
1*
b111 /
00

#44700000
0!
0*

#44710000
1!
1*
10

#44720000
0!
0*

#44730000
1!
b1000 &
1*
b1000 /
00

#44740000
0!
0*

#44750000
1!
1*
10

#44760000
0!
0*

#44770000
1!
b1001 &
1*
b1001 /
00

#44780000
0!
0*

#44790000
1!
1*
10

#44800000
0!
0*

#44810000
1!
b100 %
b0 &
1*
b100 .
b0 /
00

#44820000
0!
0*

#44830000
1!
1*
10

#44840000
0!
0*

#44850000
1!
b1 &
1*
b1 /
00

#44860000
0!
0*

#44870000
1!
1*
10

#44880000
0!
0*

#44890000
1!
b10 &
1*
b10 /
00

#44900000
0!
0*

#44910000
1!
1*
10

#44920000
0!
0*

#44930000
1!
b11 &
1*
b11 /
00

#44940000
0!
0*

#44950000
1!
1*
10

#44960000
0!
0*

#44970000
1!
b100 &
1*
b100 /
00

#44980000
0!
0*

#44990000
1!
1*
10

#45000000
0!
0*

#45010000
1!
b101 &
1*
b101 /
00

#45020000
0!
0*

#45030000
1!
1*
10

#45040000
0!
0*

#45050000
1!
b110 &
1*
b110 /
00

#45060000
0!
0*

#45070000
1!
1*
10

#45080000
0!
0*

#45090000
1!
b111 &
1*
b111 /
00

#45100000
0!
0*

#45110000
1!
1*
10

#45120000
0!
0*

#45130000
1!
b1000 &
1*
b1000 /
00

#45140000
0!
0*

#45150000
1!
1*
10

#45160000
0!
0*

#45170000
1!
b1001 &
1*
b1001 /
00

#45180000
0!
0*

#45190000
1!
1*
10

#45200000
0!
0*

#45210000
1!
b101 %
b0 &
1*
b101 .
b0 /
00

#45220000
0!
0*

#45230000
1!
1*
10

#45240000
0!
0*

#45250000
1!
b1 &
1*
b1 /
00

#45260000
0!
0*

#45270000
1!
1*
10

#45280000
0!
0*

#45290000
1!
b10 &
1*
b10 /
00

#45300000
0!
0*

#45310000
1!
1*
10

#45320000
0!
0*

#45330000
1!
b11 &
1*
b11 /
00

#45340000
0!
0*

#45350000
1!
1*
10

#45360000
0!
0*

#45370000
1!
b100 &
1*
b100 /
00

#45380000
0!
0*

#45390000
1!
1*
10

#45400000
0!
0*

#45410000
1!
b101 &
1*
b101 /
00

#45420000
0!
0*

#45430000
1!
1*
10

#45440000
0!
0*

#45450000
1!
b110 &
1*
b110 /
00

#45460000
0!
0*

#45470000
1!
1*
10

#45480000
0!
0*

#45490000
1!
b111 &
1*
b111 /
00

#45500000
0!
0*

#45510000
1!
1*
10

#45520000
0!
0*

#45530000
1!
b1000 &
1*
b1000 /
00

#45540000
0!
0*

#45550000
1!
1*
10

#45560000
0!
0*

#45570000
1!
b1001 &
1*
b1001 /
00

#45580000
0!
0*

#45590000
1!
1*
10

#45600000
0!
0*

#45610000
1!
b1001 $
b0 %
b0 &
1*
b1001 -
b0 .
b0 /
00

#45620000
0!
0*

#45630000
1!
1*
10

#45640000
0!
0*

#45650000
1!
b1 &
1*
b1 /
00

#45660000
0!
0*

#45670000
1!
1*
10

#45680000
0!
0*

#45690000
1!
b10 &
1*
b10 /
00

#45700000
0!
0*

#45710000
1!
1*
10

#45720000
0!
0*

#45730000
1!
b11 &
1*
b11 /
00

#45740000
0!
0*

#45750000
1!
1*
10

#45760000
0!
0*

#45770000
1!
b100 &
1*
b100 /
00

#45780000
0!
0*

#45790000
1!
1*
10

#45800000
0!
0*

#45810000
1!
b101 &
1*
b101 /
00

#45820000
0!
0*

#45830000
1!
1*
10

#45840000
0!
0*

#45850000
1!
b110 &
1*
b110 /
00

#45860000
0!
0*

#45870000
1!
1*
10

#45880000
0!
0*

#45890000
1!
b111 &
1*
b111 /
00

#45900000
0!
0*

#45910000
1!
1*
10

#45920000
0!
0*

#45930000
1!
b1000 &
1*
b1000 /
00

#45940000
0!
0*

#45950000
1!
1*
10

#45960000
0!
0*

#45970000
1!
b1001 &
1*
b1001 /
00

#45980000
0!
0*

#45990000
1!
1*
10

#46000000
0!
0*

#46010000
1!
b1 %
b0 &
1*
b1 .
b0 /
00

#46020000
0!
0*

#46030000
1!
1*
10

#46040000
0!
0*

#46050000
1!
b1 &
1*
b1 /
00

#46060000
0!
0*

#46070000
1!
1*
10

#46080000
0!
0*

#46090000
1!
b10 &
1*
b10 /
00

#46100000
0!
0*

#46110000
1!
1*
10

#46120000
0!
0*

#46130000
1!
b11 &
1*
b11 /
00

#46140000
0!
0*

#46150000
1!
1*
10

#46160000
0!
0*

#46170000
1!
b100 &
1*
b100 /
00

#46180000
0!
0*

#46190000
1!
1*
10

#46200000
0!
0*

#46210000
1!
b101 &
1*
b101 /
00

#46220000
0!
0*

#46230000
1!
1*
10

#46240000
0!
0*

#46250000
1!
b110 &
1*
b110 /
00

#46260000
0!
0*

#46270000
1!
1*
10

#46280000
0!
0*

#46290000
1!
b111 &
1*
b111 /
00

#46300000
0!
0*

#46310000
1!
1*
10

#46320000
0!
0*

#46330000
1!
b1000 &
1*
b1000 /
00

#46340000
0!
0*

#46350000
1!
1*
10

#46360000
0!
0*

#46370000
1!
b1001 &
1*
b1001 /
00

#46380000
0!
0*

#46390000
1!
1*
10

#46400000
0!
0*

#46410000
1!
b10 %
b0 &
1*
b10 .
b0 /
00

#46420000
0!
0*

#46430000
1!
1*
10

#46440000
0!
0*

#46450000
1!
b1 &
1*
b1 /
00

#46460000
0!
0*

#46470000
1!
1*
10

#46480000
0!
0*

#46490000
1!
b10 &
1*
b10 /
00

#46500000
0!
0*

#46510000
1!
1*
10

#46520000
0!
0*

#46530000
1!
b11 &
1*
b11 /
00

#46540000
0!
0*

#46550000
1!
1*
10

#46560000
0!
0*

#46570000
1!
b100 &
1*
b100 /
00

#46580000
0!
0*

#46590000
1!
1*
10

#46600000
0!
0*

#46610000
1!
b101 &
1*
b101 /
00

#46620000
0!
0*

#46630000
1!
1*
10

#46640000
0!
0*

#46650000
1!
b110 &
1*
b110 /
00

#46660000
0!
0*

#46670000
1!
1*
10

#46680000
0!
0*

#46690000
1!
b111 &
1*
b111 /
00

#46700000
0!
0*

#46710000
1!
1*
10

#46720000
0!
0*

#46730000
1!
b1000 &
1*
b1000 /
00

#46740000
0!
0*

#46750000
1!
1*
10

#46760000
0!
0*

#46770000
1!
b1001 &
1*
b1001 /
00

#46780000
0!
0*

#46790000
1!
1*
10

#46800000
0!
0*

#46810000
1!
b11 %
b0 &
1*
b11 .
b0 /
00

#46820000
0!
0*

#46830000
1!
1*
10

#46840000
0!
0*

#46850000
1!
b1 &
1*
b1 /
00

#46860000
0!
0*

#46870000
1!
1*
10

#46880000
0!
0*

#46890000
1!
b10 &
1*
b10 /
00

#46900000
0!
0*

#46910000
1!
1*
10

#46920000
0!
0*

#46930000
1!
b11 &
1*
b11 /
00

#46940000
0!
0*

#46950000
1!
1*
10

#46960000
0!
0*

#46970000
1!
b100 &
1*
b100 /
00

#46980000
0!
0*

#46990000
1!
1*
10

#47000000
0!
0*

#47010000
1!
b101 &
1*
b101 /
00

#47020000
0!
0*

#47030000
1!
1*
10

#47040000
0!
0*

#47050000
1!
b110 &
1*
b110 /
00

#47060000
0!
0*

#47070000
1!
1*
10

#47080000
0!
0*

#47090000
1!
b111 &
1*
b111 /
00

#47100000
0!
0*

#47110000
1!
1*
10

#47120000
0!
0*

#47130000
1!
b1000 &
1*
b1000 /
00

#47140000
0!
0*

#47150000
1!
1*
10

#47160000
0!
0*

#47170000
1!
b1001 &
1*
b1001 /
00

#47180000
0!
0*

#47190000
1!
1*
10

#47200000
0!
0*

#47210000
1!
b100 %
b0 &
1*
b100 .
b0 /
00

#47220000
0!
0*

#47230000
1!
1*
10

#47240000
0!
0*

#47250000
1!
b1 &
1*
b1 /
00

#47260000
0!
0*

#47270000
1!
1*
10

#47280000
0!
0*

#47290000
1!
b10 &
1*
b10 /
00

#47300000
0!
0*

#47310000
1!
1*
10

#47320000
0!
0*

#47330000
1!
b11 &
1*
b11 /
00

#47340000
0!
0*

#47350000
1!
1*
10

#47360000
0!
0*

#47370000
1!
b100 &
1*
b100 /
00

#47380000
0!
0*

#47390000
1!
1*
10

#47400000
0!
0*

#47410000
1!
b101 &
1*
b101 /
00

#47420000
0!
0*

#47430000
1!
1*
10

#47440000
0!
0*

#47450000
1!
b110 &
1*
b110 /
00

#47460000
0!
0*

#47470000
1!
1*
10

#47480000
0!
0*

#47490000
1!
b111 &
1*
b111 /
00

#47500000
0!
0*

#47510000
1!
1*
10

#47520000
0!
0*

#47530000
1!
b1000 &
1*
b1000 /
00

#47540000
0!
0*

#47550000
1!
1*
10

#47560000
0!
0*

#47570000
1!
b1001 &
1*
b1001 /
00

#47580000
0!
0*

#47590000
1!
1*
10

#47600000
0!
0*

#47610000
1!
b101 %
b0 &
1*
b101 .
b0 /
00

#47620000
0!
0*

#47630000
1!
1*
10

#47640000
0!
0*

#47650000
1!
b1 &
1*
b1 /
00

#47660000
0!
0*

#47670000
1!
1*
10

#47680000
0!
0*

#47690000
1!
b10 &
1*
b10 /
00

#47700000
0!
0*

#47710000
1!
1*
10

#47720000
0!
0*

#47730000
1!
b11 &
1*
b11 /
00

#47740000
0!
0*

#47750000
1!
1*
10

#47760000
0!
0*

#47770000
1!
b100 &
1*
b100 /
00

#47780000
0!
0*

#47790000
1!
1*
10

#47800000
0!
0*

#47810000
1!
b101 &
1*
b101 /
00

#47820000
0!
0*

#47830000
1!
1*
10

#47840000
0!
0*

#47850000
1!
b110 &
1*
b110 /
00

#47860000
0!
0*

#47870000
1!
1*
10

#47880000
0!
0*

#47890000
1!
b111 &
1*
b111 /
00

#47900000
0!
0*

#47910000
1!
1*
10

#47920000
0!
0*

#47930000
1!
b1000 &
1*
b1000 /
00

#47940000
0!
0*

#47950000
1!
1*
10

#47960000
0!
0*

#47970000
1!
b1001 &
1*
b1001 /
00

#47980000
0!
0*

#47990000
1!
1*
10

#48000000
0!
0*

#48010000
1!
b10 #
b0 $
b0 %
b0 &
1*
b10 ,
b0 -
b0 .
b0 /
00

#48020000
0!
0*

#48030000
1!
1*
10

#48040000
0!
0*

#48050000
1!
b1 &
1*
b1 /
00

#48060000
0!
0*

#48070000
1!
1*
10

#48080000
0!
0*

#48090000
1!
b10 &
1*
b10 /
00

#48100000
0!
0*

#48110000
1!
1*
10

#48120000
0!
0*

#48130000
1!
b11 &
1*
b11 /
00

#48140000
0!
0*

#48150000
1!
1*
10

#48160000
0!
0*

#48170000
1!
b100 &
1*
b100 /
00

#48180000
0!
0*

#48190000
1!
1*
10

#48200000
0!
0*

#48210000
1!
b101 &
1*
b101 /
00

#48220000
0!
0*

#48230000
1!
1*
10

#48240000
0!
0*

#48250000
1!
b110 &
1*
b110 /
00

#48260000
0!
0*

#48270000
1!
1*
10

#48280000
0!
0*

#48290000
1!
b111 &
1*
b111 /
00

#48300000
0!
0*

#48310000
1!
1*
10

#48320000
0!
0*

#48330000
1!
b1000 &
1*
b1000 /
00

#48340000
0!
0*

#48350000
1!
1*
10

#48360000
0!
0*

#48370000
1!
b1001 &
1*
b1001 /
00

#48380000
0!
0*

#48390000
1!
1*
10

#48400000
0!
0*

#48410000
1!
b1 %
b0 &
1*
b1 .
b0 /
00

#48420000
0!
0*

#48430000
1!
1*
10

#48440000
0!
0*

#48450000
1!
b1 &
1*
b1 /
00

#48460000
0!
0*

#48470000
1!
1*
10

#48480000
0!
0*

#48490000
1!
b10 &
1*
b10 /
00

#48500000
0!
0*

#48510000
1!
1*
10

#48520000
0!
0*

#48530000
1!
b11 &
1*
b11 /
00

#48540000
0!
0*

#48550000
1!
1*
10

#48560000
0!
0*

#48570000
1!
b100 &
1*
b100 /
00

#48580000
0!
0*

#48590000
1!
1*
10

#48600000
0!
0*

#48610000
1!
b101 &
1*
b101 /
00

#48620000
0!
0*

#48630000
1!
1*
10

#48640000
0!
0*

#48650000
1!
b110 &
1*
b110 /
00

#48660000
0!
0*

#48670000
1!
1*
10

#48680000
0!
0*

#48690000
1!
b111 &
1*
b111 /
00

#48700000
0!
0*

#48710000
1!
1*
10

#48720000
0!
0*

#48730000
1!
b1000 &
1*
b1000 /
00

#48740000
0!
0*

#48750000
1!
1*
10

#48760000
0!
0*

#48770000
1!
b1001 &
1*
b1001 /
00

#48780000
0!
0*

#48790000
1!
1*
10

#48800000
0!
0*

#48810000
1!
b10 %
b0 &
1*
b10 .
b0 /
00

#48820000
0!
0*

#48830000
1!
1*
10

#48840000
0!
0*

#48850000
1!
b1 &
1*
b1 /
00

#48860000
0!
0*

#48870000
1!
1*
10

#48880000
0!
0*

#48890000
1!
b10 &
1*
b10 /
00

#48900000
0!
0*

#48910000
1!
1*
10

#48920000
0!
0*

#48930000
1!
b11 &
1*
b11 /
00

#48940000
0!
0*

#48950000
1!
1*
10

#48960000
0!
0*

#48970000
1!
b100 &
1*
b100 /
00

#48980000
0!
0*

#48990000
1!
1*
10

#49000000
0!
0*

#49010000
1!
b101 &
1*
b101 /
00

#49020000
0!
0*

#49030000
1!
1*
10

#49040000
0!
0*

#49050000
1!
b110 &
1*
b110 /
00

#49060000
0!
0*

#49070000
1!
1*
10

#49080000
0!
0*

#49090000
1!
b111 &
1*
b111 /
00

#49100000
0!
0*

#49110000
1!
1*
10

#49120000
0!
0*

#49130000
1!
b1000 &
1*
b1000 /
00

#49140000
0!
0*

#49150000
1!
1*
10

#49160000
0!
0*

#49170000
1!
b1001 &
1*
b1001 /
00

#49180000
0!
0*

#49190000
1!
1*
10

#49200000
0!
0*

#49210000
1!
b11 %
b0 &
1*
b11 .
b0 /
00

#49220000
0!
0*

#49230000
1!
1*
10

#49240000
0!
0*

#49250000
1!
b1 &
1*
b1 /
00

#49260000
0!
0*

#49270000
1!
1*
10

#49280000
0!
0*

#49290000
1!
b10 &
1*
b10 /
00

#49300000
0!
0*

#49310000
1!
1*
10

#49320000
0!
0*

#49330000
1!
b11 &
1*
b11 /
00

#49340000
0!
0*

#49350000
1!
1*
10

#49360000
0!
0*

#49370000
1!
b100 &
1*
b100 /
00

#49380000
0!
0*

#49390000
1!
1*
10

#49400000
0!
0*

#49410000
1!
b101 &
1*
b101 /
00

#49420000
0!
0*

#49430000
1!
1*
10

#49440000
0!
0*

#49450000
1!
b110 &
1*
b110 /
00

#49460000
0!
0*

#49470000
1!
1*
10

#49480000
0!
0*

#49490000
1!
b111 &
1*
b111 /
00

#49500000
0!
0*

#49510000
1!
1*
10

#49520000
0!
0*

#49530000
1!
b1000 &
1*
b1000 /
00

#49540000
0!
0*

#49550000
1!
1*
10

#49560000
0!
0*

#49570000
1!
b1001 &
1*
b1001 /
00

#49580000
0!
0*

#49590000
1!
1*
10

#49600000
0!
0*

#49610000
1!
b100 %
b0 &
1*
b100 .
b0 /
00

#49620000
0!
0*

#49630000
1!
1*
10

#49640000
0!
0*

#49650000
1!
b1 &
1*
b1 /
00

#49660000
0!
0*

#49670000
1!
1*
10

#49680000
0!
0*

#49690000
1!
b10 &
1*
b10 /
00

#49700000
0!
0*

#49710000
1!
1*
10

#49720000
0!
0*

#49730000
1!
b11 &
1*
b11 /
00

#49740000
0!
0*

#49750000
1!
1*
10

#49760000
0!
0*

#49770000
1!
b100 &
1*
b100 /
00

#49780000
0!
0*

#49790000
1!
1*
10

#49800000
0!
0*

#49810000
1!
b101 &
1*
b101 /
00

#49820000
0!
0*

#49830000
1!
1*
10

#49840000
0!
0*

#49850000
1!
b110 &
1*
b110 /
00

#49860000
0!
0*

#49870000
1!
1*
10

#49880000
0!
0*

#49890000
1!
b111 &
1*
b111 /
00

#49900000
0!
0*

#49910000
1!
1*
10

#49920000
0!
0*

#49930000
1!
b1000 &
1*
b1000 /
00

#49940000
0!
0*

#49950000
1!
1*
10

#49960000
0!
0*

#49970000
1!
b1001 &
1*
b1001 /
00

#49980000
0!
0*

#49990000
1!
1*
10

#50000000
0!
0*

#50010000
1!
b101 %
b0 &
1*
b101 .
b0 /
00

#50020000
0!
0*

#50030000
1!
1*
10

#50040000
0!
0*

#50050000
1!
b1 &
1*
b1 /
00

#50060000
0!
0*

#50070000
1!
1*
10

#50080000
0!
0*

#50090000
1!
b10 &
1*
b10 /
00

#50100000
0!
0*

#50110000
1!
1*
10

#50120000
0!
0*

#50130000
1!
b11 &
1*
b11 /
00

#50140000
0!
0*

#50150000
1!
1*
10

#50160000
0!
0*

#50170000
1!
b100 &
1*
b100 /
00

#50180000
0!
0*

#50190000
1!
1*
10

#50200000
0!
0*

#50210000
1!
b101 &
1*
b101 /
00

#50220000
0!
0*

#50230000
1!
1*
10

#50240000
0!
0*

#50250000
1!
b110 &
1*
b110 /
00

#50260000
0!
0*

#50270000
1!
1*
10

#50280000
0!
0*

#50290000
1!
b111 &
1*
b111 /
00

#50300000
0!
0*

#50310000
1!
1*
10

#50320000
0!
0*

#50330000
1!
b1000 &
1*
b1000 /
00

#50340000
0!
0*

#50350000
1!
1*
10

#50360000
0!
0*

#50370000
1!
b1001 &
1*
b1001 /
00

#50380000
0!
0*

#50390000
1!
1*
10

#50400000
0!
0*

#50410000
1!
b1 $
b0 %
b0 &
1*
b1 -
b0 .
b0 /
00

#50420000
0!
0*

#50430000
1!
1*
10

#50440000
0!
0*

#50450000
1!
b1 &
1*
b1 /
00

#50460000
0!
0*

#50470000
1!
1*
10

#50480000
0!
0*

#50490000
1!
b10 &
1*
b10 /
00

#50500000
0!
0*

#50510000
1!
1*
10

#50520000
0!
0*

#50530000
1!
b11 &
1*
b11 /
00

#50540000
0!
0*

#50550000
1!
1*
10

#50560000
0!
0*

#50570000
1!
b100 &
1*
b100 /
00

#50580000
0!
0*

#50590000
1!
1*
10

#50600000
0!
0*

#50610000
1!
b101 &
1*
b101 /
00

#50620000
0!
0*

#50630000
1!
1*
10

#50640000
0!
0*

#50650000
1!
b110 &
1*
b110 /
00

#50660000
0!
0*

#50670000
1!
1*
10

#50680000
0!
0*

#50690000
1!
b111 &
1*
b111 /
00

#50700000
0!
0*

#50710000
1!
1*
10

#50720000
0!
0*

#50730000
1!
b1000 &
1*
b1000 /
00

#50740000
0!
0*

#50750000
1!
1*
10

#50760000
0!
0*

#50770000
1!
b1001 &
1*
b1001 /
00

#50780000
0!
0*

#50790000
1!
1*
10

#50800000
0!
0*

#50810000
1!
b1 %
b0 &
1*
b1 .
b0 /
00

#50820000
0!
0*

#50830000
1!
1*
10

#50840000
0!
0*

#50850000
1!
b1 &
1*
b1 /
00

#50860000
0!
0*

#50870000
1!
1*
10

#50880000
0!
0*

#50890000
1!
b10 &
1*
b10 /
00

#50900000
0!
0*

#50910000
1!
1*
10

#50920000
0!
0*

#50930000
1!
b11 &
1*
b11 /
00

#50940000
0!
0*

#50950000
1!
1*
10

#50960000
0!
0*

#50970000
1!
b100 &
1*
b100 /
00

#50980000
0!
0*

#50990000
1!
1*
10

#51000000
0!
0*

#51010000
1!
b101 &
1*
b101 /
00

#51020000
0!
0*

#51030000
1!
1*
10

#51040000
0!
0*

#51050000
1!
b110 &
1*
b110 /
00

#51060000
0!
0*

#51070000
1!
1*
10

#51080000
0!
0*

#51090000
1!
b111 &
1*
b111 /
00

#51100000
0!
0*

#51110000
1!
1*
10

#51120000
0!
0*

#51130000
1!
b1000 &
1*
b1000 /
00

#51140000
0!
0*

#51150000
1!
1*
10

#51160000
0!
0*

#51170000
1!
b1001 &
1*
b1001 /
00

#51180000
0!
0*

#51190000
1!
1*
10

#51200000
0!
0*

#51210000
1!
b10 %
b0 &
1*
b10 .
b0 /
00

#51220000
0!
0*

#51230000
1!
1*
10

#51240000
0!
0*

#51250000
1!
b1 &
1*
b1 /
00

#51260000
0!
0*

#51270000
1!
1*
10

#51280000
0!
0*

#51290000
1!
b10 &
1*
b10 /
00

#51300000
0!
0*

#51310000
1!
1*
10

#51320000
0!
0*

#51330000
1!
b11 &
1*
b11 /
00

#51340000
0!
0*

#51350000
1!
1*
10

#51360000
0!
0*

#51370000
1!
b100 &
1*
b100 /
00

#51380000
0!
0*

#51390000
1!
1*
10

#51400000
0!
0*

#51410000
1!
b101 &
1*
b101 /
00

#51420000
0!
0*

#51430000
1!
1*
10

#51440000
0!
0*

#51450000
1!
b110 &
1*
b110 /
00

#51460000
0!
0*

#51470000
1!
1*
10

#51480000
0!
0*

#51490000
1!
b111 &
1*
b111 /
00

#51500000
0!
0*

#51510000
1!
1*
10

#51520000
0!
0*

#51530000
1!
b1000 &
1*
b1000 /
00

#51540000
0!
0*

#51550000
1!
1*
10

#51560000
0!
0*

#51570000
1!
b1001 &
1*
b1001 /
00

#51580000
0!
0*

#51590000
1!
1*
10

#51600000
0!
0*

#51610000
1!
b11 %
b0 &
1*
b11 .
b0 /
00

#51620000
0!
0*

#51630000
1!
1*
10

#51640000
0!
0*

#51650000
1!
b1 &
1*
b1 /
00

#51660000
0!
0*

#51670000
1!
1*
10

#51680000
0!
0*

#51690000
1!
b10 &
1*
b10 /
00

#51700000
0!
0*

#51710000
1!
1*
10

#51720000
0!
0*

#51730000
1!
b11 &
1*
b11 /
00

#51740000
0!
0*

#51750000
1!
1*
10

#51760000
0!
0*

#51770000
1!
b100 &
1*
b100 /
00

#51780000
0!
0*

#51790000
1!
1*
10

#51800000
0!
0*

#51810000
1!
b101 &
1*
b101 /
00

#51820000
0!
0*

#51830000
1!
1*
10

#51840000
0!
0*

#51850000
1!
b110 &
1*
b110 /
00

#51860000
0!
0*

#51870000
1!
1*
10

#51880000
0!
0*

#51890000
1!
b111 &
1*
b111 /
00

#51900000
0!
0*

#51910000
1!
1*
10

#51920000
0!
0*

#51930000
1!
b1000 &
1*
b1000 /
00

#51940000
0!
0*

#51950000
1!
1*
10

#51960000
0!
0*

#51970000
1!
b1001 &
1*
b1001 /
00

#51980000
0!
0*

#51990000
1!
1*
10

#52000000
0!
0*

#52010000
1!
b100 %
b0 &
1*
b100 .
b0 /
00

#52020000
0!
0*

#52030000
1!
1*
10

#52040000
0!
0*

#52050000
1!
b1 &
1*
b1 /
00

#52060000
0!
0*

#52070000
1!
1*
10

#52080000
0!
0*

#52090000
1!
b10 &
1*
b10 /
00

#52100000
0!
0*

#52110000
1!
1*
10

#52120000
0!
0*

#52130000
1!
b11 &
1*
b11 /
00

#52140000
0!
0*

#52150000
1!
1*
10

#52160000
0!
0*

#52170000
1!
b100 &
1*
b100 /
00

#52180000
0!
0*

#52190000
1!
1*
10

#52200000
0!
0*

#52210000
1!
b101 &
1*
b101 /
00

#52220000
0!
0*

#52230000
1!
1*
10

#52240000
0!
0*

#52250000
1!
b110 &
1*
b110 /
00

#52260000
0!
0*

#52270000
1!
1*
10

#52280000
0!
0*

#52290000
1!
b111 &
1*
b111 /
00

#52300000
0!
0*

#52310000
1!
1*
10

#52320000
0!
0*

#52330000
1!
b1000 &
1*
b1000 /
00

#52340000
0!
0*

#52350000
1!
1*
10

#52360000
0!
0*

#52370000
1!
b1001 &
1*
b1001 /
00

#52380000
0!
0*

#52390000
1!
1*
10

#52400000
0!
0*

#52410000
1!
b101 %
b0 &
1*
b101 .
b0 /
00

#52420000
0!
0*

#52430000
1!
1*
10

#52440000
0!
0*

#52450000
1!
b1 &
1*
b1 /
00

#52460000
0!
0*

#52470000
1!
1*
10

#52480000
0!
0*

#52490000
1!
b10 &
1*
b10 /
00

#52500000
0!
0*

#52510000
1!
1*
10

#52520000
0!
0*

#52530000
1!
b11 &
1*
b11 /
00

#52540000
0!
0*

#52550000
1!
1*
10

#52560000
0!
0*

#52570000
1!
b100 &
1*
b100 /
00

#52580000
0!
0*

#52590000
1!
1*
10

#52600000
0!
0*

#52610000
1!
b101 &
1*
b101 /
00

#52620000
0!
0*

#52630000
1!
1*
10

#52640000
0!
0*

#52650000
1!
b110 &
1*
b110 /
00

#52660000
0!
0*

#52670000
1!
1*
10

#52680000
0!
0*

#52690000
1!
b111 &
1*
b111 /
00

#52700000
0!
0*

#52710000
1!
1*
10

#52720000
0!
0*

#52730000
1!
b1000 &
1*
b1000 /
00

#52740000
0!
0*

#52750000
1!
1*
10

#52760000
0!
0*

#52770000
1!
b1001 &
1*
b1001 /
00

#52780000
0!
0*

#52790000
1!
1*
10

#52800000
0!
0*

#52810000
1!
b10 $
b0 %
b0 &
1*
b10 -
b0 .
b0 /
00

#52820000
0!
0*

#52830000
1!
1*
10

#52840000
0!
0*

#52850000
1!
b1 &
1*
b1 /
00

#52860000
0!
0*

#52870000
1!
1*
10

#52880000
0!
0*

#52890000
1!
b10 &
1*
b10 /
00

#52900000
0!
0*

#52910000
1!
1*
10

#52920000
0!
0*

#52930000
1!
b11 &
1*
b11 /
00

#52940000
0!
0*

#52950000
1!
1*
10

#52960000
0!
0*

#52970000
1!
b100 &
1*
b100 /
00

#52980000
0!
0*

#52990000
1!
1*
10

#53000000
0!
0*

#53010000
1!
b101 &
1*
b101 /
00

#53020000
0!
0*

#53030000
1!
1*
10

#53040000
0!
0*

#53050000
1!
b110 &
1*
b110 /
00

#53060000
0!
0*

#53070000
1!
1*
10

#53080000
0!
0*

#53090000
1!
b111 &
1*
b111 /
00

#53100000
0!
0*

#53110000
1!
1*
10

#53120000
0!
0*

#53130000
1!
b1000 &
1*
b1000 /
00

#53140000
0!
0*

#53150000
1!
1*
10

#53160000
0!
0*

#53170000
1!
b1001 &
1*
b1001 /
00

#53180000
0!
0*

#53190000
1!
1*
10

#53200000
0!
0*

#53210000
1!
b1 %
b0 &
1*
b1 .
b0 /
00

#53220000
0!
0*

#53230000
1!
1*
10

#53240000
0!
0*

#53250000
1!
b1 &
1*
b1 /
00

#53260000
0!
0*

#53270000
1!
1*
10

#53280000
0!
0*

#53290000
1!
b10 &
1*
b10 /
00

#53300000
0!
0*

#53310000
1!
1*
10

#53320000
0!
0*

#53330000
1!
b11 &
1*
b11 /
00

#53340000
0!
0*

#53350000
1!
1*
10

#53360000
0!
0*

#53370000
1!
b100 &
1*
b100 /
00

#53380000
0!
0*

#53390000
1!
1*
10

#53400000
0!
0*

#53410000
1!
b101 &
1*
b101 /
00

#53420000
0!
0*

#53430000
1!
1*
10

#53440000
0!
0*

#53450000
1!
b110 &
1*
b110 /
00

#53460000
0!
0*

#53470000
1!
1*
10

#53480000
0!
0*

#53490000
1!
b111 &
1*
b111 /
00

#53500000
0!
0*

#53510000
1!
1*
10

#53520000
0!
0*

#53530000
1!
b1000 &
1*
b1000 /
00

#53540000
0!
0*

#53550000
1!
1*
10

#53560000
0!
0*

#53570000
1!
b1001 &
1*
b1001 /
00

#53580000
0!
0*

#53590000
1!
1*
10

#53600000
0!
0*

#53610000
1!
b10 %
b0 &
1*
b10 .
b0 /
00

#53620000
0!
0*

#53630000
1!
1*
10

#53640000
0!
0*

#53650000
1!
b1 &
1*
b1 /
00

#53660000
0!
0*

#53670000
1!
1*
10

#53680000
0!
0*

#53690000
1!
b10 &
1*
b10 /
00

#53700000
0!
0*

#53710000
1!
1*
10

#53720000
0!
0*

#53730000
1!
b11 &
1*
b11 /
00

#53740000
0!
0*

#53750000
1!
1*
10

#53760000
0!
0*

#53770000
1!
b100 &
1*
b100 /
00

#53780000
0!
0*

#53790000
1!
1*
10

#53800000
0!
0*

#53810000
1!
b101 &
1*
b101 /
00

#53820000
0!
0*

#53830000
1!
1*
10

#53840000
0!
0*

#53850000
1!
b110 &
1*
b110 /
00

#53860000
0!
0*

#53870000
1!
1*
10

#53880000
0!
0*

#53890000
1!
b111 &
1*
b111 /
00

#53900000
0!
0*

#53910000
1!
1*
10

#53920000
0!
0*

#53930000
1!
b1000 &
1*
b1000 /
00

#53940000
0!
0*

#53950000
1!
1*
10

#53960000
0!
0*

#53970000
1!
b1001 &
1*
b1001 /
00

#53980000
0!
0*

#53990000
1!
1*
10

#54000000
0!
0*

#54010000
1!
b11 %
b0 &
1*
b11 .
b0 /
00

#54020000
0!
0*

#54030000
1!
1*
10

#54040000
0!
0*

#54050000
1!
b1 &
1*
b1 /
00

#54060000
0!
0*

#54070000
1!
1*
10

#54080000
0!
0*

#54090000
1!
b10 &
1*
b10 /
00

#54100000
0!
0*

#54110000
1!
1*
10

#54120000
0!
0*

#54130000
1!
b11 &
1*
b11 /
00

#54140000
0!
0*

#54150000
1!
1*
10

#54160000
0!
0*

#54170000
1!
b100 &
1*
b100 /
00

#54180000
0!
0*

#54190000
1!
1*
10

#54200000
0!
0*

#54210000
1!
b101 &
1*
b101 /
00

#54220000
0!
0*

#54230000
1!
1*
10

#54240000
0!
0*

#54250000
1!
b110 &
1*
b110 /
00

#54260000
0!
0*

#54270000
1!
1*
10

#54280000
0!
0*

#54290000
1!
b111 &
1*
b111 /
00

#54300000
0!
0*

#54310000
1!
1*
10

#54320000
0!
0*

#54330000
1!
b1000 &
1*
b1000 /
00

#54340000
0!
0*

#54350000
1!
1*
10

#54360000
0!
0*

#54370000
1!
b1001 &
1*
b1001 /
00

#54380000
0!
0*

#54390000
1!
1*
10

#54400000
0!
0*

#54410000
1!
b100 %
b0 &
1*
b100 .
b0 /
00

#54420000
0!
0*

#54430000
1!
1*
10

#54440000
0!
0*

#54450000
1!
b1 &
1*
b1 /
00

#54460000
0!
0*

#54470000
1!
1*
10

#54480000
0!
0*

#54490000
1!
b10 &
1*
b10 /
00

#54500000
0!
0*

#54510000
1!
1*
10

#54520000
0!
0*

#54530000
1!
b11 &
1*
b11 /
00

#54540000
0!
0*

#54550000
1!
1*
10

#54560000
0!
0*

#54570000
1!
b100 &
1*
b100 /
00

#54580000
0!
0*

#54590000
1!
1*
10

#54600000
0!
0*

#54610000
1!
b101 &
1*
b101 /
00

#54620000
0!
0*

#54630000
1!
1*
10

#54640000
0!
0*

#54650000
1!
b110 &
1*
b110 /
00

#54660000
0!
0*

#54670000
1!
1*
10

#54680000
0!
0*

#54690000
1!
b111 &
1*
b111 /
00

#54700000
0!
0*

#54710000
1!
1*
10

#54720000
0!
0*

#54730000
1!
b1000 &
1*
b1000 /
00

#54740000
0!
0*

#54750000
1!
1*
10

#54760000
0!
0*

#54770000
1!
b1001 &
1*
b1001 /
00

#54780000
0!
0*

#54790000
1!
1*
10

#54800000
0!
0*

#54810000
1!
b101 %
b0 &
1*
b101 .
b0 /
00

#54820000
0!
0*

#54830000
1!
1*
10

#54840000
0!
0*

#54850000
1!
b1 &
1*
b1 /
00

#54860000
0!
0*

#54870000
1!
1*
10

#54880000
0!
0*

#54890000
1!
b10 &
1*
b10 /
00

#54900000
0!
0*

#54910000
1!
1*
10

#54920000
0!
0*

#54930000
1!
b11 &
1*
b11 /
00

#54940000
0!
0*

#54950000
1!
1*
10

#54960000
0!
0*

#54970000
1!
b100 &
1*
b100 /
00

#54980000
0!
0*

#54990000
1!
1*
10

#55000000
0!
0*

#55010000
1!
b101 &
1*
b101 /
00

#55020000
0!
0*

#55030000
1!
1*
10

#55040000
0!
0*

#55050000
1!
b110 &
1*
b110 /
00

#55060000
0!
0*

#55070000
1!
1*
10

#55080000
0!
0*

#55090000
1!
b111 &
1*
b111 /
00

#55100000
0!
0*

#55110000
1!
1*
10

#55120000
0!
0*

#55130000
1!
b1000 &
1*
b1000 /
00

#55140000
0!
0*

#55150000
1!
1*
10

#55160000
0!
0*

#55170000
1!
b1001 &
1*
b1001 /
00

#55180000
0!
0*

#55190000
1!
1*
10

#55200000
0!
0*

#55210000
1!
b11 $
b0 %
b0 &
1*
b11 -
b0 .
b0 /
00

#55220000
0!
0*

#55230000
1!
1*
10

#55240000
0!
0*

#55250000
1!
b1 &
1*
b1 /
00

#55260000
0!
0*

#55270000
1!
1*
10

#55280000
0!
0*

#55290000
1!
b10 &
1*
b10 /
00

#55300000
0!
0*

#55310000
1!
1*
10

#55320000
0!
0*

#55330000
1!
b11 &
1*
b11 /
00

#55340000
0!
0*

#55350000
1!
1*
10

#55360000
0!
0*

#55370000
1!
b100 &
1*
b100 /
00

#55380000
0!
0*

#55390000
1!
1*
10

#55400000
0!
0*

#55410000
1!
b101 &
1*
b101 /
00

#55420000
0!
0*

#55430000
1!
1*
10

#55440000
0!
0*

#55450000
1!
b110 &
1*
b110 /
00

#55460000
0!
0*

#55470000
1!
1*
10

#55480000
0!
0*

#55490000
1!
b111 &
1*
b111 /
00

#55500000
0!
0*

#55510000
1!
1*
10

#55520000
0!
0*

#55530000
1!
b1000 &
1*
b1000 /
00

#55540000
0!
0*

#55550000
1!
1*
10

#55560000
0!
0*

#55570000
1!
b1001 &
1*
b1001 /
00

#55580000
0!
0*

#55590000
1!
1*
10

#55600000
0!
0*

#55610000
1!
b1 %
b0 &
1*
b1 .
b0 /
00

#55620000
0!
0*

#55630000
1!
1*
10

#55640000
0!
0*

#55650000
1!
b1 &
1*
b1 /
00

#55660000
0!
0*

#55670000
1!
1*
10

#55680000
0!
0*

#55690000
1!
b10 &
1*
b10 /
00

#55700000
0!
0*

#55710000
1!
1*
10

#55720000
0!
0*

#55730000
1!
b11 &
1*
b11 /
00

#55740000
0!
0*

#55750000
1!
1*
10

#55760000
0!
0*

#55770000
1!
b100 &
1*
b100 /
00

#55780000
0!
0*

#55790000
1!
1*
10

#55800000
0!
0*

#55810000
1!
b101 &
1*
b101 /
00

#55820000
0!
0*

#55830000
1!
1*
10

#55840000
0!
0*

#55850000
1!
b110 &
1*
b110 /
00

#55860000
0!
0*

#55870000
1!
1*
10

#55880000
0!
0*

#55890000
1!
b111 &
1*
b111 /
00

#55900000
0!
0*

#55910000
1!
1*
10

#55920000
0!
0*

#55930000
1!
b1000 &
1*
b1000 /
00

#55940000
0!
0*

#55950000
1!
1*
10

#55960000
0!
0*

#55970000
1!
b1001 &
1*
b1001 /
00

#55980000
0!
0*

#55990000
1!
1*
10

#56000000
0!
0*

#56010000
1!
b10 %
b0 &
1*
b10 .
b0 /
00

#56020000
0!
0*

#56030000
1!
1*
10

#56040000
0!
0*

#56050000
1!
b1 &
1*
b1 /
00

#56060000
0!
0*

#56070000
1!
1*
10

#56080000
0!
0*

#56090000
1!
b10 &
1*
b10 /
00

#56100000
0!
0*

#56110000
1!
1*
10

#56120000
0!
0*

#56130000
1!
b11 &
1*
b11 /
00

#56140000
0!
0*

#56150000
1!
1*
10

#56160000
0!
0*

#56170000
1!
b100 &
1*
b100 /
00

#56180000
0!
0*

#56190000
1!
1*
10

#56200000
0!
0*

#56210000
1!
b101 &
1*
b101 /
00

#56220000
0!
0*

#56230000
1!
1*
10

#56240000
0!
0*

#56250000
1!
b110 &
1*
b110 /
00

#56260000
0!
0*

#56270000
1!
1*
10

#56280000
0!
0*

#56290000
1!
b111 &
1*
b111 /
00

#56300000
0!
0*

#56310000
1!
1*
10

#56320000
0!
0*

#56330000
1!
b1000 &
1*
b1000 /
00

#56340000
0!
0*

#56350000
1!
1*
10

#56360000
0!
0*

#56370000
1!
b1001 &
1*
b1001 /
00

#56380000
0!
0*

#56390000
1!
1*
10

#56400000
0!
0*

#56410000
1!
b11 %
b0 &
1*
b11 .
b0 /
00

#56420000
0!
0*

#56430000
1!
1*
10

#56440000
0!
0*

#56450000
1!
b1 &
1*
b1 /
00

#56460000
0!
0*

#56470000
1!
1*
10

#56480000
0!
0*

#56490000
1!
b10 &
1*
b10 /
00

#56500000
0!
0*

#56510000
1!
1*
10

#56520000
0!
0*

#56530000
1!
b11 &
1*
b11 /
00

#56540000
0!
0*

#56550000
1!
1*
10

#56560000
0!
0*

#56570000
1!
b100 &
1*
b100 /
00

#56580000
0!
0*

#56590000
1!
1*
10

#56600000
0!
0*

#56610000
1!
b101 &
1*
b101 /
00

#56620000
0!
0*

#56630000
1!
1*
10

#56640000
0!
0*

#56650000
1!
b110 &
1*
b110 /
00

#56660000
0!
0*

#56670000
1!
1*
10

#56680000
0!
0*

#56690000
1!
b111 &
1*
b111 /
00

#56700000
0!
0*

#56710000
1!
1*
10

#56720000
0!
0*

#56730000
1!
b1000 &
1*
b1000 /
00

#56740000
0!
0*

#56750000
1!
1*
10

#56760000
0!
0*

#56770000
1!
b1001 &
1*
b1001 /
00

#56780000
0!
0*

#56790000
1!
1*
10

#56800000
0!
0*

#56810000
1!
b100 %
b0 &
1*
b100 .
b0 /
00

#56820000
0!
0*

#56830000
1!
1*
10

#56840000
0!
0*

#56850000
1!
b1 &
1*
b1 /
00

#56860000
0!
0*

#56870000
1!
1*
10

#56880000
0!
0*

#56890000
1!
b10 &
1*
b10 /
00

#56900000
0!
0*

#56910000
1!
1*
10

#56920000
0!
0*

#56930000
1!
b11 &
1*
b11 /
00

#56940000
0!
0*

#56950000
1!
1*
10

#56960000
0!
0*

#56970000
1!
b100 &
1*
b100 /
00

#56980000
0!
0*

#56990000
1!
1*
10

#57000000
0!
0*

#57010000
1!
b101 &
1*
b101 /
00

#57020000
0!
0*

#57030000
1!
1*
10

#57040000
0!
0*

#57050000
1!
b110 &
1*
b110 /
00

#57060000
0!
0*

#57070000
1!
1*
10

#57080000
0!
0*

#57090000
1!
b111 &
1*
b111 /
00

#57100000
0!
0*

#57110000
1!
1*
10

#57120000
0!
0*

#57130000
1!
b1000 &
1*
b1000 /
00

#57140000
0!
0*

#57150000
1!
1*
10

#57160000
0!
0*

#57170000
1!
b1001 &
1*
b1001 /
00

#57180000
0!
0*

#57190000
1!
1*
10

#57200000
0!
0*

#57210000
1!
b101 %
b0 &
1*
b101 .
b0 /
00

#57220000
0!
0*

#57230000
1!
1*
10

#57240000
0!
0*

#57250000
1!
b1 &
1*
b1 /
00

#57260000
0!
0*

#57270000
1!
1*
10

#57280000
0!
0*

#57290000
1!
b10 &
1*
b10 /
00

#57300000
0!
0*

#57310000
1!
1*
10

#57320000
0!
0*

#57330000
1!
b11 &
1*
b11 /
00

#57340000
0!
0*

#57350000
1!
1*
10

#57360000
0!
0*

#57370000
1!
b100 &
1*
b100 /
00

#57380000
0!
0*

#57390000
1!
1*
10

#57400000
0!
0*

#57410000
1!
b101 &
1*
b101 /
00

#57420000
0!
0*

#57430000
1!
1*
10

#57440000
0!
0*

#57450000
1!
b110 &
1*
b110 /
00

#57460000
0!
0*

#57470000
1!
1*
10

#57480000
0!
0*

#57490000
1!
b111 &
1*
b111 /
00

#57500000
0!
0*

#57510000
1!
1*
10

#57520000
0!
0*

#57530000
1!
b1000 &
1*
b1000 /
00

#57540000
0!
0*

#57550000
1!
1*
10

#57560000
0!
0*

#57570000
1!
b1001 &
1*
b1001 /
00

#57580000
0!
0*

#57590000
1!
1*
10

#57600000
0!
0*

#57610000
1!
b100 $
b0 %
b0 &
1*
b100 -
b0 .
b0 /
00

#57620000
0!
0*

#57630000
1!
1*
10

#57640000
0!
0*

#57650000
1!
b1 &
1*
b1 /
00

#57660000
0!
0*

#57670000
1!
1*
10

#57680000
0!
0*

#57690000
1!
b10 &
1*
b10 /
00

#57700000
0!
0*

#57710000
1!
1*
10

#57720000
0!
0*

#57730000
1!
b11 &
1*
b11 /
00

#57740000
0!
0*

#57750000
1!
1*
10

#57760000
0!
0*

#57770000
1!
b100 &
1*
b100 /
00

#57780000
0!
0*

#57790000
1!
1*
10

#57800000
0!
0*

#57810000
1!
b101 &
1*
b101 /
00

#57820000
0!
0*

#57830000
1!
1*
10

#57840000
0!
0*

#57850000
1!
b110 &
1*
b110 /
00

#57860000
0!
0*

#57870000
1!
1*
10

#57880000
0!
0*

#57890000
1!
b111 &
1*
b111 /
00

#57900000
0!
0*

#57910000
1!
1*
10

#57920000
0!
0*

#57930000
1!
b1000 &
1*
b1000 /
00

#57940000
0!
0*

#57950000
1!
1*
10

#57960000
0!
0*

#57970000
1!
b1001 &
1*
b1001 /
00

#57980000
0!
0*

#57990000
1!
1*
10

#58000000
0!
0*

#58010000
1!
b1 %
b0 &
1*
b1 .
b0 /
00

#58020000
0!
0*

#58030000
1!
1*
10

#58040000
0!
0*

#58050000
1!
b1 &
1*
b1 /
00

#58060000
0!
0*

#58070000
1!
1*
10

#58080000
0!
0*

#58090000
1!
b10 &
1*
b10 /
00

#58100000
0!
0*

#58110000
1!
1*
10

#58120000
0!
0*

#58130000
1!
b11 &
1*
b11 /
00

#58140000
0!
0*

#58150000
1!
1*
10

#58160000
0!
0*

#58170000
1!
b100 &
1*
b100 /
00

#58180000
0!
0*

#58190000
1!
1*
10

#58200000
0!
0*

#58210000
1!
b101 &
1*
b101 /
00

#58220000
0!
0*

#58230000
1!
1*
10

#58240000
0!
0*

#58250000
1!
b110 &
1*
b110 /
00

#58260000
0!
0*

#58270000
1!
1*
10

#58280000
0!
0*

#58290000
1!
b111 &
1*
b111 /
00

#58300000
0!
0*

#58310000
1!
1*
10

#58320000
0!
0*

#58330000
1!
b1000 &
1*
b1000 /
00

#58340000
0!
0*

#58350000
1!
1*
10

#58360000
0!
0*

#58370000
1!
b1001 &
1*
b1001 /
00

#58380000
0!
0*

#58390000
1!
1*
10

#58400000
0!
0*

#58410000
1!
b10 %
b0 &
1*
b10 .
b0 /
00

#58420000
0!
0*

#58430000
1!
1*
10

#58440000
0!
0*

#58450000
1!
b1 &
1*
b1 /
00

#58460000
0!
0*

#58470000
1!
1*
10

#58480000
0!
0*

#58490000
1!
b10 &
1*
b10 /
00

#58500000
0!
0*

#58510000
1!
1*
10

#58520000
0!
0*

#58530000
1!
b11 &
1*
b11 /
00

#58540000
0!
0*

#58550000
1!
1*
10

#58560000
0!
0*

#58570000
1!
b100 &
1*
b100 /
00

#58580000
0!
0*

#58590000
1!
1*
10

#58600000
0!
0*

#58610000
1!
b101 &
1*
b101 /
00

#58620000
0!
0*

#58630000
1!
1*
10

#58640000
0!
0*

#58650000
1!
b110 &
1*
b110 /
00

#58660000
0!
0*

#58670000
1!
1*
10

#58680000
0!
0*

#58690000
1!
b111 &
1*
b111 /
00

#58700000
0!
0*

#58710000
1!
1*
10

#58720000
0!
0*

#58730000
1!
b1000 &
1*
b1000 /
00

#58740000
0!
0*

#58750000
1!
1*
10

#58760000
0!
0*

#58770000
1!
b1001 &
1*
b1001 /
00

#58780000
0!
0*

#58790000
1!
1*
10

#58800000
0!
0*

#58810000
1!
b11 %
b0 &
1*
b11 .
b0 /
00

#58820000
0!
0*

#58830000
1!
1*
10

#58840000
0!
0*

#58850000
1!
b1 &
1*
b1 /
00

#58860000
0!
0*

#58870000
1!
1*
10

#58880000
0!
0*

#58890000
1!
b10 &
1*
b10 /
00

#58900000
0!
0*

#58910000
1!
1*
10

#58920000
0!
0*

#58930000
1!
b11 &
1*
b11 /
00

#58940000
0!
0*

#58950000
1!
1*
10

#58960000
0!
0*

#58970000
1!
b100 &
1*
b100 /
00

#58980000
0!
0*

#58990000
1!
1*
10

#59000000
0!
0*

#59010000
1!
b101 &
1*
b101 /
00

#59020000
0!
0*

#59030000
1!
1*
10

#59040000
0!
0*

#59050000
1!
b110 &
1*
b110 /
00

#59060000
0!
0*

#59070000
1!
1*
10

#59080000
0!
0*

#59090000
1!
b111 &
1*
b111 /
00

#59100000
0!
0*

#59110000
1!
1*
10

#59120000
0!
0*

#59130000
1!
b1000 &
1*
b1000 /
00

#59140000
0!
0*

#59150000
1!
1*
10

#59160000
0!
0*

#59170000
1!
b1001 &
1*
b1001 /
00

#59180000
0!
0*

#59190000
1!
1*
10

#59200000
0!
0*

#59210000
1!
b100 %
b0 &
1*
b100 .
b0 /
00

#59220000
0!
0*

#59230000
1!
1*
10

#59240000
0!
0*

#59250000
1!
b1 &
1*
b1 /
00

#59260000
0!
0*

#59270000
1!
1*
10

#59280000
0!
0*

#59290000
1!
b10 &
1*
b10 /
00

#59300000
0!
0*

#59310000
1!
1*
10

#59320000
0!
0*

#59330000
1!
b11 &
1*
b11 /
00

#59340000
0!
0*

#59350000
1!
1*
10

#59360000
0!
0*

#59370000
1!
b100 &
1*
b100 /
00

#59380000
0!
0*

#59390000
1!
1*
10

#59400000
0!
0*

#59410000
1!
b101 &
1*
b101 /
00

#59420000
0!
0*

#59430000
1!
1*
10

#59440000
0!
0*

#59450000
1!
b110 &
1*
b110 /
00

#59460000
0!
0*

#59470000
1!
1*
10

#59480000
0!
0*

#59490000
1!
b111 &
1*
b111 /
00

#59500000
0!
0*

#59510000
1!
1*
10

#59520000
0!
0*

#59530000
1!
b1000 &
1*
b1000 /
00

#59540000
0!
0*

#59550000
1!
1*
10

#59560000
0!
0*

#59570000
1!
b1001 &
1*
b1001 /
00

#59580000
0!
0*

#59590000
1!
1*
10

#59600000
0!
0*

#59610000
1!
b101 %
b0 &
1*
b101 .
b0 /
00

#59620000
0!
0*

#59630000
1!
1*
10

#59640000
0!
0*

#59650000
1!
b1 &
1*
b1 /
00

#59660000
0!
0*

#59670000
1!
1*
10

#59680000
0!
0*

#59690000
1!
b10 &
1*
b10 /
00

#59700000
0!
0*

#59710000
1!
1*
10

#59720000
0!
0*

#59730000
1!
b11 &
1*
b11 /
00

#59740000
0!
0*

#59750000
1!
1*
10

#59760000
0!
0*

#59770000
1!
b100 &
1*
b100 /
00

#59780000
0!
0*

#59790000
1!
1*
10

#59800000
0!
0*

#59810000
1!
b101 &
1*
b101 /
00

#59820000
0!
0*

#59830000
1!
1*
10

#59840000
0!
0*

#59850000
1!
b110 &
1*
b110 /
00

#59860000
0!
0*

#59870000
1!
1*
10

#59880000
0!
0*

#59890000
1!
b111 &
1*
b111 /
00

#59900000
0!
0*

#59910000
1!
1*
10

#59920000
0!
0*

#59930000
1!
b1000 &
1*
b1000 /
00

#59940000
0!
0*

#59950000
1!
1*
10

#59960000
0!
0*

#59970000
1!
b1001 &
1*
b1001 /
00

#59980000
0!
0*

#59990000
1!
1*
10

#60000000
0!
0*

#60010000
1!
b101 $
b0 %
b0 &
1*
b101 -
b0 .
b0 /
00

#60020000
0!
0*

#60030000
1!
1*
10

#60040000
0!
0*

#60050000
1!
b1 &
1*
b1 /
00

#60060000
0!
0*

#60070000
1!
1*
10

#60080000
0!
0*

#60090000
1!
b10 &
1*
b10 /
00

#60100000
0!
0*

#60110000
1!
1*
10

#60120000
0!
0*

#60130000
1!
b11 &
1*
b11 /
00

#60140000
0!
0*

#60150000
1!
1*
10

#60160000
0!
0*

#60170000
1!
b100 &
1*
b100 /
00

#60180000
0!
0*

#60190000
1!
1*
10

#60200000
0!
0*

#60210000
1!
b101 &
1*
b101 /
00

#60220000
0!
0*

#60230000
1!
1*
10

#60240000
0!
0*

#60250000
1!
b110 &
1*
b110 /
00

#60260000
0!
0*

#60270000
1!
1*
10

#60280000
0!
0*

#60290000
1!
b111 &
1*
b111 /
00

#60300000
0!
0*

#60310000
1!
1*
10

#60320000
0!
0*

#60330000
1!
b1000 &
1*
b1000 /
00

#60340000
0!
0*

#60350000
1!
1*
10

#60360000
0!
0*

#60370000
1!
b1001 &
1*
b1001 /
00

#60380000
0!
0*

#60390000
1!
1*
10

#60400000
0!
0*

#60410000
1!
b1 %
b0 &
1*
b1 .
b0 /
00

#60420000
0!
0*

#60430000
1!
1*
10

#60440000
0!
0*

#60450000
1!
b1 &
1*
b1 /
00

#60460000
0!
0*

#60470000
1!
1*
10

#60480000
0!
0*

#60490000
1!
b10 &
1*
b10 /
00

#60500000
0!
0*

#60510000
1!
1*
10

#60520000
0!
0*

#60530000
1!
b11 &
1*
b11 /
00

#60540000
0!
0*

#60550000
1!
1*
10

#60560000
0!
0*

#60570000
1!
b100 &
1*
b100 /
00

#60580000
0!
0*

#60590000
1!
1*
10

#60600000
0!
0*

#60610000
1!
b101 &
1*
b101 /
00

#60620000
0!
0*

#60630000
1!
1*
10

#60640000
0!
0*

#60650000
1!
b110 &
1*
b110 /
00

#60660000
0!
0*

#60670000
1!
1*
10

#60680000
0!
0*

#60690000
1!
b111 &
1*
b111 /
00

#60700000
0!
0*

#60710000
1!
1*
10

#60720000
0!
0*

#60730000
1!
b1000 &
1*
b1000 /
00

#60740000
0!
0*

#60750000
1!
1*
10

#60760000
0!
0*

#60770000
1!
b1001 &
1*
b1001 /
00

#60780000
0!
0*

#60790000
1!
1*
10

#60800000
0!
0*

#60810000
1!
b10 %
b0 &
1*
b10 .
b0 /
00

#60820000
0!
0*

#60830000
1!
1*
10

#60840000
0!
0*

#60850000
1!
b1 &
1*
b1 /
00

#60860000
0!
0*

#60870000
1!
1*
10

#60880000
0!
0*

#60890000
1!
b10 &
1*
b10 /
00

#60900000
0!
0*

#60910000
1!
1*
10

#60920000
0!
0*

#60930000
1!
b11 &
1*
b11 /
00

#60940000
0!
0*

#60950000
1!
1*
10

#60960000
0!
0*

#60970000
1!
b100 &
1*
b100 /
00

#60980000
0!
0*

#60990000
1!
1*
10

#61000000
0!
0*

#61010000
1!
b101 &
1*
b101 /
00

#61020000
0!
0*

#61030000
1!
1*
10

#61040000
0!
0*

#61050000
1!
b110 &
1*
b110 /
00

#61060000
0!
0*

#61070000
1!
1*
10

#61080000
0!
0*

#61090000
1!
b111 &
1*
b111 /
00

#61100000
0!
0*

#61110000
1!
1*
10

#61120000
0!
0*

#61130000
1!
b1000 &
1*
b1000 /
00

#61140000
0!
0*

#61150000
1!
1*
10

#61160000
0!
0*

#61170000
1!
b1001 &
1*
b1001 /
00

#61180000
0!
0*

#61190000
1!
1*
10

#61200000
0!
0*

#61210000
1!
b11 %
b0 &
1*
b11 .
b0 /
00

#61220000
0!
0*

#61230000
1!
1*
10

#61240000
0!
0*

#61250000
1!
b1 &
1*
b1 /
00

#61260000
0!
0*

#61270000
1!
1*
10

#61280000
0!
0*

#61290000
1!
b10 &
1*
b10 /
00

#61300000
0!
0*

#61310000
1!
1*
10

#61320000
0!
0*

#61330000
1!
b11 &
1*
b11 /
00

#61340000
0!
0*

#61350000
1!
1*
10

#61360000
0!
0*

#61370000
1!
b100 &
1*
b100 /
00

#61380000
0!
0*

#61390000
1!
1*
10

#61400000
0!
0*

#61410000
1!
b101 &
1*
b101 /
00

#61420000
0!
0*

#61430000
1!
1*
10

#61440000
0!
0*

#61450000
1!
b110 &
1*
b110 /
00

#61460000
0!
0*

#61470000
1!
1*
10

#61480000
0!
0*

#61490000
1!
b111 &
1*
b111 /
00

#61500000
0!
0*

#61510000
1!
1*
10

#61520000
0!
0*

#61530000
1!
b1000 &
1*
b1000 /
00

#61540000
0!
0*

#61550000
1!
1*
10

#61560000
0!
0*

#61570000
1!
b1001 &
1*
b1001 /
00

#61580000
0!
0*

#61590000
1!
1*
10

#61600000
0!
0*

#61610000
1!
b100 %
b0 &
1*
b100 .
b0 /
00

#61620000
0!
0*

#61630000
1!
1*
10

#61640000
0!
0*

#61650000
1!
b1 &
1*
b1 /
00

#61660000
0!
0*

#61670000
1!
1*
10

#61680000
0!
0*

#61690000
1!
b10 &
1*
b10 /
00

#61700000
0!
0*

#61710000
1!
1*
10

#61720000
0!
0*

#61730000
1!
b11 &
1*
b11 /
00

#61740000
0!
0*

#61750000
1!
1*
10

#61760000
0!
0*

#61770000
1!
b100 &
1*
b100 /
00

#61780000
0!
0*

#61790000
1!
1*
10

#61800000
0!
0*

#61810000
1!
b101 &
1*
b101 /
00

#61820000
0!
0*

#61830000
1!
1*
10

#61840000
0!
0*

#61850000
1!
b110 &
1*
b110 /
00

#61860000
0!
0*

#61870000
1!
1*
10

#61880000
0!
0*

#61890000
1!
b111 &
1*
b111 /
00

#61900000
0!
0*

#61910000
1!
1*
10

#61920000
0!
0*

#61930000
1!
b1000 &
1*
b1000 /
00

#61940000
0!
0*

#61950000
1!
1*
10

#61960000
0!
0*

#61970000
1!
b1001 &
1*
b1001 /
00

#61980000
0!
0*

#61990000
1!
1*
10

#62000000
0!
0*

#62010000
1!
b101 %
b0 &
1*
b101 .
b0 /
00

#62020000
0!
0*

#62030000
1!
1*
10

#62040000
0!
0*

#62050000
1!
b1 &
1*
b1 /
00

#62060000
0!
0*

#62070000
1!
1*
10

#62080000
0!
0*

#62090000
1!
b10 &
1*
b10 /
00

#62100000
0!
0*

#62110000
1!
1*
10

#62120000
0!
0*

#62130000
1!
b11 &
1*
b11 /
00

#62140000
0!
0*

#62150000
1!
1*
10

#62160000
0!
0*

#62170000
1!
b100 &
1*
b100 /
00

#62180000
0!
0*

#62190000
1!
1*
10

#62200000
0!
0*

#62210000
1!
b101 &
1*
b101 /
00

#62220000
0!
0*

#62230000
1!
1*
10

#62240000
0!
0*

#62250000
1!
b110 &
1*
b110 /
00

#62260000
0!
0*

#62270000
1!
1*
10

#62280000
0!
0*

#62290000
1!
b111 &
1*
b111 /
00

#62300000
0!
0*

#62310000
1!
1*
10

#62320000
0!
0*

#62330000
1!
b1000 &
1*
b1000 /
00

#62340000
0!
0*

#62350000
1!
1*
10

#62360000
0!
0*

#62370000
1!
b1001 &
1*
b1001 /
00

#62380000
0!
0*

#62390000
1!
1*
10

#62400000
0!
0*

#62410000
1!
b110 $
b0 %
b0 &
1*
b110 -
b0 .
b0 /
00

#62420000
0!
0*

#62430000
1!
1*
10

#62440000
0!
0*

#62450000
1!
b1 &
1*
b1 /
00

#62460000
0!
0*

#62470000
1!
1*
10

#62480000
0!
0*

#62490000
1!
b10 &
1*
b10 /
00

#62500000
0!
0*

#62510000
1!
1*
10

#62520000
0!
0*

#62530000
1!
b11 &
1*
b11 /
00

#62540000
0!
0*

#62550000
1!
1*
10

#62560000
0!
0*

#62570000
1!
b100 &
1*
b100 /
00

#62580000
0!
0*

#62590000
1!
1*
10

#62600000
0!
0*

#62610000
1!
b101 &
1*
b101 /
00

#62620000
0!
0*

#62630000
1!
1*
10

#62640000
0!
0*

#62650000
1!
b110 &
1*
b110 /
00

#62660000
0!
0*

#62670000
1!
1*
10

#62680000
0!
0*

#62690000
1!
b111 &
1*
b111 /
00

#62700000
0!
0*

#62710000
1!
1*
10

#62720000
0!
0*

#62730000
1!
b1000 &
1*
b1000 /
00

#62740000
0!
0*

#62750000
1!
1*
10

#62760000
0!
0*

#62770000
1!
b1001 &
1*
b1001 /
00

#62780000
0!
0*

#62790000
1!
1*
10

#62800000
0!
0*

#62810000
1!
b1 %
b0 &
1*
b1 .
b0 /
00

#62820000
0!
0*

#62830000
1!
1*
10

#62840000
0!
0*

#62850000
1!
b1 &
1*
b1 /
00

#62860000
0!
0*

#62870000
1!
1*
10

#62880000
0!
0*

#62890000
1!
b10 &
1*
b10 /
00

#62900000
0!
0*

#62910000
1!
1*
10

#62920000
0!
0*

#62930000
1!
b11 &
1*
b11 /
00

#62940000
0!
0*

#62950000
1!
1*
10

#62960000
0!
0*

#62970000
1!
b100 &
1*
b100 /
00

#62980000
0!
0*

#62990000
1!
1*
10

#63000000
0!
0*

#63010000
1!
b101 &
1*
b101 /
00

#63020000
0!
0*

#63030000
1!
1*
10

#63040000
0!
0*

#63050000
1!
b110 &
1*
b110 /
00

#63060000
0!
0*

#63070000
1!
1*
10

#63080000
0!
0*

#63090000
1!
b111 &
1*
b111 /
00

#63100000
0!
0*

#63110000
1!
1*
10

#63120000
0!
0*

#63130000
1!
b1000 &
1*
b1000 /
00

#63140000
0!
0*

#63150000
1!
1*
10

#63160000
0!
0*

#63170000
1!
b1001 &
1*
b1001 /
00

#63180000
0!
0*

#63190000
1!
1*
10

#63200000
0!
0*

#63210000
1!
b10 %
b0 &
1*
b10 .
b0 /
00

#63220000
0!
0*

#63230000
1!
1*
10

#63240000
0!
0*

#63250000
1!
b1 &
1*
b1 /
00

#63260000
0!
0*

#63270000
1!
1*
10

#63280000
0!
0*

#63290000
1!
b10 &
1*
b10 /
00

#63300000
0!
0*

#63310000
1!
1*
10

#63320000
0!
0*

#63330000
1!
b11 &
1*
b11 /
00

#63340000
0!
0*

#63350000
1!
1*
10

#63360000
0!
0*

#63370000
1!
b100 &
1*
b100 /
00

#63380000
0!
0*

#63390000
1!
1*
10

#63400000
0!
0*

#63410000
1!
b101 &
1*
b101 /
00

#63420000
0!
0*

#63430000
1!
1*
10

#63440000
0!
0*

#63450000
1!
b110 &
1*
b110 /
00

#63460000
0!
0*

#63470000
1!
1*
10

#63480000
0!
0*

#63490000
1!
b111 &
1*
b111 /
00

#63500000
0!
0*

#63510000
1!
1*
10

#63520000
0!
0*

#63530000
1!
b1000 &
1*
b1000 /
00

#63540000
0!
0*

#63550000
1!
1*
10

#63560000
0!
0*

#63570000
1!
b1001 &
1*
b1001 /
00

#63580000
0!
0*

#63590000
1!
1*
10

#63600000
0!
0*

#63610000
1!
b11 %
b0 &
1*
b11 .
b0 /
00

#63620000
0!
0*

#63630000
1!
1*
10

#63640000
0!
0*

#63650000
1!
b1 &
1*
b1 /
00

#63660000
0!
0*

#63670000
1!
1*
10

#63680000
0!
0*

#63690000
1!
b10 &
1*
b10 /
00

#63700000
0!
0*

#63710000
1!
1*
10

#63720000
0!
0*

#63730000
1!
b11 &
1*
b11 /
00

#63740000
0!
0*

#63750000
1!
1*
10

#63760000
0!
0*

#63770000
1!
b100 &
1*
b100 /
00

#63780000
0!
0*

#63790000
1!
1*
10

#63800000
0!
0*

#63810000
1!
b101 &
1*
b101 /
00

#63820000
0!
0*

#63830000
1!
1*
10

#63840000
0!
0*

#63850000
1!
b110 &
1*
b110 /
00

#63860000
0!
0*

#63870000
1!
1*
10

#63880000
0!
0*

#63890000
1!
b111 &
1*
b111 /
00

#63900000
0!
0*

#63910000
1!
1*
10

#63920000
0!
0*

#63930000
1!
b1000 &
1*
b1000 /
00

#63940000
0!
0*

#63950000
1!
1*
10

#63960000
0!
0*

#63970000
1!
b1001 &
1*
b1001 /
00

#63980000
0!
0*

#63990000
1!
1*
10

#64000000
0!
0*

#64010000
1!
b100 %
b0 &
1*
b100 .
b0 /
00

#64020000
0!
0*

#64030000
1!
1*
10

#64040000
0!
0*

#64050000
1!
b1 &
1*
b1 /
00

#64060000
0!
0*

#64070000
1!
1*
10

#64080000
0!
0*

#64090000
1!
b10 &
1*
b10 /
00

#64100000
0!
0*

#64110000
1!
1*
10

#64120000
0!
0*

#64130000
1!
b11 &
1*
b11 /
00

#64140000
0!
0*

#64150000
1!
1*
10

#64160000
0!
0*

#64170000
1!
b100 &
1*
b100 /
00

#64180000
0!
0*

#64190000
1!
1*
10

#64200000
0!
0*

#64210000
1!
b101 &
1*
b101 /
00

#64220000
0!
0*

#64230000
1!
1*
10

#64240000
0!
0*

#64250000
1!
b110 &
1*
b110 /
00

#64260000
0!
0*

#64270000
1!
1*
10

#64280000
0!
0*

#64290000
1!
b111 &
1*
b111 /
00

#64300000
0!
0*

#64310000
1!
1*
10

#64320000
0!
0*

#64330000
1!
b1000 &
1*
b1000 /
00

#64340000
0!
0*

#64350000
1!
1*
10

#64360000
0!
0*

#64370000
1!
b1001 &
1*
b1001 /
00

#64380000
0!
0*

#64390000
1!
1*
10

#64400000
0!
0*

#64410000
1!
b101 %
b0 &
1*
b101 .
b0 /
00

#64420000
0!
0*

#64430000
1!
1*
10

#64440000
0!
0*

#64450000
1!
b1 &
1*
b1 /
00

#64460000
0!
0*

#64470000
1!
1*
10

#64480000
0!
0*

#64490000
1!
b10 &
1*
b10 /
00

#64500000
0!
0*

#64510000
1!
1*
10

#64520000
0!
0*

#64530000
1!
b11 &
1*
b11 /
00

#64540000
0!
0*

#64550000
1!
1*
10

#64560000
0!
0*

#64570000
1!
b100 &
1*
b100 /
00

#64580000
0!
0*

#64590000
1!
1*
10

#64600000
0!
0*

#64610000
1!
b101 &
1*
b101 /
00

#64620000
0!
0*

#64630000
1!
1*
10

#64640000
0!
0*

#64650000
1!
b110 &
1*
b110 /
00

#64660000
0!
0*

#64670000
1!
1*
10

#64680000
0!
0*

#64690000
1!
b111 &
1*
b111 /
00

#64700000
0!
0*

#64710000
1!
1*
10

#64720000
0!
0*

#64730000
1!
b1000 &
1*
b1000 /
00

#64740000
0!
0*

#64750000
1!
1*
10

#64760000
0!
0*

#64770000
1!
b1001 &
1*
b1001 /
00

#64780000
0!
0*

#64790000
1!
1*
10

#64800000
0!
0*

#64810000
1!
b111 $
b0 %
b0 &
1*
b111 -
b0 .
b0 /
00

#64820000
0!
0*

#64830000
1!
1*
10

#64840000
0!
0*

#64850000
1!
b1 &
1*
b1 /
00

#64860000
0!
0*

#64870000
1!
1*
10

#64880000
0!
0*

#64890000
1!
b10 &
1*
b10 /
00

#64900000
0!
0*

#64910000
1!
1*
10

#64920000
0!
0*

#64930000
1!
b11 &
1*
b11 /
00

#64940000
0!
0*

#64950000
1!
1*
10

#64960000
0!
0*

#64970000
1!
b100 &
1*
b100 /
00

#64980000
0!
0*

#64990000
1!
1*
10

#65000000
0!
0*

#65010000
1!
b101 &
1*
b101 /
00

#65020000
0!
0*

#65030000
1!
1*
10

#65040000
0!
0*

#65050000
1!
b110 &
1*
b110 /
00

#65060000
0!
0*

#65070000
1!
1*
10

#65080000
0!
0*

#65090000
1!
b111 &
1*
b111 /
00

#65100000
0!
0*

#65110000
1!
1*
10

#65120000
0!
0*

#65130000
1!
b1000 &
1*
b1000 /
00

#65140000
0!
0*

#65150000
1!
1*
10

#65160000
0!
0*

#65170000
1!
b1001 &
1*
b1001 /
00

#65180000
0!
0*

#65190000
1!
1*
10

#65200000
0!
0*

#65210000
1!
b1 %
b0 &
1*
b1 .
b0 /
00

#65220000
0!
0*

#65230000
1!
1*
10

#65240000
0!
0*

#65250000
1!
b1 &
1*
b1 /
00

#65260000
0!
0*

#65270000
1!
1*
10

#65280000
0!
0*

#65290000
1!
b10 &
1*
b10 /
00

#65300000
0!
0*

#65310000
1!
1*
10

#65320000
0!
0*

#65330000
1!
b11 &
1*
b11 /
00

#65340000
0!
0*

#65350000
1!
1*
10

#65360000
0!
0*

#65370000
1!
b100 &
1*
b100 /
00

#65380000
0!
0*

#65390000
1!
1*
10

#65400000
0!
0*

#65410000
1!
b101 &
1*
b101 /
00

#65420000
0!
0*

#65430000
1!
1*
10

#65440000
0!
0*

#65450000
1!
b110 &
1*
b110 /
00

#65460000
0!
0*

#65470000
1!
1*
10

#65480000
0!
0*

#65490000
1!
b111 &
1*
b111 /
00

#65500000
0!
0*

#65510000
1!
1*
10

#65520000
0!
0*

#65530000
1!
b1000 &
1*
b1000 /
00

#65540000
0!
0*

#65550000
1!
1*
10

#65560000
0!
0*

#65570000
1!
b1001 &
1*
b1001 /
00

#65580000
0!
0*

#65590000
1!
1*
10

#65600000
0!
0*

#65610000
1!
b10 %
b0 &
1*
b10 .
b0 /
00

#65620000
0!
0*

#65630000
1!
1*
10

#65640000
0!
0*

#65650000
1!
b1 &
1*
b1 /
00

#65660000
0!
0*

#65670000
1!
1*
10

#65680000
0!
0*

#65690000
1!
b10 &
1*
b10 /
00

#65700000
0!
0*

#65710000
1!
1*
10

#65720000
0!
0*

#65730000
1!
b11 &
1*
b11 /
00

#65740000
0!
0*

#65750000
1!
1*
10

#65760000
0!
0*

#65770000
1!
b100 &
1*
b100 /
00

#65780000
0!
0*

#65790000
1!
1*
10

#65800000
0!
0*

#65810000
1!
b101 &
1*
b101 /
00

#65820000
0!
0*

#65830000
1!
1*
10

#65840000
0!
0*

#65850000
1!
b110 &
1*
b110 /
00

#65860000
0!
0*

#65870000
1!
1*
10

#65880000
0!
0*

#65890000
1!
b111 &
1*
b111 /
00

#65900000
0!
0*

#65910000
1!
1*
10

#65920000
0!
0*

#65930000
1!
b1000 &
1*
b1000 /
00

#65940000
0!
0*

#65950000
1!
1*
10

#65960000
0!
0*

#65970000
1!
b1001 &
1*
b1001 /
00

#65980000
0!
0*

#65990000
1!
1*
10

#66000000
0!
0*

#66010000
1!
b11 %
b0 &
1*
b11 .
b0 /
00

#66020000
0!
0*

#66030000
1!
1*
10

#66040000
0!
0*

#66050000
1!
b1 &
1*
b1 /
00

#66060000
0!
0*

#66070000
1!
1*
10

#66080000
0!
0*

#66090000
1!
b10 &
1*
b10 /
00

#66100000
0!
0*

#66110000
1!
1*
10

#66120000
0!
0*

#66130000
1!
b11 &
1*
b11 /
00

#66140000
0!
0*

#66150000
1!
1*
10

#66160000
0!
0*

#66170000
1!
b100 &
1*
b100 /
00

#66180000
0!
0*

#66190000
1!
1*
10

#66200000
0!
0*

#66210000
1!
b101 &
1*
b101 /
00

#66220000
0!
0*

#66230000
1!
1*
10

#66240000
0!
0*

#66250000
1!
b110 &
1*
b110 /
00

#66260000
0!
0*

#66270000
1!
1*
10

#66280000
0!
0*

#66290000
1!
b111 &
1*
b111 /
00

#66300000
0!
0*

#66310000
1!
1*
10

#66320000
0!
0*

#66330000
1!
b1000 &
1*
b1000 /
00

#66340000
0!
0*

#66350000
1!
1*
10

#66360000
0!
0*

#66370000
1!
b1001 &
1*
b1001 /
00

#66380000
0!
0*

#66390000
1!
1*
10

#66400000
0!
0*

#66410000
1!
b100 %
b0 &
1*
b100 .
b0 /
00

#66420000
0!
0*

#66430000
1!
1*
10

#66440000
0!
0*

#66450000
1!
b1 &
1*
b1 /
00

#66460000
0!
0*

#66470000
1!
1*
10

#66480000
0!
0*

#66490000
1!
b10 &
1*
b10 /
00

#66500000
0!
0*

#66510000
1!
1*
10

#66520000
0!
0*

#66530000
1!
b11 &
1*
b11 /
00

#66540000
0!
0*

#66550000
1!
1*
10

#66560000
0!
0*

#66570000
1!
b100 &
1*
b100 /
00

#66580000
0!
0*

#66590000
1!
1*
10

#66600000
0!
0*

#66610000
1!
b101 &
1*
b101 /
00

#66620000
0!
0*

#66630000
1!
1*
10

#66640000
0!
0*

#66650000
1!
b110 &
1*
b110 /
00

#66660000
0!
0*

#66670000
1!
1*
10

#66680000
0!
0*

#66690000
1!
b111 &
1*
b111 /
00

#66700000
0!
0*

#66710000
1!
1*
10

#66720000
0!
0*

#66730000
1!
b1000 &
1*
b1000 /
00

#66740000
0!
0*

#66750000
1!
1*
10

#66760000
0!
0*

#66770000
1!
b1001 &
1*
b1001 /
00

#66780000
0!
0*

#66790000
1!
1*
10

#66800000
0!
0*

#66810000
1!
b101 %
b0 &
1*
b101 .
b0 /
00

#66820000
0!
0*

#66830000
1!
1*
10

#66840000
0!
0*

#66850000
1!
b1 &
1*
b1 /
00

#66860000
0!
0*

#66870000
1!
1*
10

#66880000
0!
0*

#66890000
1!
b10 &
1*
b10 /
00

#66900000
0!
0*

#66910000
1!
1*
10

#66920000
0!
0*

#66930000
1!
b11 &
1*
b11 /
00

#66940000
0!
0*

#66950000
1!
1*
10

#66960000
0!
0*

#66970000
1!
b100 &
1*
b100 /
00

#66980000
0!
0*

#66990000
1!
1*
10

#67000000
0!
0*

#67010000
1!
b101 &
1*
b101 /
00

#67020000
0!
0*

#67030000
1!
1*
10

#67040000
0!
0*

#67050000
1!
b110 &
1*
b110 /
00

#67060000
0!
0*

#67070000
1!
1*
10

#67080000
0!
0*

#67090000
1!
b111 &
1*
b111 /
00

#67100000
0!
0*

#67110000
1!
1*
10

#67120000
0!
0*

#67130000
1!
b1000 &
1*
b1000 /
00

#67140000
0!
0*

#67150000
1!
1*
10

#67160000
0!
0*

#67170000
1!
b1001 &
1*
b1001 /
00

#67180000
0!
0*

#67190000
1!
1*
10

#67200000
0!
0*

#67210000
1!
b1000 $
b0 %
b0 &
1*
b1000 -
b0 .
b0 /
00

#67220000
0!
0*

#67230000
1!
1*
10

#67240000
0!
0*

#67250000
1!
b1 &
1*
b1 /
00

#67260000
0!
0*

#67270000
1!
1*
10

#67280000
0!
0*

#67290000
1!
b10 &
1*
b10 /
00

#67300000
0!
0*

#67310000
1!
1*
10

#67320000
0!
0*

#67330000
1!
b11 &
1*
b11 /
00

#67340000
0!
0*

#67350000
1!
1*
10

#67360000
0!
0*

#67370000
1!
b100 &
1*
b100 /
00

#67380000
0!
0*

#67390000
1!
1*
10

#67400000
0!
0*

#67410000
1!
b101 &
1*
b101 /
00

#67420000
0!
0*

#67430000
1!
1*
10

#67440000
0!
0*

#67450000
1!
b110 &
1*
b110 /
00

#67460000
0!
0*

#67470000
1!
1*
10

#67480000
0!
0*

#67490000
1!
b111 &
1*
b111 /
00

#67500000
0!
0*

#67510000
1!
1*
10

#67520000
0!
0*

#67530000
1!
b1000 &
1*
b1000 /
00

#67540000
0!
0*

#67550000
1!
1*
10

#67560000
0!
0*

#67570000
1!
b1001 &
1*
b1001 /
00

#67580000
0!
0*

#67590000
1!
1*
10

#67600000
0!
0*

#67610000
1!
b1 %
b0 &
1*
b1 .
b0 /
00

#67620000
0!
0*

#67630000
1!
1*
10

#67640000
0!
0*

#67650000
1!
b1 &
1*
b1 /
00

#67660000
0!
0*

#67670000
1!
1*
10

#67680000
0!
0*

#67690000
1!
b10 &
1*
b10 /
00

#67700000
0!
0*

#67710000
1!
1*
10

#67720000
0!
0*

#67730000
1!
b11 &
1*
b11 /
00

#67740000
0!
0*

#67750000
1!
1*
10

#67760000
0!
0*

#67770000
1!
b100 &
1*
b100 /
00

#67780000
0!
0*

#67790000
1!
1*
10

#67800000
0!
0*

#67810000
1!
b101 &
1*
b101 /
00

#67820000
0!
0*

#67830000
1!
1*
10

#67840000
0!
0*

#67850000
1!
b110 &
1*
b110 /
00

#67860000
0!
0*

#67870000
1!
1*
10

#67880000
0!
0*

#67890000
1!
b111 &
1*
b111 /
00

#67900000
0!
0*

#67910000
1!
1*
10

#67920000
0!
0*

#67930000
1!
b1000 &
1*
b1000 /
00

#67940000
0!
0*

#67950000
1!
1*
10

#67960000
0!
0*

#67970000
1!
b1001 &
1*
b1001 /
00

#67980000
0!
0*

#67990000
1!
1*
10

#68000000
0!
0*

#68010000
1!
b10 %
b0 &
1*
b10 .
b0 /
00

#68020000
0!
0*

#68030000
1!
1*
10

#68040000
0!
0*

#68050000
1!
b1 &
1*
b1 /
00

#68060000
0!
0*

#68070000
1!
1*
10

#68080000
0!
0*

#68090000
1!
b10 &
1*
b10 /
00

#68100000
0!
0*

#68110000
1!
1*
10

#68120000
0!
0*

#68130000
1!
b11 &
1*
b11 /
00

#68140000
0!
0*

#68150000
1!
1*
10

#68160000
0!
0*

#68170000
1!
b100 &
1*
b100 /
00

#68180000
0!
0*

#68190000
1!
1*
10

#68200000
0!
0*

#68210000
1!
b101 &
1*
b101 /
00

#68220000
0!
0*

#68230000
1!
1*
10

#68240000
0!
0*

#68250000
1!
b110 &
1*
b110 /
00

#68260000
0!
0*

#68270000
1!
1*
10

#68280000
0!
0*

#68290000
1!
b111 &
1*
b111 /
00

#68300000
0!
0*

#68310000
1!
1*
10

#68320000
0!
0*

#68330000
1!
b1000 &
1*
b1000 /
00

#68340000
0!
0*

#68350000
1!
1*
10

#68360000
0!
0*

#68370000
1!
b1001 &
1*
b1001 /
00

#68380000
0!
0*

#68390000
1!
1*
10

#68400000
0!
0*

#68410000
1!
b11 %
b0 &
1*
b11 .
b0 /
00

#68420000
0!
0*

#68430000
1!
1*
10

#68440000
0!
0*

#68450000
1!
b1 &
1*
b1 /
00

#68460000
0!
0*

#68470000
1!
1*
10

#68480000
0!
0*

#68490000
1!
b10 &
1*
b10 /
00

#68500000
0!
0*

#68510000
1!
1*
10

#68520000
0!
0*

#68530000
1!
b11 &
1*
b11 /
00

#68540000
0!
0*

#68550000
1!
1*
10

#68560000
0!
0*

#68570000
1!
b100 &
1*
b100 /
00

#68580000
0!
0*

#68590000
1!
1*
10

#68600000
0!
0*

#68610000
1!
b101 &
1*
b101 /
00

#68620000
0!
0*

#68630000
1!
1*
10

#68640000
0!
0*

#68650000
1!
b110 &
1*
b110 /
00

#68660000
0!
0*

#68670000
1!
1*
10

#68680000
0!
0*

#68690000
1!
b111 &
1*
b111 /
00

#68700000
0!
0*

#68710000
1!
1*
10

#68720000
0!
0*

#68730000
1!
b1000 &
1*
b1000 /
00

#68740000
0!
0*

#68750000
1!
1*
10

#68760000
0!
0*

#68770000
1!
b1001 &
1*
b1001 /
00

#68780000
0!
0*

#68790000
1!
1*
10

#68800000
0!
0*

#68810000
1!
b100 %
b0 &
1*
b100 .
b0 /
00

#68820000
0!
0*

#68830000
1!
1*
10

#68840000
0!
0*

#68850000
1!
b1 &
1*
b1 /
00

#68860000
0!
0*

#68870000
1!
1*
10

#68880000
0!
0*

#68890000
1!
b10 &
1*
b10 /
00

#68900000
0!
0*

#68910000
1!
1*
10

#68920000
0!
0*

#68930000
1!
b11 &
1*
b11 /
00

#68940000
0!
0*

#68950000
1!
1*
10

#68960000
0!
0*

#68970000
1!
b100 &
1*
b100 /
00

#68980000
0!
0*

#68990000
1!
1*
10

#69000000
0!
0*

#69010000
1!
b101 &
1*
b101 /
00

#69020000
0!
0*

#69030000
1!
1*
10

#69040000
0!
0*

#69050000
1!
b110 &
1*
b110 /
00

#69060000
0!
0*

#69070000
1!
1*
10

#69080000
0!
0*

#69090000
1!
b111 &
1*
b111 /
00

#69100000
0!
0*

#69110000
1!
1*
10

#69120000
0!
0*

#69130000
1!
b1000 &
1*
b1000 /
00

#69140000
0!
0*

#69150000
1!
1*
10

#69160000
0!
0*

#69170000
1!
b1001 &
1*
b1001 /
00

#69180000
0!
0*

#69190000
1!
1*
10

#69200000
0!
0*

#69210000
1!
b101 %
b0 &
1*
b101 .
b0 /
00

#69220000
0!
0*

#69230000
1!
1*
10

#69240000
0!
0*

#69250000
1!
b1 &
1*
b1 /
00

#69260000
0!
0*

#69270000
1!
1*
10

#69280000
0!
0*

#69290000
1!
b10 &
1*
b10 /
00

#69300000
0!
0*

#69310000
1!
1*
10

#69320000
0!
0*

#69330000
1!
b11 &
1*
b11 /
00

#69340000
0!
0*

#69350000
1!
1*
10

#69360000
0!
0*

#69370000
1!
b100 &
1*
b100 /
00

#69380000
0!
0*

#69390000
1!
1*
10

#69400000
0!
0*

#69410000
1!
b101 &
1*
b101 /
00

#69420000
0!
0*

#69430000
1!
1*
10

#69440000
0!
0*

#69450000
1!
b110 &
1*
b110 /
00

#69460000
0!
0*

#69470000
1!
1*
10

#69480000
0!
0*

#69490000
1!
b111 &
1*
b111 /
00

#69500000
0!
0*

#69510000
1!
1*
10

#69520000
0!
0*

#69530000
1!
b1000 &
1*
b1000 /
00

#69540000
0!
0*

#69550000
1!
1*
10

#69560000
0!
0*

#69570000
1!
b1001 &
1*
b1001 /
00

#69580000
0!
0*

#69590000
1!
1*
10

#69600000
0!
0*

#69610000
1!
b1001 $
b0 %
b0 &
1*
b1001 -
b0 .
b0 /
00

#69620000
0!
0*

#69630000
1!
1*
10

#69640000
0!
0*

#69650000
1!
b1 &
1*
b1 /
00

#69660000
0!
0*

#69670000
1!
1*
10

#69680000
0!
0*

#69690000
1!
b10 &
1*
b10 /
00

#69700000
0!
0*

#69710000
1!
1*
10

#69720000
0!
0*

#69730000
1!
b11 &
1*
b11 /
00

#69740000
0!
0*

#69750000
1!
1*
10

#69760000
0!
0*

#69770000
1!
b100 &
1*
b100 /
00

#69780000
0!
0*

#69790000
1!
1*
10

#69800000
0!
0*

#69810000
1!
b101 &
1*
b101 /
00

#69820000
0!
0*

#69830000
1!
1*
10

#69840000
0!
0*

#69850000
1!
b110 &
1*
b110 /
00

#69860000
0!
0*

#69870000
1!
1*
10

#69880000
0!
0*

#69890000
1!
b111 &
1*
b111 /
00

#69900000
0!
0*

#69910000
1!
1*
10

#69920000
0!
0*

#69930000
1!
b1000 &
1*
b1000 /
00

#69940000
0!
0*

#69950000
1!
1*
10

#69960000
0!
0*

#69970000
1!
b1001 &
1*
b1001 /
00

#69980000
0!
0*

#69990000
1!
1*
10

#70000000
0!
0*

#70010000
1!
b1 %
b0 &
1*
b1 .
b0 /
00

#70020000
0!
0*

#70030000
1!
1*
10

#70040000
0!
0*

#70050000
1!
b1 &
1*
b1 /
00

#70060000
0!
0*

#70070000
1!
1*
10

#70080000
0!
0*

#70090000
1!
b10 &
1*
b10 /
00

#70100000
0!
0*

#70110000
1!
1*
10

#70120000
0!
0*

#70130000
1!
b11 &
1*
b11 /
00

#70140000
0!
0*

#70150000
1!
1*
10

#70160000
0!
0*

#70170000
1!
b100 &
1*
b100 /
00

#70180000
0!
0*

#70190000
1!
1*
10

#70200000
0!
0*

#70210000
1!
b101 &
1*
b101 /
00

#70220000
0!
0*

#70230000
1!
1*
10

#70240000
0!
0*

#70250000
1!
b110 &
1*
b110 /
00

#70260000
0!
0*

#70270000
1!
1*
10

#70280000
0!
0*

#70290000
1!
b111 &
1*
b111 /
00

#70300000
0!
0*

#70310000
1!
1*
10

#70320000
0!
0*

#70330000
1!
b1000 &
1*
b1000 /
00

#70340000
0!
0*

#70350000
1!
1*
10

#70360000
0!
0*

#70370000
1!
b1001 &
1*
b1001 /
00

#70380000
0!
0*

#70390000
1!
1*
10

#70400000
0!
0*

#70410000
1!
b10 %
b0 &
1*
b10 .
b0 /
00

#70420000
0!
0*

#70430000
1!
1*
10

#70440000
0!
0*

#70450000
1!
b1 &
1*
b1 /
00

#70460000
0!
0*

#70470000
1!
1*
10

#70480000
0!
0*

#70490000
1!
b10 &
1*
b10 /
00

#70500000
0!
0*

#70510000
1!
1*
10

#70520000
0!
0*

#70530000
1!
b11 &
1*
b11 /
00

#70540000
0!
0*

#70550000
1!
1*
10

#70560000
0!
0*

#70570000
1!
b100 &
1*
b100 /
00

#70580000
0!
0*

#70590000
1!
1*
10

#70600000
0!
0*

#70610000
1!
b101 &
1*
b101 /
00

#70620000
0!
0*

#70630000
1!
1*
10

#70640000
0!
0*

#70650000
1!
b110 &
1*
b110 /
00

#70660000
0!
0*

#70670000
1!
1*
10

#70680000
0!
0*

#70690000
1!
b111 &
1*
b111 /
00

#70700000
0!
0*

#70710000
1!
1*
10

#70720000
0!
0*

#70730000
1!
b1000 &
1*
b1000 /
00

#70740000
0!
0*

#70750000
1!
1*
10

#70760000
0!
0*

#70770000
1!
b1001 &
1*
b1001 /
00

#70780000
0!
0*

#70790000
1!
1*
10

#70800000
0!
0*

#70810000
1!
b11 %
b0 &
1*
b11 .
b0 /
00

#70820000
0!
0*

#70830000
1!
1*
10

#70840000
0!
0*

#70850000
1!
b1 &
1*
b1 /
00

#70860000
0!
0*

#70870000
1!
1*
10

#70880000
0!
0*

#70890000
1!
b10 &
1*
b10 /
00

#70900000
0!
0*

#70910000
1!
1*
10

#70920000
0!
0*

#70930000
1!
b11 &
1*
b11 /
00

#70940000
0!
0*

#70950000
1!
1*
10

#70960000
0!
0*

#70970000
1!
b100 &
1*
b100 /
00

#70980000
0!
0*

#70990000
1!
1*
10

#71000000
0!
0*

#71010000
1!
b101 &
1*
b101 /
00

#71020000
0!
0*

#71030000
1!
1*
10

#71040000
0!
0*

#71050000
1!
b110 &
1*
b110 /
00

#71060000
0!
0*

#71070000
1!
1*
10

#71080000
0!
0*

#71090000
1!
b111 &
1*
b111 /
00

#71100000
0!
0*

#71110000
1!
1*
10

#71120000
0!
0*

#71130000
1!
b1000 &
1*
b1000 /
00

#71140000
0!
0*

#71150000
1!
1*
10

#71160000
0!
0*

#71170000
1!
b1001 &
1*
b1001 /
00

#71180000
0!
0*

#71190000
1!
1*
10

#71200000
0!
0*

#71210000
1!
b100 %
b0 &
1*
b100 .
b0 /
00

#71220000
0!
0*

#71230000
1!
1*
10

#71240000
0!
0*

#71250000
1!
b1 &
1*
b1 /
00

#71260000
0!
0*

#71270000
1!
1*
10

#71280000
0!
0*

#71290000
1!
b10 &
1*
b10 /
00

#71300000
0!
0*

#71310000
1!
1*
10

#71320000
0!
0*

#71330000
1!
b11 &
1*
b11 /
00

#71340000
0!
0*

#71350000
1!
1*
10

#71360000
0!
0*

#71370000
1!
b100 &
1*
b100 /
00

#71380000
0!
0*

#71390000
1!
1*
10

#71400000
0!
0*

#71410000
1!
b101 &
1*
b101 /
00

#71420000
0!
0*

#71430000
1!
1*
10

#71440000
0!
0*

#71450000
1!
b110 &
1*
b110 /
00

#71460000
0!
0*

#71470000
1!
1*
10

#71480000
0!
0*

#71490000
1!
b111 &
1*
b111 /
00

#71500000
0!
0*

#71510000
1!
1*
10

#71520000
0!
0*

#71530000
1!
b1000 &
1*
b1000 /
00

#71540000
0!
0*

#71550000
1!
1*
10

#71560000
0!
0*

#71570000
1!
b1001 &
1*
b1001 /
00

#71580000
0!
0*

#71590000
1!
1*
10

#71600000
0!
0*

#71610000
1!
b101 %
b0 &
1*
b101 .
b0 /
00

#71620000
0!
0*

#71630000
1!
1*
10

#71640000
0!
0*

#71650000
1!
b1 &
1*
b1 /
00

#71660000
0!
0*

#71670000
1!
1*
10

#71680000
0!
0*

#71690000
1!
b10 &
1*
b10 /
00

#71700000
0!
0*

#71710000
1!
1*
10

#71720000
0!
0*

#71730000
1!
b11 &
1*
b11 /
00

#71740000
0!
0*

#71750000
1!
1*
10

#71760000
0!
0*

#71770000
1!
b100 &
1*
b100 /
00

#71780000
0!
0*

#71790000
1!
1*
10

#71800000
0!
0*

#71810000
1!
b101 &
1*
b101 /
00

#71820000
0!
0*

#71830000
1!
1*
10

#71840000
0!
0*

#71850000
1!
b110 &
1*
b110 /
00

#71860000
0!
0*

#71870000
1!
1*
10

#71880000
0!
0*

#71890000
1!
b111 &
1*
b111 /
00

#71900000
0!
0*

#71910000
1!
1*
10

#71920000
0!
0*

#71930000
1!
b1000 &
1*
b1000 /
00

#71940000
0!
0*

#71950000
1!
1*
10

#71960000
0!
0*

#71970000
1!
b1001 &
1*
b1001 /
00

#71980000
0!
0*

#71990000
1!
1*
10

#72000000
0!
0*

#72010000
1!
b11 #
b0 $
b0 %
b0 &
1*
b11 ,
b0 -
b0 .
b0 /
00

#72020000
0!
0*

#72030000
1!
1*
10

#72040000
0!
0*

#72050000
1!
b1 &
1*
b1 /
00

#72060000
0!
0*

#72070000
1!
1*
10

#72080000
0!
0*

#72090000
1!
b10 &
1*
b10 /
00

#72100000
0!
0*

#72110000
1!
1*
10

#72120000
0!
0*

#72130000
1!
b11 &
1*
b11 /
00

#72140000
0!
0*

#72150000
1!
1*
10

#72160000
0!
0*

#72170000
1!
b100 &
1*
b100 /
00

#72180000
0!
0*

#72190000
1!
1*
10

#72200000
0!
0*

#72210000
1!
b101 &
1*
b101 /
00

#72220000
0!
0*

#72230000
1!
1*
10

#72240000
0!
0*

#72250000
1!
b110 &
1*
b110 /
00

#72260000
0!
0*

#72270000
1!
1*
10

#72280000
0!
0*

#72290000
1!
b111 &
1*
b111 /
00

#72300000
0!
0*

#72310000
1!
1*
10

#72320000
0!
0*

#72330000
1!
b1000 &
1*
b1000 /
00

#72340000
0!
0*

#72350000
1!
1*
10

#72360000
0!
0*

#72370000
1!
b1001 &
1*
b1001 /
00

#72380000
0!
0*

#72390000
1!
1*
10

#72400000
0!
0*

#72410000
1!
b1 %
b0 &
1*
b1 .
b0 /
00

#72420000
0!
0*

#72430000
1!
1*
10

#72440000
0!
0*

#72450000
1!
b1 &
1*
b1 /
00

#72460000
0!
0*

#72470000
1!
1*
10

#72480000
0!
0*

#72490000
1!
b10 &
1*
b10 /
00

#72500000
0!
0*

#72510000
1!
1*
10

#72520000
0!
0*

#72530000
1!
b11 &
1*
b11 /
00

#72540000
0!
0*

#72550000
1!
1*
10

#72560000
0!
0*

#72570000
1!
b100 &
1*
b100 /
00

#72580000
0!
0*

#72590000
1!
1*
10

#72600000
0!
0*

#72610000
1!
b101 &
1*
b101 /
00

#72620000
0!
0*

#72630000
1!
1*
10

#72640000
0!
0*

#72650000
1!
b110 &
1*
b110 /
00

#72660000
0!
0*

#72670000
1!
1*
10

#72680000
0!
0*

#72690000
1!
b111 &
1*
b111 /
00

#72700000
0!
0*

#72710000
1!
1*
10

#72720000
0!
0*

#72730000
1!
b1000 &
1*
b1000 /
00

#72740000
0!
0*

#72750000
1!
1*
10

#72760000
0!
0*

#72770000
1!
b1001 &
1*
b1001 /
00

#72780000
0!
0*

#72790000
1!
1*
10

#72800000
0!
0*

#72810000
1!
b10 %
b0 &
1*
b10 .
b0 /
00

#72820000
0!
0*

#72830000
1!
1*
10

#72840000
0!
0*

#72850000
1!
b1 &
1*
b1 /
00

#72860000
0!
0*

#72870000
1!
1*
10

#72880000
0!
0*

#72890000
1!
b10 &
1*
b10 /
00

#72900000
0!
0*

#72910000
1!
1*
10

#72920000
0!
0*

#72930000
1!
b11 &
1*
b11 /
00

#72940000
0!
0*

#72950000
1!
1*
10

#72960000
0!
0*

#72970000
1!
b100 &
1*
b100 /
00

#72980000
0!
0*

#72990000
1!
1*
10

#73000000
0!
0*

#73010000
1!
b101 &
1*
b101 /
00

#73020000
0!
0*

#73030000
1!
1*
10

#73040000
0!
0*

#73050000
1!
b110 &
1*
b110 /
00

#73060000
0!
0*

#73070000
1!
1*
10

#73080000
0!
0*

#73090000
1!
b111 &
1*
b111 /
00

#73100000
0!
0*

#73110000
1!
1*
10

#73120000
0!
0*

#73130000
1!
b1000 &
1*
b1000 /
00

#73140000
0!
0*

#73150000
1!
1*
10

#73160000
0!
0*

#73170000
1!
b1001 &
1*
b1001 /
00

#73180000
0!
0*

#73190000
1!
1*
10

#73200000
0!
0*

#73210000
1!
b11 %
b0 &
1*
b11 .
b0 /
00

#73220000
0!
0*

#73230000
1!
1*
10

#73240000
0!
0*

#73250000
1!
b1 &
1*
b1 /
00

#73260000
0!
0*

#73270000
1!
1*
10

#73280000
0!
0*

#73290000
1!
b10 &
1*
b10 /
00

#73300000
0!
0*

#73310000
1!
1*
10

#73320000
0!
0*

#73330000
1!
b11 &
1*
b11 /
00

#73340000
0!
0*

#73350000
1!
1*
10

#73360000
0!
0*

#73370000
1!
b100 &
1*
b100 /
00

#73380000
0!
0*

#73390000
1!
1*
10

#73400000
0!
0*

#73410000
1!
b101 &
1*
b101 /
00

#73420000
0!
0*

#73430000
1!
1*
10

#73440000
0!
0*

#73450000
1!
b110 &
1*
b110 /
00

#73460000
0!
0*

#73470000
1!
1*
10

#73480000
0!
0*

#73490000
1!
b111 &
1*
b111 /
00

#73500000
0!
0*

#73510000
1!
1*
10

#73520000
0!
0*

#73530000
1!
b1000 &
1*
b1000 /
00

#73540000
0!
0*

#73550000
1!
1*
10

#73560000
0!
0*

#73570000
1!
b1001 &
1*
b1001 /
00

#73580000
0!
0*

#73590000
1!
1*
10

#73600000
0!
0*

#73610000
1!
b100 %
b0 &
1*
b100 .
b0 /
00

#73620000
0!
0*

#73630000
1!
1*
10

#73640000
0!
0*

#73650000
1!
b1 &
1*
b1 /
00

#73660000
0!
0*

#73670000
1!
1*
10

#73680000
0!
0*

#73690000
1!
b10 &
1*
b10 /
00

#73700000
0!
0*

#73710000
1!
1*
10

#73720000
0!
0*

#73730000
1!
b11 &
1*
b11 /
00

#73740000
0!
0*

#73750000
1!
1*
10

#73760000
0!
0*

#73770000
1!
b100 &
1*
b100 /
00

#73780000
0!
0*

#73790000
1!
1*
10

#73800000
0!
0*

#73810000
1!
b101 &
1*
b101 /
00

#73820000
0!
0*

#73830000
1!
1*
10

#73840000
0!
0*

#73850000
1!
b110 &
1*
b110 /
00

#73860000
0!
0*

#73870000
1!
1*
10

#73880000
0!
0*

#73890000
1!
b111 &
1*
b111 /
00

#73900000
0!
0*

#73910000
1!
1*
10

#73920000
0!
0*

#73930000
1!
b1000 &
1*
b1000 /
00

#73940000
0!
0*

#73950000
1!
1*
10

#73960000
0!
0*

#73970000
1!
b1001 &
1*
b1001 /
00

#73980000
0!
0*

#73990000
1!
1*
10

#74000000
0!
0*

#74010000
1!
b101 %
b0 &
1*
b101 .
b0 /
00

#74020000
0!
0*

#74030000
1!
1*
10

#74040000
0!
0*

#74050000
1!
b1 &
1*
b1 /
00

#74060000
0!
0*

#74070000
1!
1*
10

#74080000
0!
0*

#74090000
1!
b10 &
1*
b10 /
00

#74100000
0!
0*

#74110000
1!
1*
10

#74120000
0!
0*

#74130000
1!
b11 &
1*
b11 /
00

#74140000
0!
0*

#74150000
1!
1*
10

#74160000
0!
0*

#74170000
1!
b100 &
1*
b100 /
00

#74180000
0!
0*

#74190000
1!
1*
10

#74200000
0!
0*

#74210000
1!
b101 &
1*
b101 /
00

#74220000
0!
0*

#74230000
1!
1*
10

#74240000
0!
0*

#74250000
1!
b110 &
1*
b110 /
00

#74260000
0!
0*

#74270000
1!
1*
10

#74280000
0!
0*

#74290000
1!
b111 &
1*
b111 /
00

#74300000
0!
0*

#74310000
1!
1*
10

#74320000
0!
0*

#74330000
1!
b1000 &
1*
b1000 /
00

#74340000
0!
0*

#74350000
1!
1*
10

#74360000
0!
0*

#74370000
1!
b1001 &
1*
b1001 /
00

#74380000
0!
0*

#74390000
1!
1*
10

#74400000
0!
0*

#74410000
1!
b1 $
b0 %
b0 &
1*
b1 -
b0 .
b0 /
00

#74420000
0!
0*

#74430000
1!
1*
10

#74440000
0!
0*

#74450000
1!
b1 &
1*
b1 /
00

#74460000
0!
0*

#74470000
1!
1*
10

#74480000
0!
0*

#74490000
1!
b10 &
1*
b10 /
00

#74500000
0!
0*

#74510000
1!
1*
10

#74520000
0!
0*

#74530000
1!
b11 &
1*
b11 /
00

#74540000
0!
0*

#74550000
1!
1*
10

#74560000
0!
0*

#74570000
1!
b100 &
1*
b100 /
00

#74580000
0!
0*

#74590000
1!
1*
10

#74600000
0!
0*

#74610000
1!
b101 &
1*
b101 /
00

#74620000
0!
0*

#74630000
1!
1*
10

#74640000
0!
0*

#74650000
1!
b110 &
1*
b110 /
00

#74660000
0!
0*

#74670000
1!
1*
10

#74680000
0!
0*

#74690000
1!
b111 &
1*
b111 /
00

#74700000
0!
0*

#74710000
1!
1*
10

#74720000
0!
0*

#74730000
1!
b1000 &
1*
b1000 /
00

#74740000
0!
0*

#74750000
1!
1*
10

#74760000
0!
0*

#74770000
1!
b1001 &
1*
b1001 /
00

#74780000
0!
0*

#74790000
1!
1*
10

#74800000
0!
0*

#74810000
1!
b1 %
b0 &
1*
b1 .
b0 /
00

#74820000
0!
0*

#74830000
1!
1*
10

#74840000
0!
0*

#74850000
1!
b1 &
1*
b1 /
00

#74860000
0!
0*

#74870000
1!
1*
10

#74880000
0!
0*

#74890000
1!
b10 &
1*
b10 /
00

#74900000
0!
0*

#74910000
1!
1*
10

#74920000
0!
0*

#74930000
1!
b11 &
1*
b11 /
00

#74940000
0!
0*

#74950000
1!
1*
10

#74960000
0!
0*

#74970000
1!
b100 &
1*
b100 /
00

#74980000
0!
0*

#74990000
1!
1*
10

#75000000
0!
0*

#75010000
1!
b101 &
1*
b101 /
00

#75020000
0!
0*

#75030000
1!
1*
10

#75040000
0!
0*

#75050000
1!
b110 &
1*
b110 /
00

#75060000
0!
0*

#75070000
1!
1*
10

#75080000
0!
0*

#75090000
1!
b111 &
1*
b111 /
00

#75100000
0!
0*

#75110000
1!
1*
10

#75120000
0!
0*

#75130000
1!
b1000 &
1*
b1000 /
00

#75140000
0!
0*

#75150000
1!
1*
10

#75160000
0!
0*

#75170000
1!
b1001 &
1*
b1001 /
00

#75180000
0!
0*

#75190000
1!
1*
10

#75200000
0!
0*

#75210000
1!
b10 %
b0 &
1*
b10 .
b0 /
00

#75220000
0!
0*

#75230000
1!
1*
10

#75240000
0!
0*

#75250000
1!
b1 &
1*
b1 /
00

#75260000
0!
0*

#75270000
1!
1*
10

#75280000
0!
0*

#75290000
1!
b10 &
1*
b10 /
00

#75300000
0!
0*

#75310000
1!
1*
10

#75320000
0!
0*

#75330000
1!
b11 &
1*
b11 /
00

#75340000
0!
0*

#75350000
1!
1*
10

#75360000
0!
0*

#75370000
1!
b100 &
1*
b100 /
00

#75380000
0!
0*

#75390000
1!
1*
10

#75400000
0!
0*

#75410000
1!
b101 &
1*
b101 /
00

#75420000
0!
0*

#75430000
1!
1*
10

#75440000
0!
0*

#75450000
1!
b110 &
1*
b110 /
00

#75460000
0!
0*

#75470000
1!
1*
10

#75480000
0!
0*

#75490000
1!
b111 &
1*
b111 /
00

#75500000
0!
0*

#75510000
1!
1*
10

#75520000
0!
0*

#75530000
1!
b1000 &
1*
b1000 /
00

#75540000
0!
0*

#75550000
1!
1*
10

#75560000
0!
0*

#75570000
1!
b1001 &
1*
b1001 /
00

#75580000
0!
0*

#75590000
1!
1*
10

#75600000
0!
0*

#75610000
1!
b11 %
b0 &
1*
b11 .
b0 /
00

#75620000
0!
0*

#75630000
1!
1*
10

#75640000
0!
0*

#75650000
1!
b1 &
1*
b1 /
00

#75660000
0!
0*

#75670000
1!
1*
10

#75680000
0!
0*

#75690000
1!
b10 &
1*
b10 /
00

#75700000
0!
0*

#75710000
1!
1*
10

#75720000
0!
0*

#75730000
1!
b11 &
1*
b11 /
00

#75740000
0!
0*

#75750000
1!
1*
10

#75760000
0!
0*

#75770000
1!
b100 &
1*
b100 /
00

#75780000
0!
0*

#75790000
1!
1*
10

#75800000
0!
0*

#75810000
1!
b101 &
1*
b101 /
00

#75820000
0!
0*

#75830000
1!
1*
10

#75840000
0!
0*

#75850000
1!
b110 &
1*
b110 /
00

#75860000
0!
0*

#75870000
1!
1*
10

#75880000
0!
0*

#75890000
1!
b111 &
1*
b111 /
00

#75900000
0!
0*

#75910000
1!
1*
10

#75920000
0!
0*

#75930000
1!
b1000 &
1*
b1000 /
00

#75940000
0!
0*

#75950000
1!
1*
10

#75960000
0!
0*

#75970000
1!
b1001 &
1*
b1001 /
00

#75980000
0!
0*

#75990000
1!
1*
10

#76000000
0!
0*

#76010000
1!
b100 %
b0 &
1*
b100 .
b0 /
00

#76020000
0!
0*

#76030000
1!
1*
10

#76040000
0!
0*

#76050000
1!
b1 &
1*
b1 /
00

#76060000
0!
0*

#76070000
1!
1*
10

#76080000
0!
0*

#76090000
1!
b10 &
1*
b10 /
00

#76100000
0!
0*

#76110000
1!
1*
10

#76120000
0!
0*

#76130000
1!
b11 &
1*
b11 /
00

#76140000
0!
0*

#76150000
1!
1*
10

#76160000
0!
0*

#76170000
1!
b100 &
1*
b100 /
00

#76180000
0!
0*

#76190000
1!
1*
10

#76200000
0!
0*

#76210000
1!
b101 &
1*
b101 /
00

#76220000
0!
0*

#76230000
1!
1*
10

#76240000
0!
0*

#76250000
1!
b110 &
1*
b110 /
00

#76260000
0!
0*

#76270000
1!
1*
10

#76280000
0!
0*

#76290000
1!
b111 &
1*
b111 /
00

#76300000
0!
0*

#76310000
1!
1*
10

#76320000
0!
0*

#76330000
1!
b1000 &
1*
b1000 /
00

#76340000
0!
0*

#76350000
1!
1*
10

#76360000
0!
0*

#76370000
1!
b1001 &
1*
b1001 /
00

#76380000
0!
0*

#76390000
1!
1*
10

#76400000
0!
0*

#76410000
1!
b101 %
b0 &
1*
b101 .
b0 /
00

#76420000
0!
0*

#76430000
1!
1*
10

#76440000
0!
0*

#76450000
1!
b1 &
1*
b1 /
00

#76460000
0!
0*

#76470000
1!
1*
10

#76480000
0!
0*

#76490000
1!
b10 &
1*
b10 /
00

#76500000
0!
0*

#76510000
1!
1*
10

#76520000
0!
0*

#76530000
1!
b11 &
1*
b11 /
00

#76540000
0!
0*

#76550000
1!
1*
10

#76560000
0!
0*

#76570000
1!
b100 &
1*
b100 /
00

#76580000
0!
0*

#76590000
1!
1*
10

#76600000
0!
0*

#76610000
1!
b101 &
1*
b101 /
00

#76620000
0!
0*

#76630000
1!
1*
10

#76640000
0!
0*

#76650000
1!
b110 &
1*
b110 /
00

#76660000
0!
0*

#76670000
1!
1*
10

#76680000
0!
0*

#76690000
1!
b111 &
1*
b111 /
00

#76700000
0!
0*

#76710000
1!
1*
10

#76720000
0!
0*

#76730000
1!
b1000 &
1*
b1000 /
00

#76740000
0!
0*

#76750000
1!
1*
10

#76760000
0!
0*

#76770000
1!
b1001 &
1*
b1001 /
00

#76780000
0!
0*

#76790000
1!
1*
10

#76800000
0!
0*

#76810000
1!
b10 $
b0 %
b0 &
1*
b10 -
b0 .
b0 /
00

#76820000
0!
0*

#76830000
1!
1*
10

#76840000
0!
0*

#76850000
1!
b1 &
1*
b1 /
00

#76860000
0!
0*

#76870000
1!
1*
10

#76880000
0!
0*

#76890000
1!
b10 &
1*
b10 /
00

#76900000
0!
0*

#76910000
1!
1*
10

#76920000
0!
0*

#76930000
1!
b11 &
1*
b11 /
00

#76940000
0!
0*

#76950000
1!
1*
10

#76960000
0!
0*

#76970000
1!
b100 &
1*
b100 /
00

#76980000
0!
0*

#76990000
1!
1*
10

#77000000
0!
0*

#77010000
1!
b101 &
1*
b101 /
00

#77020000
0!
0*

#77030000
1!
1*
10

#77040000
0!
0*

#77050000
1!
b110 &
1*
b110 /
00

#77060000
0!
0*

#77070000
1!
1*
10

#77080000
0!
0*

#77090000
1!
b111 &
1*
b111 /
00

#77100000
0!
0*

#77110000
1!
1*
10

#77120000
0!
0*

#77130000
1!
b1000 &
1*
b1000 /
00

#77140000
0!
0*

#77150000
1!
1*
10

#77160000
0!
0*

#77170000
1!
b1001 &
1*
b1001 /
00

#77180000
0!
0*

#77190000
1!
1*
10

#77200000
0!
0*

#77210000
1!
b1 %
b0 &
1*
b1 .
b0 /
00

#77220000
0!
0*

#77230000
1!
1*
10

#77240000
0!
0*

#77250000
1!
b1 &
1*
b1 /
00

#77260000
0!
0*

#77270000
1!
1*
10

#77280000
0!
0*

#77290000
1!
b10 &
1*
b10 /
00

#77300000
0!
0*

#77310000
1!
1*
10

#77320000
0!
0*

#77330000
1!
b11 &
1*
b11 /
00

#77340000
0!
0*

#77350000
1!
1*
10

#77360000
0!
0*

#77370000
1!
b100 &
1*
b100 /
00

#77380000
0!
0*

#77390000
1!
1*
10

#77400000
0!
0*

#77410000
1!
b101 &
1*
b101 /
00

#77420000
0!
0*

#77430000
1!
1*
10

#77440000
0!
0*

#77450000
1!
b110 &
1*
b110 /
00

#77460000
0!
0*

#77470000
1!
1*
10

#77480000
0!
0*

#77490000
1!
b111 &
1*
b111 /
00

#77500000
0!
0*

#77510000
1!
1*
10

#77520000
0!
0*

#77530000
1!
b1000 &
1*
b1000 /
00

#77540000
0!
0*

#77550000
1!
1*
10

#77560000
0!
0*

#77570000
1!
b1001 &
1*
b1001 /
00

#77580000
0!
0*

#77590000
1!
1*
10

#77600000
0!
0*

#77610000
1!
b10 %
b0 &
1*
b10 .
b0 /
00

#77620000
0!
0*

#77630000
1!
1*
10

#77640000
0!
0*

#77650000
1!
b1 &
1*
b1 /
00

#77660000
0!
0*

#77670000
1!
1*
10

#77680000
0!
0*

#77690000
1!
b10 &
1*
b10 /
00

#77700000
0!
0*

#77710000
1!
1*
10

#77720000
0!
0*

#77730000
1!
b11 &
1*
b11 /
00

#77740000
0!
0*

#77750000
1!
1*
10

#77760000
0!
0*

#77770000
1!
b100 &
1*
b100 /
00

#77780000
0!
0*

#77790000
1!
1*
10

#77800000
0!
0*

#77810000
1!
b101 &
1*
b101 /
00

#77820000
0!
0*

#77830000
1!
1*
10

#77840000
0!
0*

#77850000
1!
b110 &
1*
b110 /
00

#77860000
0!
0*

#77870000
1!
1*
10

#77880000
0!
0*

#77890000
1!
b111 &
1*
b111 /
00

#77900000
0!
0*

#77910000
1!
1*
10

#77920000
0!
0*

#77930000
1!
b1000 &
1*
b1000 /
00

#77940000
0!
0*

#77950000
1!
1*
10

#77960000
0!
0*

#77970000
1!
b1001 &
1*
b1001 /
00

#77980000
0!
0*

#77990000
1!
1*
10

#78000000
0!
0*

#78010000
1!
b11 %
b0 &
1*
b11 .
b0 /
00

#78020000
0!
0*

#78030000
1!
1*
10

#78040000
0!
0*

#78050000
1!
b1 &
1*
b1 /
00

#78060000
0!
0*

#78070000
1!
1*
10

#78080000
0!
0*

#78090000
1!
b10 &
1*
b10 /
00

#78100000
0!
0*

#78110000
1!
1*
10

#78120000
0!
0*

#78130000
1!
b11 &
1*
b11 /
00

#78140000
0!
0*

#78150000
1!
1*
10

#78160000
0!
0*

#78170000
1!
b100 &
1*
b100 /
00

#78180000
0!
0*

#78190000
1!
1*
10

#78200000
0!
0*

#78210000
1!
b101 &
1*
b101 /
00

#78220000
0!
0*

#78230000
1!
1*
10

#78240000
0!
0*

#78250000
1!
b110 &
1*
b110 /
00

#78260000
0!
0*

#78270000
1!
1*
10

#78280000
0!
0*

#78290000
1!
b111 &
1*
b111 /
00

#78300000
0!
0*

#78310000
1!
1*
10

#78320000
0!
0*

#78330000
1!
b1000 &
1*
b1000 /
00

#78340000
0!
0*

#78350000
1!
1*
10

#78360000
0!
0*

#78370000
1!
b1001 &
1*
b1001 /
00

#78380000
0!
0*

#78390000
1!
1*
10

#78400000
0!
0*

#78410000
1!
b100 %
b0 &
1*
b100 .
b0 /
00

#78420000
0!
0*

#78430000
1!
1*
10

#78440000
0!
0*

#78450000
1!
b1 &
1*
b1 /
00

#78460000
0!
0*

#78470000
1!
1*
10

#78480000
0!
0*

#78490000
1!
b10 &
1*
b10 /
00

#78500000
0!
0*

#78510000
1!
1*
10

#78520000
0!
0*

#78530000
1!
b11 &
1*
b11 /
00

#78540000
0!
0*

#78550000
1!
1*
10

#78560000
0!
0*

#78570000
1!
b100 &
1*
b100 /
00

#78580000
0!
0*

#78590000
1!
1*
10

#78600000
0!
0*

#78610000
1!
b101 &
1*
b101 /
00

#78620000
0!
0*

#78630000
1!
1*
10

#78640000
0!
0*

#78650000
1!
b110 &
1*
b110 /
00

#78660000
0!
0*

#78670000
1!
1*
10

#78680000
0!
0*

#78690000
1!
b111 &
1*
b111 /
00

#78700000
0!
0*

#78710000
1!
1*
10

#78720000
0!
0*

#78730000
1!
b1000 &
1*
b1000 /
00

#78740000
0!
0*

#78750000
1!
1*
10

#78760000
0!
0*

#78770000
1!
b1001 &
1*
b1001 /
00

#78780000
0!
0*

#78790000
1!
1*
10

#78800000
0!
0*

#78810000
1!
b101 %
b0 &
1*
b101 .
b0 /
00

#78820000
0!
0*

#78830000
1!
1*
10

#78840000
0!
0*

#78850000
1!
b1 &
1*
b1 /
00

#78860000
0!
0*

#78870000
1!
1*
10

#78880000
0!
0*

#78890000
1!
b10 &
1*
b10 /
00

#78900000
0!
0*

#78910000
1!
1*
10

#78920000
0!
0*

#78930000
1!
b11 &
1*
b11 /
00

#78940000
0!
0*

#78950000
1!
1*
10

#78960000
0!
0*

#78970000
1!
b100 &
1*
b100 /
00

#78980000
0!
0*

#78990000
1!
1*
10

#79000000
0!
0*

#79010000
1!
b101 &
1*
b101 /
00

#79020000
0!
0*

#79030000
1!
1*
10

#79040000
0!
0*

#79050000
1!
b110 &
1*
b110 /
00

#79060000
0!
0*

#79070000
1!
1*
10

#79080000
0!
0*

#79090000
1!
b111 &
1*
b111 /
00

#79100000
0!
0*

#79110000
1!
1*
10

#79120000
0!
0*

#79130000
1!
b1000 &
1*
b1000 /
00

#79140000
0!
0*

#79150000
1!
1*
10

#79160000
0!
0*

#79170000
1!
b1001 &
1*
b1001 /
00

#79180000
0!
0*

#79190000
1!
1*
10

#79200000
0!
0*

#79210000
1!
b11 $
b0 %
b0 &
1*
b11 -
b0 .
b0 /
00

#79220000
0!
0*

#79230000
1!
1*
10

#79240000
0!
0*

#79250000
1!
b1 &
1*
b1 /
00

#79260000
0!
0*

#79270000
1!
1*
10

#79280000
0!
0*

#79290000
1!
b10 &
1*
b10 /
00

#79300000
0!
0*

#79310000
1!
1*
10

#79320000
0!
0*

#79330000
1!
b11 &
1*
b11 /
00

#79340000
0!
0*

#79350000
1!
1*
10

#79360000
0!
0*

#79370000
1!
b100 &
1*
b100 /
00

#79380000
0!
0*

#79390000
1!
1*
10

#79400000
0!
0*

#79410000
1!
b101 &
1*
b101 /
00

#79420000
0!
0*

#79430000
1!
1*
10

#79440000
0!
0*

#79450000
1!
b110 &
1*
b110 /
00

#79460000
0!
0*

#79470000
1!
1*
10

#79480000
0!
0*

#79490000
1!
b111 &
1*
b111 /
00

#79500000
0!
0*

#79510000
1!
1*
10

#79520000
0!
0*

#79530000
1!
b1000 &
1*
b1000 /
00

#79540000
0!
0*

#79550000
1!
1*
10

#79560000
0!
0*

#79570000
1!
b1001 &
1*
b1001 /
00

#79580000
0!
0*

#79590000
1!
1*
10

#79600000
0!
0*

#79610000
1!
b1 %
b0 &
1*
b1 .
b0 /
00

#79620000
0!
0*

#79630000
1!
1*
10

#79640000
0!
0*

#79650000
1!
b1 &
1*
b1 /
00

#79660000
0!
0*

#79670000
1!
1*
10

#79680000
0!
0*

#79690000
1!
b10 &
1*
b10 /
00

#79700000
0!
0*

#79710000
1!
1*
10

#79720000
0!
0*

#79730000
1!
b11 &
1*
b11 /
00

#79740000
0!
0*

#79750000
1!
1*
10

#79760000
0!
0*

#79770000
1!
b100 &
1*
b100 /
00

#79780000
0!
0*

#79790000
1!
1*
10

#79800000
0!
0*

#79810000
1!
b101 &
1*
b101 /
00

#79820000
0!
0*

#79830000
1!
1*
10

#79840000
0!
0*

#79850000
1!
b110 &
1*
b110 /
00

#79860000
0!
0*

#79870000
1!
1*
10

#79880000
0!
0*

#79890000
1!
b111 &
1*
b111 /
00

#79900000
0!
0*

#79910000
1!
1*
10

#79920000
0!
0*

#79930000
1!
b1000 &
1*
b1000 /
00

#79940000
0!
0*

#79950000
1!
1*
10

#79960000
0!
0*

#79970000
1!
b1001 &
1*
b1001 /
00

#79980000
0!
0*

#79990000
1!
1*
10

#80000000
0!
0*

#80010000
1!
b10 %
b0 &
1*
b10 .
b0 /
00

#80020000
0!
0*

#80030000
1!
1*
10

#80040000
0!
0*

#80050000
1!
b1 &
1*
b1 /
00

#80060000
0!
0*

#80070000
1!
1*
10

#80080000
0!
0*

#80090000
1!
b10 &
1*
b10 /
00

#80100000
0!
0*

#80110000
1!
1*
10

#80120000
0!
0*

#80130000
1!
b11 &
1*
b11 /
00

#80140000
0!
0*

#80150000
1!
1*
10

#80160000
0!
0*

#80170000
1!
b100 &
1*
b100 /
00

#80180000
0!
0*

#80190000
1!
1*
10

#80200000
0!
0*

#80210000
1!
b101 &
1*
b101 /
00

#80220000
0!
0*

#80230000
1!
1*
10

#80240000
0!
0*

#80250000
1!
b110 &
1*
b110 /
00

#80260000
0!
0*

#80270000
1!
1*
10

#80280000
0!
0*

#80290000
1!
b111 &
1*
b111 /
00

#80300000
0!
0*

#80310000
1!
1*
10

#80320000
0!
0*

#80330000
1!
b1000 &
1*
b1000 /
00

#80340000
0!
0*

#80350000
1!
1*
10

#80360000
0!
0*

#80370000
1!
b1001 &
1*
b1001 /
00

#80380000
0!
0*

#80390000
1!
1*
10

#80400000
0!
0*

#80410000
1!
b11 %
b0 &
1*
b11 .
b0 /
00

#80420000
0!
0*

#80430000
1!
1*
10

#80440000
0!
0*

#80450000
1!
b1 &
1*
b1 /
00

#80460000
0!
0*

#80470000
1!
1*
10

#80480000
0!
0*

#80490000
1!
b10 &
1*
b10 /
00

#80500000
0!
0*

#80510000
1!
1*
10

#80520000
0!
0*

#80530000
1!
b11 &
1*
b11 /
00

#80540000
0!
0*

#80550000
1!
1*
10

#80560000
0!
0*

#80570000
1!
b100 &
1*
b100 /
00

#80580000
0!
0*

#80590000
1!
1*
10

#80600000
0!
0*

#80610000
1!
b101 &
1*
b101 /
00

#80620000
0!
0*

#80630000
1!
1*
10

#80640000
0!
0*

#80650000
1!
b110 &
1*
b110 /
00

#80660000
0!
0*

#80670000
1!
1*
10

#80680000
0!
0*

#80690000
1!
b111 &
1*
b111 /
00

#80700000
0!
0*

#80710000
1!
1*
10

#80720000
0!
0*

#80730000
1!
b1000 &
1*
b1000 /
00

#80740000
0!
0*

#80750000
1!
1*
10

#80760000
0!
0*

#80770000
1!
b1001 &
1*
b1001 /
00

#80780000
0!
0*

#80790000
1!
1*
10

#80800000
0!
0*

#80810000
1!
b100 %
b0 &
1*
b100 .
b0 /
00

#80820000
0!
0*

#80830000
1!
1*
10

#80840000
0!
0*

#80850000
1!
b1 &
1*
b1 /
00

#80860000
0!
0*

#80870000
1!
1*
10

#80880000
0!
0*

#80890000
1!
b10 &
1*
b10 /
00

#80900000
0!
0*

#80910000
1!
1*
10

#80920000
0!
0*

#80930000
1!
b11 &
1*
b11 /
00

#80940000
0!
0*

#80950000
1!
1*
10

#80960000
0!
0*

#80970000
1!
b100 &
1*
b100 /
00

#80980000
0!
0*

#80990000
1!
1*
10

#81000000
0!
0*

#81010000
1!
b101 &
1*
b101 /
00

#81020000
0!
0*

#81030000
1!
1*
10

#81040000
0!
0*

#81050000
1!
b110 &
1*
b110 /
00

#81060000
0!
0*

#81070000
1!
1*
10

#81080000
0!
0*

#81090000
1!
b111 &
1*
b111 /
00

#81100000
0!
0*

#81110000
1!
1*
10

#81120000
0!
0*

#81130000
1!
b1000 &
1*
b1000 /
00

#81140000
0!
0*

#81150000
1!
1*
10

#81160000
0!
0*

#81170000
1!
b1001 &
1*
b1001 /
00

#81180000
0!
0*

#81190000
1!
1*
10

#81200000
0!
0*

#81210000
1!
b101 %
b0 &
1*
b101 .
b0 /
00

#81220000
0!
0*

#81230000
1!
1*
10

#81240000
0!
0*

#81250000
1!
b1 &
1*
b1 /
00

#81260000
0!
0*

#81270000
1!
1*
10

#81280000
0!
0*

#81290000
1!
b10 &
1*
b10 /
00

#81300000
0!
0*

#81310000
1!
1*
10

#81320000
0!
0*

#81330000
1!
b11 &
1*
b11 /
00

#81340000
0!
0*

#81350000
1!
1*
10

#81360000
0!
0*

#81370000
1!
b100 &
1*
b100 /
00

#81380000
0!
0*

#81390000
1!
1*
10

#81400000
0!
0*

#81410000
1!
b101 &
1*
b101 /
00

#81420000
0!
0*

#81430000
1!
1*
10

#81440000
0!
0*

#81450000
1!
b110 &
1*
b110 /
00

#81460000
0!
0*

#81470000
1!
1*
10

#81480000
0!
0*

#81490000
1!
b111 &
1*
b111 /
00

#81500000
0!
0*

#81510000
1!
1*
10

#81520000
0!
0*

#81530000
1!
b1000 &
1*
b1000 /
00

#81540000
0!
0*

#81550000
1!
1*
10

#81560000
0!
0*

#81570000
1!
b1001 &
1*
b1001 /
00

#81580000
0!
0*

#81590000
1!
1*
10

#81600000
0!
0*

#81610000
1!
b100 $
b0 %
b0 &
1*
b100 -
b0 .
b0 /
00

#81620000
0!
0*

#81630000
1!
1*
10

#81640000
0!
0*

#81650000
1!
b1 &
1*
b1 /
00

#81660000
0!
0*

#81670000
1!
1*
10

#81680000
0!
0*

#81690000
1!
b10 &
1*
b10 /
00

#81700000
0!
0*

#81710000
1!
1*
10

#81720000
0!
0*

#81730000
1!
b11 &
1*
b11 /
00

#81740000
0!
0*

#81750000
1!
1*
10

#81760000
0!
0*

#81770000
1!
b100 &
1*
b100 /
00

#81780000
0!
0*

#81790000
1!
1*
10

#81800000
0!
0*

#81810000
1!
b101 &
1*
b101 /
00

#81820000
0!
0*

#81830000
1!
1*
10

#81840000
0!
0*

#81850000
1!
b110 &
1*
b110 /
00

#81860000
0!
0*

#81870000
1!
1*
10

#81880000
0!
0*

#81890000
1!
b111 &
1*
b111 /
00

#81900000
0!
0*

#81910000
1!
1*
10

#81920000
0!
0*

#81930000
1!
b1000 &
1*
b1000 /
00

#81940000
0!
0*

#81950000
1!
1*
10

#81960000
0!
0*

#81970000
1!
b1001 &
1*
b1001 /
00

#81980000
0!
0*

#81990000
1!
1*
10

#82000000
0!
0*

#82010000
1!
b1 %
b0 &
1*
b1 .
b0 /
00

#82020000
0!
0*

#82030000
1!
1*
10

#82040000
0!
0*

#82050000
1!
b1 &
1*
b1 /
00

#82060000
0!
0*

#82070000
1!
1*
10

#82080000
0!
0*

#82090000
1!
b10 &
1*
b10 /
00

#82100000
0!
0*

#82110000
1!
1*
10

#82120000
0!
0*

#82130000
1!
b11 &
1*
b11 /
00

#82140000
0!
0*

#82150000
1!
1*
10

#82160000
0!
0*

#82170000
1!
b100 &
1*
b100 /
00

#82180000
0!
0*

#82190000
1!
1*
10

#82200000
0!
0*

#82210000
1!
b101 &
1*
b101 /
00

#82220000
0!
0*

#82230000
1!
1*
10

#82240000
0!
0*

#82250000
1!
b110 &
1*
b110 /
00

#82260000
0!
0*

#82270000
1!
1*
10

#82280000
0!
0*

#82290000
1!
b111 &
1*
b111 /
00

#82300000
0!
0*

#82310000
1!
1*
10

#82320000
0!
0*

#82330000
1!
b1000 &
1*
b1000 /
00

#82340000
0!
0*

#82350000
1!
1*
10

#82360000
0!
0*

#82370000
1!
b1001 &
1*
b1001 /
00

#82380000
0!
0*

#82390000
1!
1*
10

#82400000
0!
0*

#82410000
1!
b10 %
b0 &
1*
b10 .
b0 /
00

#82420000
0!
0*

#82430000
1!
1*
10

#82440000
0!
0*

#82450000
1!
b1 &
1*
b1 /
00

#82460000
0!
0*

#82470000
1!
1*
10

#82480000
0!
0*

#82490000
1!
b10 &
1*
b10 /
00

#82500000
0!
0*

#82510000
1!
1*
10

#82520000
0!
0*

#82530000
1!
b11 &
1*
b11 /
00

#82540000
0!
0*

#82550000
1!
1*
10

#82560000
0!
0*

#82570000
1!
b100 &
1*
b100 /
00

#82580000
0!
0*

#82590000
1!
1*
10

#82600000
0!
0*

#82610000
1!
b101 &
1*
b101 /
00

#82620000
0!
0*

#82630000
1!
1*
10

#82640000
0!
0*

#82650000
1!
b110 &
1*
b110 /
00

#82660000
0!
0*

#82670000
1!
1*
10

#82680000
0!
0*

#82690000
1!
b111 &
1*
b111 /
00

#82700000
0!
0*

#82710000
1!
1*
10

#82720000
0!
0*

#82730000
1!
b1000 &
1*
b1000 /
00

#82740000
0!
0*

#82750000
1!
1*
10

#82760000
0!
0*

#82770000
1!
b1001 &
1*
b1001 /
00

#82780000
0!
0*

#82790000
1!
1*
10

#82800000
0!
0*

#82810000
1!
b11 %
b0 &
1*
b11 .
b0 /
00

#82820000
0!
0*

#82830000
1!
1*
10

#82840000
0!
0*

#82850000
1!
b1 &
1*
b1 /
00

#82860000
0!
0*

#82870000
1!
1*
10

#82880000
0!
0*

#82890000
1!
b10 &
1*
b10 /
00

#82900000
0!
0*

#82910000
1!
1*
10

#82920000
0!
0*

#82930000
1!
b11 &
1*
b11 /
00

#82940000
0!
0*

#82950000
1!
1*
10

#82960000
0!
0*

#82970000
1!
b100 &
1*
b100 /
00

#82980000
0!
0*

#82990000
1!
1*
10

#83000000
0!
0*

#83010000
1!
b101 &
1*
b101 /
00

#83020000
0!
0*

#83030000
1!
1*
10

#83040000
0!
0*

#83050000
1!
b110 &
1*
b110 /
00

#83060000
0!
0*

#83070000
1!
1*
10

#83080000
0!
0*

#83090000
1!
b111 &
1*
b111 /
00

#83100000
0!
0*

#83110000
1!
1*
10

#83120000
0!
0*

#83130000
1!
b1000 &
1*
b1000 /
00

#83140000
0!
0*

#83150000
1!
1*
10

#83160000
0!
0*

#83170000
1!
b1001 &
1*
b1001 /
00

#83180000
0!
0*

#83190000
1!
1*
10

#83200000
0!
0*

#83210000
1!
b100 %
b0 &
1*
b100 .
b0 /
00

#83220000
0!
0*

#83230000
1!
1*
10

#83240000
0!
0*

#83250000
1!
b1 &
1*
b1 /
00

#83260000
0!
0*

#83270000
1!
1*
10

#83280000
0!
0*

#83290000
1!
b10 &
1*
b10 /
00

#83300000
0!
0*

#83310000
1!
1*
10

#83320000
0!
0*

#83330000
1!
b11 &
1*
b11 /
00

#83340000
0!
0*

#83350000
1!
1*
10

#83360000
0!
0*

#83370000
1!
b100 &
1*
b100 /
00

#83380000
0!
0*

#83390000
1!
1*
10

#83400000
0!
0*

#83410000
1!
b101 &
1*
b101 /
00

#83420000
0!
0*

#83430000
1!
1*
10

#83440000
0!
0*

#83450000
1!
b110 &
1*
b110 /
00

#83460000
0!
0*

#83470000
1!
1*
10

#83480000
0!
0*

#83490000
1!
b111 &
1*
b111 /
00

#83500000
0!
0*

#83510000
1!
1*
10

#83520000
0!
0*

#83530000
1!
b1000 &
1*
b1000 /
00

#83540000
0!
0*

#83550000
1!
1*
10

#83560000
0!
0*

#83570000
1!
b1001 &
1*
b1001 /
00

#83580000
0!
0*

#83590000
1!
1*
10

#83600000
0!
0*

#83610000
1!
b101 %
b0 &
1*
b101 .
b0 /
00

#83620000
0!
0*

#83630000
1!
1*
10

#83640000
0!
0*

#83650000
1!
b1 &
1*
b1 /
00

#83660000
0!
0*

#83670000
1!
1*
10

#83680000
0!
0*

#83690000
1!
b10 &
1*
b10 /
00

#83700000
0!
0*

#83710000
1!
1*
10

#83720000
0!
0*

#83730000
1!
b11 &
1*
b11 /
00

#83740000
0!
0*

#83750000
1!
1*
10

#83760000
0!
0*

#83770000
1!
b100 &
1*
b100 /
00

#83780000
0!
0*

#83790000
1!
1*
10

#83800000
0!
0*

#83810000
1!
b101 &
1*
b101 /
00

#83820000
0!
0*

#83830000
1!
1*
10

#83840000
0!
0*

#83850000
1!
b110 &
1*
b110 /
00

#83860000
0!
0*

#83870000
1!
1*
10

#83880000
0!
0*

#83890000
1!
b111 &
1*
b111 /
00

#83900000
0!
0*

#83910000
1!
1*
10

#83920000
0!
0*

#83930000
1!
b1000 &
1*
b1000 /
00

#83940000
0!
0*

#83950000
1!
1*
10

#83960000
0!
0*

#83970000
1!
b1001 &
1*
b1001 /
00

#83980000
0!
0*

#83990000
1!
1*
10

#84000000
0!
0*

#84010000
1!
b101 $
b0 %
b0 &
1*
b101 -
b0 .
b0 /
00

#84020000
0!
0*

#84030000
1!
1*
10

#84040000
0!
0*

#84050000
1!
b1 &
1*
b1 /
00

#84060000
0!
0*

#84070000
1!
1*
10

#84080000
0!
0*

#84090000
1!
b10 &
1*
b10 /
00

#84100000
0!
0*

#84110000
1!
1*
10

#84120000
0!
0*

#84130000
1!
b11 &
1*
b11 /
00

#84140000
0!
0*

#84150000
1!
1*
10

#84160000
0!
0*

#84170000
1!
b100 &
1*
b100 /
00

#84180000
0!
0*

#84190000
1!
1*
10

#84200000
0!
0*

#84210000
1!
b101 &
1*
b101 /
00

#84220000
0!
0*

#84230000
1!
1*
10

#84240000
0!
0*

#84250000
1!
b110 &
1*
b110 /
00

#84260000
0!
0*

#84270000
1!
1*
10

#84280000
0!
0*

#84290000
1!
b111 &
1*
b111 /
00

#84300000
0!
0*

#84310000
1!
1*
10

#84320000
0!
0*

#84330000
1!
b1000 &
1*
b1000 /
00

#84340000
0!
0*

#84350000
1!
1*
10

#84360000
0!
0*

#84370000
1!
b1001 &
1*
b1001 /
00

#84380000
0!
0*

#84390000
1!
1*
10

#84400000
0!
0*

#84410000
1!
b1 %
b0 &
1*
b1 .
b0 /
00

#84420000
0!
0*

#84430000
1!
1*
10

#84440000
0!
0*

#84450000
1!
b1 &
1*
b1 /
00

#84460000
0!
0*

#84470000
1!
1*
10

#84480000
0!
0*

#84490000
1!
b10 &
1*
b10 /
00

#84500000
0!
0*

#84510000
1!
1*
10

#84520000
0!
0*

#84530000
1!
b11 &
1*
b11 /
00

#84540000
0!
0*

#84550000
1!
1*
10

#84560000
0!
0*

#84570000
1!
b100 &
1*
b100 /
00

#84580000
0!
0*

#84590000
1!
1*
10

#84600000
0!
0*

#84610000
1!
b101 &
1*
b101 /
00

#84620000
0!
0*

#84630000
1!
1*
10

#84640000
0!
0*

#84650000
1!
b110 &
1*
b110 /
00

#84660000
0!
0*

#84670000
1!
1*
10

#84680000
0!
0*

#84690000
1!
b111 &
1*
b111 /
00

#84700000
0!
0*

#84710000
1!
1*
10

#84720000
0!
0*

#84730000
1!
b1000 &
1*
b1000 /
00

#84740000
0!
0*

#84750000
1!
1*
10

#84760000
0!
0*

#84770000
1!
b1001 &
1*
b1001 /
00

#84780000
0!
0*

#84790000
1!
1*
10

#84800000
0!
0*

#84810000
1!
b10 %
b0 &
1*
b10 .
b0 /
00

#84820000
0!
0*

#84830000
1!
1*
10

#84840000
0!
0*

#84850000
1!
b1 &
1*
b1 /
00

#84860000
0!
0*

#84870000
1!
1*
10

#84880000
0!
0*

#84890000
1!
b10 &
1*
b10 /
00

#84900000
0!
0*

#84910000
1!
1*
10

#84920000
0!
0*

#84930000
1!
b11 &
1*
b11 /
00

#84940000
0!
0*

#84950000
1!
1*
10

#84960000
0!
0*

#84970000
1!
b100 &
1*
b100 /
00

#84980000
0!
0*

#84990000
1!
1*
10

#85000000
0!
0*

#85010000
1!
b101 &
1*
b101 /
00

#85020000
0!
0*

#85030000
1!
1*
10

#85040000
0!
0*

#85050000
1!
b110 &
1*
b110 /
00

#85060000
0!
0*

#85070000
1!
1*
10

#85080000
0!
0*

#85090000
1!
b111 &
1*
b111 /
00

#85100000
0!
0*

#85110000
1!
1*
10

#85120000
0!
0*

#85130000
1!
b1000 &
1*
b1000 /
00

#85140000
0!
0*

#85150000
1!
1*
10

#85160000
0!
0*

#85170000
1!
b1001 &
1*
b1001 /
00

#85180000
0!
0*

#85190000
1!
1*
10

#85200000
0!
0*

#85210000
1!
b11 %
b0 &
1*
b11 .
b0 /
00

#85220000
0!
0*

#85230000
1!
1*
10

#85240000
0!
0*

#85250000
1!
b1 &
1*
b1 /
00

#85260000
0!
0*

#85270000
1!
1*
10

#85280000
0!
0*

#85290000
1!
b10 &
1*
b10 /
00

#85300000
0!
0*

#85310000
1!
1*
10

#85320000
0!
0*

#85330000
1!
b11 &
1*
b11 /
00

#85340000
0!
0*

#85350000
1!
1*
10

#85360000
0!
0*

#85370000
1!
b100 &
1*
b100 /
00

#85380000
0!
0*

#85390000
1!
1*
10

#85400000
0!
0*

#85410000
1!
b101 &
1*
b101 /
00

#85420000
0!
0*

#85430000
1!
1*
10

#85440000
0!
0*

#85450000
1!
b110 &
1*
b110 /
00

#85460000
0!
0*

#85470000
1!
1*
10

#85480000
0!
0*

#85490000
1!
b111 &
1*
b111 /
00

#85500000
0!
0*

#85510000
1!
1*
10

#85520000
0!
0*

#85530000
1!
b1000 &
1*
b1000 /
00

#85540000
0!
0*

#85550000
1!
1*
10

#85560000
0!
0*

#85570000
1!
b1001 &
1*
b1001 /
00

#85580000
0!
0*

#85590000
1!
1*
10

#85600000
0!
0*

#85610000
1!
b100 %
b0 &
1*
b100 .
b0 /
00

#85620000
0!
0*

#85630000
1!
1*
10

#85640000
0!
0*

#85650000
1!
b1 &
1*
b1 /
00

#85660000
0!
0*

#85670000
1!
1*
10

#85680000
0!
0*

#85690000
1!
b10 &
1*
b10 /
00

#85700000
0!
0*

#85710000
1!
1*
10

#85720000
0!
0*

#85730000
1!
b11 &
1*
b11 /
00

#85740000
0!
0*

#85750000
1!
1*
10

#85760000
0!
0*

#85770000
1!
b100 &
1*
b100 /
00

#85780000
0!
0*

#85790000
1!
1*
10

#85800000
0!
0*

#85810000
1!
b101 &
1*
b101 /
00

#85820000
0!
0*

#85830000
1!
1*
10

#85840000
0!
0*

#85850000
1!
b110 &
1*
b110 /
00

#85860000
0!
0*

#85870000
1!
1*
10

#85880000
0!
0*

#85890000
1!
b111 &
1*
b111 /
00

#85900000
0!
0*

#85910000
1!
1*
10

#85920000
0!
0*

#85930000
1!
b1000 &
1*
b1000 /
00

#85940000
0!
0*

#85950000
1!
1*
10

#85960000
0!
0*

#85970000
1!
b1001 &
1*
b1001 /
00

#85980000
0!
0*

#85990000
1!
1*
10

#86000000
0!
0*

#86010000
1!
b101 %
b0 &
1*
b101 .
b0 /
00

#86020000
0!
0*

#86030000
1!
1*
10

#86040000
0!
0*

#86050000
1!
b1 &
1*
b1 /
00

#86060000
0!
0*

#86070000
1!
1*
10

#86080000
0!
0*

#86090000
1!
b10 &
1*
b10 /
00

#86100000
0!
0*

#86110000
1!
1*
10

#86120000
0!
0*

#86130000
1!
b11 &
1*
b11 /
00

#86140000
0!
0*

#86150000
1!
1*
10

#86160000
0!
0*

#86170000
1!
b100 &
1*
b100 /
00

#86180000
0!
0*

#86190000
1!
1*
10

#86200000
0!
0*

#86210000
1!
b101 &
1*
b101 /
00

#86220000
0!
0*

#86230000
1!
1*
10

#86240000
0!
0*

#86250000
1!
b110 &
1*
b110 /
00

#86260000
0!
0*

#86270000
1!
1*
10

#86280000
0!
0*

#86290000
1!
b111 &
1*
b111 /
00

#86300000
0!
0*

#86310000
1!
1*
10

#86320000
0!
0*

#86330000
1!
b1000 &
1*
b1000 /
00

#86340000
0!
0*

#86350000
1!
1*
10

#86360000
0!
0*

#86370000
1!
b1001 &
1*
b1001 /
00

#86380000
0!
0*

#86390000
1!
1*
10

#86400000
0!
0*

#86410000
1!
b110 $
b0 %
b0 &
1*
b110 -
b0 .
b0 /
00

#86420000
0!
0*

#86430000
1!
1*
10

#86440000
0!
0*

#86450000
1!
b1 &
1*
b1 /
00

#86460000
0!
0*

#86470000
1!
1*
10

#86480000
0!
0*

#86490000
1!
b10 &
1*
b10 /
00

#86500000
0!
0*

#86510000
1!
1*
10

#86520000
0!
0*

#86530000
1!
b11 &
1*
b11 /
00

#86540000
0!
0*

#86550000
1!
1*
10

#86560000
0!
0*

#86570000
1!
b100 &
1*
b100 /
00

#86580000
0!
0*

#86590000
1!
1*
10

#86600000
0!
0*

#86610000
1!
b101 &
1*
b101 /
00

#86620000
0!
0*

#86630000
1!
1*
10

#86640000
0!
0*

#86650000
1!
b110 &
1*
b110 /
00

#86660000
0!
0*

#86670000
1!
1*
10

#86680000
0!
0*

#86690000
1!
b111 &
1*
b111 /
00

#86700000
0!
0*

#86710000
1!
1*
10

#86720000
0!
0*

#86730000
1!
b1000 &
1*
b1000 /
00

#86740000
0!
0*

#86750000
1!
1*
10

#86760000
0!
0*

#86770000
1!
b1001 &
1*
b1001 /
00

#86780000
0!
0*

#86790000
1!
1*
10

#86800000
0!
0*

#86810000
1!
b1 %
b0 &
1*
b1 .
b0 /
00

#86820000
0!
0*

#86830000
1!
1*
10

#86840000
0!
0*

#86850000
1!
b1 &
1*
b1 /
00

#86860000
0!
0*

#86870000
1!
1*
10

#86880000
0!
0*

#86890000
1!
b10 &
1*
b10 /
00

#86900000
0!
0*

#86910000
1!
1*
10

#86920000
0!
0*

#86930000
1!
b11 &
1*
b11 /
00

#86940000
0!
0*

#86950000
1!
1*
10

#86960000
0!
0*

#86970000
1!
b100 &
1*
b100 /
00

#86980000
0!
0*

#86990000
1!
1*
10

#87000000
0!
0*

#87010000
1!
b101 &
1*
b101 /
00

#87020000
0!
0*

#87030000
1!
1*
10

#87040000
0!
0*

#87050000
1!
b110 &
1*
b110 /
00

#87060000
0!
0*

#87070000
1!
1*
10

#87080000
0!
0*

#87090000
1!
b111 &
1*
b111 /
00

#87100000
0!
0*

#87110000
1!
1*
10

#87120000
0!
0*

#87130000
1!
b1000 &
1*
b1000 /
00

#87140000
0!
0*

#87150000
1!
1*
10

#87160000
0!
0*

#87170000
1!
b1001 &
1*
b1001 /
00

#87180000
0!
0*

#87190000
1!
1*
10

#87200000
0!
0*

#87210000
1!
b10 %
b0 &
1*
b10 .
b0 /
00

#87220000
0!
0*

#87230000
1!
1*
10

#87240000
0!
0*

#87250000
1!
b1 &
1*
b1 /
00

#87260000
0!
0*

#87270000
1!
1*
10

#87280000
0!
0*

#87290000
1!
b10 &
1*
b10 /
00

#87300000
0!
0*

#87310000
1!
1*
10

#87320000
0!
0*

#87330000
1!
b11 &
1*
b11 /
00

#87340000
0!
0*

#87350000
1!
1*
10

#87360000
0!
0*

#87370000
1!
b100 &
1*
b100 /
00

#87380000
0!
0*

#87390000
1!
1*
10

#87400000
0!
0*

#87410000
1!
b101 &
1*
b101 /
00

#87420000
0!
0*

#87430000
1!
1*
10

#87440000
0!
0*

#87450000
1!
b110 &
1*
b110 /
00

#87460000
0!
0*

#87470000
1!
1*
10

#87480000
0!
0*

#87490000
1!
b111 &
1*
b111 /
00

#87500000
0!
0*

#87510000
1!
1*
10

#87520000
0!
0*

#87530000
1!
b1000 &
1*
b1000 /
00

#87540000
0!
0*

#87550000
1!
1*
10

#87560000
0!
0*

#87570000
1!
b1001 &
1*
b1001 /
00

#87580000
0!
0*

#87590000
1!
1*
10

#87600000
0!
0*

#87610000
1!
b11 %
b0 &
1*
b11 .
b0 /
00

#87620000
0!
0*

#87630000
1!
1*
10

#87640000
0!
0*

#87650000
1!
b1 &
1*
b1 /
00

#87660000
0!
0*

#87670000
1!
1*
10

#87680000
0!
0*

#87690000
1!
b10 &
1*
b10 /
00

#87700000
0!
0*

#87710000
1!
1*
10

#87720000
0!
0*

#87730000
1!
b11 &
1*
b11 /
00

#87740000
0!
0*

#87750000
1!
1*
10

#87760000
0!
0*

#87770000
1!
b100 &
1*
b100 /
00

#87780000
0!
0*

#87790000
1!
1*
10

#87800000
0!
0*

#87810000
1!
b101 &
1*
b101 /
00

#87820000
0!
0*

#87830000
1!
1*
10

#87840000
0!
0*

#87850000
1!
b110 &
1*
b110 /
00

#87860000
0!
0*

#87870000
1!
1*
10

#87880000
0!
0*

#87890000
1!
b111 &
1*
b111 /
00

#87900000
0!
0*

#87910000
1!
1*
10

#87920000
0!
0*

#87930000
1!
b1000 &
1*
b1000 /
00

#87940000
0!
0*

#87950000
1!
1*
10

#87960000
0!
0*

#87970000
1!
b1001 &
1*
b1001 /
00

#87980000
0!
0*

#87990000
1!
1*
10

#88000000
0!
0*

#88010000
1!
b100 %
b0 &
1*
b100 .
b0 /
00

#88020000
0!
0*

#88030000
1!
1*
10

#88040000
0!
0*

#88050000
1!
b1 &
1*
b1 /
00

#88060000
0!
0*

#88070000
1!
1*
10

#88080000
0!
0*

#88090000
1!
b10 &
1*
b10 /
00

#88100000
0!
0*

#88110000
1!
1*
10

#88120000
0!
0*

#88130000
1!
b11 &
1*
b11 /
00

#88140000
0!
0*

#88150000
1!
1*
10

#88160000
0!
0*

#88170000
1!
b100 &
1*
b100 /
00

#88180000
0!
0*

#88190000
1!
1*
10

#88200000
0!
0*

#88210000
1!
b101 &
1*
b101 /
00

#88220000
0!
0*

#88230000
1!
1*
10

#88240000
0!
0*

#88250000
1!
b110 &
1*
b110 /
00

#88260000
0!
0*

#88270000
1!
1*
10

#88280000
0!
0*

#88290000
1!
b111 &
1*
b111 /
00

#88300000
0!
0*

#88310000
1!
1*
10

#88320000
0!
0*

#88330000
1!
b1000 &
1*
b1000 /
00

#88340000
0!
0*

#88350000
1!
1*
10

#88360000
0!
0*

#88370000
1!
b1001 &
1*
b1001 /
00

#88380000
0!
0*

#88390000
1!
1*
10

#88400000
0!
0*

#88410000
1!
b101 %
b0 &
1*
b101 .
b0 /
00

#88420000
0!
0*

#88430000
1!
1*
10

#88440000
0!
0*

#88450000
1!
b1 &
1*
b1 /
00

#88460000
0!
0*

#88470000
1!
1*
10

#88480000
0!
0*

#88490000
1!
b10 &
1*
b10 /
00

#88500000
0!
0*

#88510000
1!
1*
10

#88520000
0!
0*

#88530000
1!
b11 &
1*
b11 /
00

#88540000
0!
0*

#88550000
1!
1*
10

#88560000
0!
0*

#88570000
1!
b100 &
1*
b100 /
00

#88580000
0!
0*

#88590000
1!
1*
10

#88600000
0!
0*

#88610000
1!
b101 &
1*
b101 /
00

#88620000
0!
0*

#88630000
1!
1*
10

#88640000
0!
0*

#88650000
1!
b110 &
1*
b110 /
00

#88660000
0!
0*

#88670000
1!
1*
10

#88680000
0!
0*

#88690000
1!
b111 &
1*
b111 /
00

#88700000
0!
0*

#88710000
1!
1*
10

#88720000
0!
0*

#88730000
1!
b1000 &
1*
b1000 /
00

#88740000
0!
0*

#88750000
1!
1*
10

#88760000
0!
0*

#88770000
1!
b1001 &
1*
b1001 /
00

#88780000
0!
0*

#88790000
1!
1*
10

#88800000
0!
0*

#88810000
1!
b111 $
b0 %
b0 &
1*
b111 -
b0 .
b0 /
00

#88820000
0!
0*

#88830000
1!
1*
10

#88840000
0!
0*

#88850000
1!
b1 &
1*
b1 /
00

#88860000
0!
0*

#88870000
1!
1*
10

#88880000
0!
0*

#88890000
1!
b10 &
1*
b10 /
00

#88900000
0!
0*

#88910000
1!
1*
10

#88920000
0!
0*

#88930000
1!
b11 &
1*
b11 /
00

#88940000
0!
0*

#88950000
1!
1*
10

#88960000
0!
0*

#88970000
1!
b100 &
1*
b100 /
00

#88980000
0!
0*

#88990000
1!
1*
10

#89000000
0!
0*

#89010000
1!
b101 &
1*
b101 /
00

#89020000
0!
0*

#89030000
1!
1*
10

#89040000
0!
0*

#89050000
1!
b110 &
1*
b110 /
00

#89060000
0!
0*

#89070000
1!
1*
10

#89080000
0!
0*

#89090000
1!
b111 &
1*
b111 /
00

#89100000
0!
0*

#89110000
1!
1*
10

#89120000
0!
0*

#89130000
1!
b1000 &
1*
b1000 /
00

#89140000
0!
0*

#89150000
1!
1*
10

#89160000
0!
0*

#89170000
1!
b1001 &
1*
b1001 /
00

#89180000
0!
0*

#89190000
1!
1*
10

#89200000
0!
0*

#89210000
1!
b1 %
b0 &
1*
b1 .
b0 /
00

#89220000
0!
0*

#89230000
1!
1*
10

#89240000
0!
0*

#89250000
1!
b1 &
1*
b1 /
00

#89260000
0!
0*

#89270000
1!
1*
10

#89280000
0!
0*

#89290000
1!
b10 &
1*
b10 /
00

#89300000
0!
0*

#89310000
1!
1*
10

#89320000
0!
0*

#89330000
1!
b11 &
1*
b11 /
00

#89340000
0!
0*

#89350000
1!
1*
10

#89360000
0!
0*

#89370000
1!
b100 &
1*
b100 /
00

#89380000
0!
0*

#89390000
1!
1*
10

#89400000
0!
0*

#89410000
1!
b101 &
1*
b101 /
00

#89420000
0!
0*

#89430000
1!
1*
10

#89440000
0!
0*

#89450000
1!
b110 &
1*
b110 /
00

#89460000
0!
0*

#89470000
1!
1*
10

#89480000
0!
0*

#89490000
1!
b111 &
1*
b111 /
00

#89500000
0!
0*

#89510000
1!
1*
10

#89520000
0!
0*

#89530000
1!
b1000 &
1*
b1000 /
00

#89540000
0!
0*

#89550000
1!
1*
10

#89560000
0!
0*

#89570000
1!
b1001 &
1*
b1001 /
00

#89580000
0!
0*

#89590000
1!
1*
10

#89600000
0!
0*

#89610000
1!
b10 %
b0 &
1*
b10 .
b0 /
00

#89620000
0!
0*

#89630000
1!
1*
10

#89640000
0!
0*

#89650000
1!
b1 &
1*
b1 /
00

#89660000
0!
0*

#89670000
1!
1*
10

#89680000
0!
0*

#89690000
1!
b10 &
1*
b10 /
00

#89700000
0!
0*

#89710000
1!
1*
10

#89720000
0!
0*

#89730000
1!
b11 &
1*
b11 /
00

#89740000
0!
0*

#89750000
1!
1*
10

#89760000
0!
0*

#89770000
1!
b100 &
1*
b100 /
00

#89780000
0!
0*

#89790000
1!
1*
10

#89800000
0!
0*

#89810000
1!
b101 &
1*
b101 /
00

#89820000
0!
0*

#89830000
1!
1*
10

#89840000
0!
0*

#89850000
1!
b110 &
1*
b110 /
00

#89860000
0!
0*

#89870000
1!
1*
10

#89880000
0!
0*

#89890000
1!
b111 &
1*
b111 /
00

#89900000
0!
0*

#89910000
1!
1*
10

#89920000
0!
0*

#89930000
1!
b1000 &
1*
b1000 /
00

#89940000
0!
0*

#89950000
1!
1*
10

#89960000
0!
0*

#89970000
1!
b1001 &
1*
b1001 /
00

#89980000
0!
0*

#89990000
1!
1*
10

#90000000
0!
0*

#90010000
1!
b11 %
b0 &
1*
b11 .
b0 /
00

#90020000
0!
0*

#90030000
1!
1*
10

#90040000
0!
0*

#90050000
1!
b1 &
1*
b1 /
00

#90060000
0!
0*

#90070000
1!
1*
10

#90080000
0!
0*

#90090000
1!
b10 &
1*
b10 /
00

#90100000
0!
0*

#90110000
1!
1*
10

#90120000
0!
0*

#90130000
1!
b11 &
1*
b11 /
00

#90140000
0!
0*

#90150000
1!
1*
10

#90160000
0!
0*

#90170000
1!
b100 &
1*
b100 /
00

#90180000
0!
0*

#90190000
1!
1*
10

#90200000
0!
0*

#90210000
1!
b101 &
1*
b101 /
00

#90220000
0!
0*

#90230000
1!
1*
10

#90240000
0!
0*

#90250000
1!
b110 &
1*
b110 /
00

#90260000
0!
0*

#90270000
1!
1*
10

#90280000
0!
0*

#90290000
1!
b111 &
1*
b111 /
00

#90300000
0!
0*

#90310000
1!
1*
10

#90320000
0!
0*

#90330000
1!
b1000 &
1*
b1000 /
00

#90340000
0!
0*

#90350000
1!
1*
10

#90360000
0!
0*

#90370000
1!
b1001 &
1*
b1001 /
00

#90380000
0!
0*

#90390000
1!
1*
10

#90400000
0!
0*

#90410000
1!
b100 %
b0 &
1*
b100 .
b0 /
00

#90420000
0!
0*

#90430000
1!
1*
10

#90440000
0!
0*

#90450000
1!
b1 &
1*
b1 /
00

#90460000
0!
0*

#90470000
1!
1*
10

#90480000
0!
0*

#90490000
1!
b10 &
1*
b10 /
00

#90500000
0!
0*

#90510000
1!
1*
10

#90520000
0!
0*

#90530000
1!
b11 &
1*
b11 /
00

#90540000
0!
0*

#90550000
1!
1*
10

#90560000
0!
0*

#90570000
1!
b100 &
1*
b100 /
00

#90580000
0!
0*

#90590000
1!
1*
10

#90600000
0!
0*

#90610000
1!
b101 &
1*
b101 /
00

#90620000
0!
0*

#90630000
1!
1*
10

#90640000
0!
0*

#90650000
1!
b110 &
1*
b110 /
00

#90660000
0!
0*

#90670000
1!
1*
10

#90680000
0!
0*

#90690000
1!
b111 &
1*
b111 /
00

#90700000
0!
0*

#90710000
1!
1*
10

#90720000
0!
0*

#90730000
1!
b1000 &
1*
b1000 /
00

#90740000
0!
0*

#90750000
1!
1*
10

#90760000
0!
0*

#90770000
1!
b1001 &
1*
b1001 /
00

#90780000
0!
0*

#90790000
1!
1*
10

#90800000
0!
0*

#90810000
1!
b101 %
b0 &
1*
b101 .
b0 /
00

#90820000
0!
0*

#90830000
1!
1*
10

#90840000
0!
0*

#90850000
1!
b1 &
1*
b1 /
00

#90860000
0!
0*

#90870000
1!
1*
10

#90880000
0!
0*

#90890000
1!
b10 &
1*
b10 /
00

#90900000
0!
0*

#90910000
1!
1*
10

#90920000
0!
0*

#90930000
1!
b11 &
1*
b11 /
00

#90940000
0!
0*

#90950000
1!
1*
10

#90960000
0!
0*

#90970000
1!
b100 &
1*
b100 /
00

#90980000
0!
0*

#90990000
1!
1*
10

#91000000
0!
0*

#91010000
1!
b101 &
1*
b101 /
00

#91020000
0!
0*

#91030000
1!
1*
10

#91040000
0!
0*

#91050000
1!
b110 &
1*
b110 /
00

#91060000
0!
0*

#91070000
1!
1*
10

#91080000
0!
0*

#91090000
1!
b111 &
1*
b111 /
00

#91100000
0!
0*

#91110000
1!
1*
10

#91120000
0!
0*

#91130000
1!
b1000 &
1*
b1000 /
00

#91140000
0!
0*

#91150000
1!
1*
10

#91160000
0!
0*

#91170000
1!
b1001 &
1*
b1001 /
00

#91180000
0!
0*

#91190000
1!
1*
10

#91200000
0!
0*

#91210000
1!
b1000 $
b0 %
b0 &
1*
b1000 -
b0 .
b0 /
00

#91220000
0!
0*

#91230000
1!
1*
10

#91240000
0!
0*

#91250000
1!
b1 &
1*
b1 /
00

#91260000
0!
0*

#91270000
1!
1*
10

#91280000
0!
0*

#91290000
1!
b10 &
1*
b10 /
00

#91300000
0!
0*

#91310000
1!
1*
10

#91320000
0!
0*

#91330000
1!
b11 &
1*
b11 /
00

#91340000
0!
0*

#91350000
1!
1*
10

#91360000
0!
0*

#91370000
1!
b100 &
1*
b100 /
00

#91380000
0!
0*

#91390000
1!
1*
10

#91400000
0!
0*

#91410000
1!
b101 &
1*
b101 /
00

#91420000
0!
0*

#91430000
1!
1*
10

#91440000
0!
0*

#91450000
1!
b110 &
1*
b110 /
00

#91460000
0!
0*

#91470000
1!
1*
10

#91480000
0!
0*

#91490000
1!
b111 &
1*
b111 /
00

#91500000
0!
0*

#91510000
1!
1*
10

#91520000
0!
0*

#91530000
1!
b1000 &
1*
b1000 /
00

#91540000
0!
0*

#91550000
1!
1*
10

#91560000
0!
0*

#91570000
1!
b1001 &
1*
b1001 /
00

#91580000
0!
0*

#91590000
1!
1*
10

#91600000
0!
0*

#91610000
1!
b1 %
b0 &
1*
b1 .
b0 /
00

#91620000
0!
0*

#91630000
1!
1*
10

#91640000
0!
0*

#91650000
1!
b1 &
1*
b1 /
00

#91660000
0!
0*

#91670000
1!
1*
10

#91680000
0!
0*

#91690000
1!
b10 &
1*
b10 /
00

#91700000
0!
0*

#91710000
1!
1*
10

#91720000
0!
0*

#91730000
1!
b11 &
1*
b11 /
00

#91740000
0!
0*

#91750000
1!
1*
10

#91760000
0!
0*

#91770000
1!
b100 &
1*
b100 /
00

#91780000
0!
0*

#91790000
1!
1*
10

#91800000
0!
0*

#91810000
1!
b101 &
1*
b101 /
00

#91820000
0!
0*

#91830000
1!
1*
10

#91840000
0!
0*

#91850000
1!
b110 &
1*
b110 /
00

#91860000
0!
0*

#91870000
1!
1*
10

#91880000
0!
0*

#91890000
1!
b111 &
1*
b111 /
00

#91900000
0!
0*

#91910000
1!
1*
10

#91920000
0!
0*

#91930000
1!
b1000 &
1*
b1000 /
00

#91940000
0!
0*

#91950000
1!
1*
10

#91960000
0!
0*

#91970000
1!
b1001 &
1*
b1001 /
00

#91980000
0!
0*

#91990000
1!
1*
10

#92000000
0!
0*

#92010000
1!
b10 %
b0 &
1*
b10 .
b0 /
00

#92020000
0!
0*

#92030000
1!
1*
10

#92040000
0!
0*

#92050000
1!
b1 &
1*
b1 /
00

#92060000
0!
0*

#92070000
1!
1*
10

#92080000
0!
0*

#92090000
1!
b10 &
1*
b10 /
00

#92100000
0!
0*

#92110000
1!
1*
10

#92120000
0!
0*

#92130000
1!
b11 &
1*
b11 /
00

#92140000
0!
0*

#92150000
1!
1*
10

#92160000
0!
0*

#92170000
1!
b100 &
1*
b100 /
00

#92180000
0!
0*

#92190000
1!
1*
10

#92200000
0!
0*

#92210000
1!
b101 &
1*
b101 /
00

#92220000
0!
0*

#92230000
1!
1*
10

#92240000
0!
0*

#92250000
1!
b110 &
1*
b110 /
00

#92260000
0!
0*

#92270000
1!
1*
10

#92280000
0!
0*

#92290000
1!
b111 &
1*
b111 /
00

#92300000
0!
0*

#92310000
1!
1*
10

#92320000
0!
0*

#92330000
1!
b1000 &
1*
b1000 /
00

#92340000
0!
0*

#92350000
1!
1*
10

#92360000
0!
0*

#92370000
1!
b1001 &
1*
b1001 /
00

#92380000
0!
0*

#92390000
1!
1*
10

#92400000
0!
0*

#92410000
1!
b11 %
b0 &
1*
b11 .
b0 /
00

#92420000
0!
0*

#92430000
1!
1*
10

#92440000
0!
0*

#92450000
1!
b1 &
1*
b1 /
00

#92460000
0!
0*

#92470000
1!
1*
10

#92480000
0!
0*

#92490000
1!
b10 &
1*
b10 /
00

#92500000
0!
0*

#92510000
1!
1*
10

#92520000
0!
0*

#92530000
1!
b11 &
1*
b11 /
00

#92540000
0!
0*

#92550000
1!
1*
10

#92560000
0!
0*

#92570000
1!
b100 &
1*
b100 /
00

#92580000
0!
0*

#92590000
1!
1*
10

#92600000
0!
0*

#92610000
1!
b101 &
1*
b101 /
00

#92620000
0!
0*

#92630000
1!
1*
10

#92640000
0!
0*

#92650000
1!
b110 &
1*
b110 /
00

#92660000
0!
0*

#92670000
1!
1*
10

#92680000
0!
0*

#92690000
1!
b111 &
1*
b111 /
00

#92700000
0!
0*

#92710000
1!
1*
10

#92720000
0!
0*

#92730000
1!
b1000 &
1*
b1000 /
00

#92740000
0!
0*

#92750000
1!
1*
10

#92760000
0!
0*

#92770000
1!
b1001 &
1*
b1001 /
00

#92780000
0!
0*

#92790000
1!
1*
10

#92800000
0!
0*

#92810000
1!
b100 %
b0 &
1*
b100 .
b0 /
00

#92820000
0!
0*

#92830000
1!
1*
10

#92840000
0!
0*

#92850000
1!
b1 &
1*
b1 /
00

#92860000
0!
0*

#92870000
1!
1*
10

#92880000
0!
0*

#92890000
1!
b10 &
1*
b10 /
00

#92900000
0!
0*

#92910000
1!
1*
10

#92920000
0!
0*

#92930000
1!
b11 &
1*
b11 /
00

#92940000
0!
0*

#92950000
1!
1*
10

#92960000
0!
0*

#92970000
1!
b100 &
1*
b100 /
00

#92980000
0!
0*

#92990000
1!
1*
10

#93000000
0!
0*

#93010000
1!
b101 &
1*
b101 /
00

#93020000
0!
0*

#93030000
1!
1*
10

#93040000
0!
0*

#93050000
1!
b110 &
1*
b110 /
00

#93060000
0!
0*

#93070000
1!
1*
10

#93080000
0!
0*

#93090000
1!
b111 &
1*
b111 /
00

#93100000
0!
0*

#93110000
1!
1*
10

#93120000
0!
0*

#93130000
1!
b1000 &
1*
b1000 /
00

#93140000
0!
0*

#93150000
1!
1*
10

#93160000
0!
0*

#93170000
1!
b1001 &
1*
b1001 /
00

#93180000
0!
0*

#93190000
1!
1*
10

#93200000
0!
0*

#93210000
1!
b101 %
b0 &
1*
b101 .
b0 /
00

#93220000
0!
0*

#93230000
1!
1*
10

#93240000
0!
0*

#93250000
1!
b1 &
1*
b1 /
00

#93260000
0!
0*

#93270000
1!
1*
10

#93280000
0!
0*

#93290000
1!
b10 &
1*
b10 /
00

#93300000
0!
0*

#93310000
1!
1*
10

#93320000
0!
0*

#93330000
1!
b11 &
1*
b11 /
00

#93340000
0!
0*

#93350000
1!
1*
10

#93360000
0!
0*

#93370000
1!
b100 &
1*
b100 /
00

#93380000
0!
0*

#93390000
1!
1*
10

#93400000
0!
0*

#93410000
1!
b101 &
1*
b101 /
00

#93420000
0!
0*

#93430000
1!
1*
10

#93440000
0!
0*

#93450000
1!
b110 &
1*
b110 /
00

#93460000
0!
0*

#93470000
1!
1*
10

#93480000
0!
0*

#93490000
1!
b111 &
1*
b111 /
00

#93500000
0!
0*

#93510000
1!
1*
10

#93520000
0!
0*

#93530000
1!
b1000 &
1*
b1000 /
00

#93540000
0!
0*

#93550000
1!
1*
10

#93560000
0!
0*

#93570000
1!
b1001 &
1*
b1001 /
00

#93580000
0!
0*

#93590000
1!
1*
10

#93600000
0!
0*

#93610000
1!
b1001 $
b0 %
b0 &
1*
b1001 -
b0 .
b0 /
00

#93620000
0!
0*

#93630000
1!
1*
10

#93640000
0!
0*

#93650000
1!
b1 &
1*
b1 /
00

#93660000
0!
0*

#93670000
1!
1*
10

#93680000
0!
0*

#93690000
1!
b10 &
1*
b10 /
00

#93700000
0!
0*

#93710000
1!
1*
10

#93720000
0!
0*

#93730000
1!
b11 &
1*
b11 /
00

#93740000
0!
0*

#93750000
1!
1*
10

#93760000
0!
0*

#93770000
1!
b100 &
1*
b100 /
00

#93780000
0!
0*

#93790000
1!
1*
10

#93800000
0!
0*

#93810000
1!
b101 &
1*
b101 /
00

#93820000
0!
0*

#93830000
1!
1*
10

#93840000
0!
0*

#93850000
1!
b110 &
1*
b110 /
00

#93860000
0!
0*

#93870000
1!
1*
10

#93880000
0!
0*

#93890000
1!
b111 &
1*
b111 /
00

#93900000
0!
0*

#93910000
1!
1*
10

#93920000
0!
0*

#93930000
1!
b1000 &
1*
b1000 /
00

#93940000
0!
0*

#93950000
1!
1*
10

#93960000
0!
0*

#93970000
1!
b1001 &
1*
b1001 /
00

#93980000
0!
0*

#93990000
1!
1*
10

#94000000
0!
0*

#94010000
1!
b1 %
b0 &
1*
b1 .
b0 /
00

#94020000
0!
0*

#94030000
1!
1*
10

#94040000
0!
0*

#94050000
1!
b1 &
1*
b1 /
00

#94060000
0!
0*

#94070000
1!
1*
10

#94080000
0!
0*

#94090000
1!
b10 &
1*
b10 /
00

#94100000
0!
0*

#94110000
1!
1*
10

#94120000
0!
0*

#94130000
1!
b11 &
1*
b11 /
00

#94140000
0!
0*

#94150000
1!
1*
10

#94160000
0!
0*

#94170000
1!
b100 &
1*
b100 /
00

#94180000
0!
0*

#94190000
1!
1*
10

#94200000
0!
0*

#94210000
1!
b101 &
1*
b101 /
00

#94220000
0!
0*

#94230000
1!
1*
10

#94240000
0!
0*

#94250000
1!
b110 &
1*
b110 /
00

#94260000
0!
0*

#94270000
1!
1*
10

#94280000
0!
0*

#94290000
1!
b111 &
1*
b111 /
00

#94300000
0!
0*

#94310000
1!
1*
10

#94320000
0!
0*

#94330000
1!
b1000 &
1*
b1000 /
00

#94340000
0!
0*

#94350000
1!
1*
10

#94360000
0!
0*

#94370000
1!
b1001 &
1*
b1001 /
00

#94380000
0!
0*

#94390000
1!
1*
10

#94400000
0!
0*

#94410000
1!
b10 %
b0 &
1*
b10 .
b0 /
00

#94420000
0!
0*

#94430000
1!
1*
10

#94440000
0!
0*

#94450000
1!
b1 &
1*
b1 /
00

#94460000
0!
0*

#94470000
1!
1*
10

#94480000
0!
0*

#94490000
1!
b10 &
1*
b10 /
00

#94500000
0!
0*

#94510000
1!
1*
10

#94520000
0!
0*

#94530000
1!
b11 &
1*
b11 /
00

#94540000
0!
0*

#94550000
1!
1*
10

#94560000
0!
0*

#94570000
1!
b100 &
1*
b100 /
00

#94580000
0!
0*

#94590000
1!
1*
10

#94600000
0!
0*

#94610000
1!
b101 &
1*
b101 /
00

#94620000
0!
0*

#94630000
1!
1*
10

#94640000
0!
0*

#94650000
1!
b110 &
1*
b110 /
00

#94660000
0!
0*

#94670000
1!
1*
10

#94680000
0!
0*

#94690000
1!
b111 &
1*
b111 /
00

#94700000
0!
0*

#94710000
1!
1*
10

#94720000
0!
0*

#94730000
1!
b1000 &
1*
b1000 /
00

#94740000
0!
0*

#94750000
1!
1*
10

#94760000
0!
0*

#94770000
1!
b1001 &
1*
b1001 /
00

#94780000
0!
0*

#94790000
1!
1*
10

#94800000
0!
0*

#94810000
1!
b11 %
b0 &
1*
b11 .
b0 /
00

#94820000
0!
0*

#94830000
1!
1*
10

#94840000
0!
0*

#94850000
1!
b1 &
1*
b1 /
00

#94860000
0!
0*

#94870000
1!
1*
10

#94880000
0!
0*

#94890000
1!
b10 &
1*
b10 /
00

#94900000
0!
0*

#94910000
1!
1*
10

#94920000
0!
0*

#94930000
1!
b11 &
1*
b11 /
00

#94940000
0!
0*

#94950000
1!
1*
10

#94960000
0!
0*

#94970000
1!
b100 &
1*
b100 /
00

#94980000
0!
0*

#94990000
1!
1*
10

#95000000
0!
0*

#95010000
1!
b101 &
1*
b101 /
00

#95020000
0!
0*

#95030000
1!
1*
10

#95040000
0!
0*

#95050000
1!
b110 &
1*
b110 /
00

#95060000
0!
0*

#95070000
1!
1*
10

#95080000
0!
0*

#95090000
1!
b111 &
1*
b111 /
00

#95100000
0!
0*

#95110000
1!
1*
10

#95120000
0!
0*

#95130000
1!
b1000 &
1*
b1000 /
00

#95140000
0!
0*

#95150000
1!
1*
10

#95160000
0!
0*

#95170000
1!
b1001 &
1*
b1001 /
00

#95180000
0!
0*

#95190000
1!
1*
10

#95200000
0!
0*

#95210000
1!
b100 %
b0 &
1*
b100 .
b0 /
00

#95220000
0!
0*

#95230000
1!
1*
10

#95240000
0!
0*

#95250000
1!
b1 &
1*
b1 /
00

#95260000
0!
0*

#95270000
1!
1*
10

#95280000
0!
0*

#95290000
1!
b10 &
1*
b10 /
00

#95300000
0!
0*

#95310000
1!
1*
10

#95320000
0!
0*

#95330000
1!
b11 &
1*
b11 /
00

#95340000
0!
0*

#95350000
1!
1*
10

#95360000
0!
0*

#95370000
1!
b100 &
1*
b100 /
00

#95380000
0!
0*

#95390000
1!
1*
10

#95400000
0!
0*

#95410000
1!
b101 &
1*
b101 /
00

#95420000
0!
0*

#95430000
1!
1*
10

#95440000
0!
0*

#95450000
1!
b110 &
1*
b110 /
00

#95460000
0!
0*

#95470000
1!
1*
10

#95480000
0!
0*

#95490000
1!
b111 &
1*
b111 /
00

#95500000
0!
0*

#95510000
1!
1*
10

#95520000
0!
0*

#95530000
1!
b1000 &
1*
b1000 /
00

#95540000
0!
0*

#95550000
1!
1*
10

#95560000
0!
0*

#95570000
1!
b1001 &
1*
b1001 /
00

#95580000
0!
0*

#95590000
1!
1*
10

#95600000
0!
0*

#95610000
1!
b101 %
b0 &
1*
b101 .
b0 /
00

#95620000
0!
0*

#95630000
1!
1*
10

#95640000
0!
0*

#95650000
1!
b1 &
1*
b1 /
00

#95660000
0!
0*

#95670000
1!
1*
10

#95680000
0!
0*

#95690000
1!
b10 &
1*
b10 /
00

#95700000
0!
0*

#95710000
1!
1*
10

#95720000
0!
0*

#95730000
1!
b11 &
1*
b11 /
00

#95740000
0!
0*

#95750000
1!
1*
10

#95760000
0!
0*

#95770000
1!
b100 &
1*
b100 /
00

#95780000
0!
0*

#95790000
1!
1*
10

#95800000
0!
0*

#95810000
1!
b101 &
1*
b101 /
00

#95820000
0!
0*

#95830000
1!
1*
10

#95840000
0!
0*

#95850000
1!
b110 &
1*
b110 /
00

#95860000
0!
0*

#95870000
1!
1*
10

#95880000
0!
0*

#95890000
1!
b111 &
1*
b111 /
00

#95900000
0!
0*

#95910000
1!
1*
10

#95920000
0!
0*

#95930000
1!
b1000 &
1*
b1000 /
00

#95940000
0!
0*

#95950000
1!
1*
10

#95960000
0!
0*

#95970000
1!
b1001 &
1*
b1001 /
00

#95980000
0!
0*

#95990000
1!
1*
10

#96000000
0!
0*

#96010000
1!
b100 #
b0 $
b0 %
b0 &
1*
b100 ,
b0 -
b0 .
b0 /
00

#96020000
0!
0*

#96030000
1!
1*
10

#96040000
0!
0*

#96050000
1!
b1 &
1*
b1 /
00

#96060000
0!
0*

#96070000
1!
1*
10

#96080000
0!
0*

#96090000
1!
b10 &
1*
b10 /
00

#96100000
0!
0*

#96110000
1!
1*
10

#96120000
0!
0*

#96130000
1!
b11 &
1*
b11 /
00

#96140000
0!
0*

#96150000
1!
1*
10

#96160000
0!
0*

#96170000
1!
b100 &
1*
b100 /
00

#96180000
0!
0*

#96190000
1!
1*
10

#96200000
0!
0*

#96210000
1!
b101 &
1*
b101 /
00

#96220000
0!
0*

#96230000
1!
1*
10

#96240000
0!
0*

#96250000
1!
b110 &
1*
b110 /
00

#96260000
0!
0*

#96270000
1!
1*
10

#96280000
0!
0*

#96290000
1!
b111 &
1*
b111 /
00

#96300000
0!
0*

#96310000
1!
1*
10

#96320000
0!
0*

#96330000
1!
b1000 &
1*
b1000 /
00

#96340000
0!
0*

#96350000
1!
1*
10

#96360000
0!
0*

#96370000
1!
b1001 &
1*
b1001 /
00

#96380000
0!
0*

#96390000
1!
1*
10

#96400000
0!
0*

#96410000
1!
b1 %
b0 &
1*
b1 .
b0 /
00

#96420000
0!
0*

#96430000
1!
1*
10

#96440000
0!
0*

#96450000
1!
b1 &
1*
b1 /
00

#96460000
0!
0*

#96470000
1!
1*
10

#96480000
0!
0*

#96490000
1!
b10 &
1*
b10 /
00

#96500000
0!
0*

#96510000
1!
1*
10

#96520000
0!
0*

#96530000
1!
b11 &
1*
b11 /
00

#96540000
0!
0*

#96550000
1!
1*
10

#96560000
0!
0*

#96570000
1!
b100 &
1*
b100 /
00

#96580000
0!
0*

#96590000
1!
1*
10

#96600000
0!
0*

#96610000
1!
b101 &
1*
b101 /
00

#96620000
0!
0*

#96630000
1!
1*
10

#96640000
0!
0*

#96650000
1!
b110 &
1*
b110 /
00

#96660000
0!
0*

#96670000
1!
1*
10

#96680000
0!
0*

#96690000
1!
b111 &
1*
b111 /
00

#96700000
0!
0*

#96710000
1!
1*
10

#96720000
0!
0*

#96730000
1!
b1000 &
1*
b1000 /
00

#96740000
0!
0*

#96750000
1!
1*
10

#96760000
0!
0*

#96770000
1!
b1001 &
1*
b1001 /
00

#96780000
0!
0*

#96790000
1!
1*
10

#96800000
0!
0*

#96810000
1!
b10 %
b0 &
1*
b10 .
b0 /
00

#96820000
0!
0*

#96830000
1!
1*
10

#96840000
0!
0*

#96850000
1!
b1 &
1*
b1 /
00

#96860000
0!
0*

#96870000
1!
1*
10

#96880000
0!
0*

#96890000
1!
b10 &
1*
b10 /
00

#96900000
0!
0*

#96910000
1!
1*
10

#96920000
0!
0*

#96930000
1!
b11 &
1*
b11 /
00

#96940000
0!
0*

#96950000
1!
1*
10

#96960000
0!
0*

#96970000
1!
b100 &
1*
b100 /
00

#96980000
0!
0*

#96990000
1!
1*
10

#97000000
0!
0*

#97010000
1!
b101 &
1*
b101 /
00

#97020000
0!
0*

#97030000
1!
1*
10

#97040000
0!
0*

#97050000
1!
b110 &
1*
b110 /
00

#97060000
0!
0*

#97070000
1!
1*
10

#97080000
0!
0*

#97090000
1!
b111 &
1*
b111 /
00

#97100000
0!
0*

#97110000
1!
1*
10

#97120000
0!
0*

#97130000
1!
b1000 &
1*
b1000 /
00

#97140000
0!
0*

#97150000
1!
1*
10

#97160000
0!
0*

#97170000
1!
b1001 &
1*
b1001 /
00

#97180000
0!
0*

#97190000
1!
1*
10

#97200000
0!
0*

#97210000
1!
b11 %
b0 &
1*
b11 .
b0 /
00

#97220000
0!
0*

#97230000
1!
1*
10

#97240000
0!
0*

#97250000
1!
b1 &
1*
b1 /
00

#97260000
0!
0*

#97270000
1!
1*
10

#97280000
0!
0*

#97290000
1!
b10 &
1*
b10 /
00

#97300000
0!
0*

#97310000
1!
1*
10

#97320000
0!
0*

#97330000
1!
b11 &
1*
b11 /
00

#97340000
0!
0*

#97350000
1!
1*
10

#97360000
0!
0*

#97370000
1!
b100 &
1*
b100 /
00

#97380000
0!
0*

#97390000
1!
1*
10

#97400000
0!
0*

#97410000
1!
b101 &
1*
b101 /
00

#97420000
0!
0*

#97430000
1!
1*
10

#97440000
0!
0*

#97450000
1!
b110 &
1*
b110 /
00

#97460000
0!
0*

#97470000
1!
1*
10

#97480000
0!
0*

#97490000
1!
b111 &
1*
b111 /
00

#97500000
0!
0*

#97510000
1!
1*
10

#97520000
0!
0*

#97530000
1!
b1000 &
1*
b1000 /
00

#97540000
0!
0*

#97550000
1!
1*
10

#97560000
0!
0*

#97570000
1!
b1001 &
1*
b1001 /
00

#97580000
0!
0*

#97590000
1!
1*
10

#97600000
0!
0*

#97610000
1!
b100 %
b0 &
1*
b100 .
b0 /
00

#97620000
0!
0*

#97630000
1!
1*
10

#97640000
0!
0*

#97650000
1!
b1 &
1*
b1 /
00

#97660000
0!
0*

#97670000
1!
1*
10

#97680000
0!
0*

#97690000
1!
b10 &
1*
b10 /
00

#97700000
0!
0*

#97710000
1!
1*
10

#97720000
0!
0*

#97730000
1!
b11 &
1*
b11 /
00

#97740000
0!
0*

#97750000
1!
1*
10

#97760000
0!
0*

#97770000
1!
b100 &
1*
b100 /
00

#97780000
0!
0*

#97790000
1!
1*
10

#97800000
0!
0*

#97810000
1!
b101 &
1*
b101 /
00

#97820000
0!
0*

#97830000
1!
1*
10

#97840000
0!
0*

#97850000
1!
b110 &
1*
b110 /
00

#97860000
0!
0*

#97870000
1!
1*
10

#97880000
0!
0*

#97890000
1!
b111 &
1*
b111 /
00

#97900000
0!
0*

#97910000
1!
1*
10

#97920000
0!
0*

#97930000
1!
b1000 &
1*
b1000 /
00

#97940000
0!
0*

#97950000
1!
1*
10

#97960000
0!
0*

#97970000
1!
b1001 &
1*
b1001 /
00

#97980000
0!
0*

#97990000
1!
1*
10

#98000000
0!
0*

#98010000
1!
b101 %
b0 &
1*
b101 .
b0 /
00

#98020000
0!
0*

#98030000
1!
1*
10

#98040000
0!
0*

#98050000
1!
b1 &
1*
b1 /
00

#98060000
0!
0*

#98070000
1!
1*
10

#98080000
0!
0*

#98090000
1!
b10 &
1*
b10 /
00

#98100000
0!
0*

#98110000
1!
1*
10

#98120000
0!
0*

#98130000
1!
b11 &
1*
b11 /
00

#98140000
0!
0*

#98150000
1!
1*
10

#98160000
0!
0*

#98170000
1!
b100 &
1*
b100 /
00

#98180000
0!
0*

#98190000
1!
1*
10

#98200000
0!
0*

#98210000
1!
b101 &
1*
b101 /
00

#98220000
0!
0*

#98230000
1!
1*
10

#98240000
0!
0*

#98250000
1!
b110 &
1*
b110 /
00

#98260000
0!
0*

#98270000
1!
1*
10

#98280000
0!
0*

#98290000
1!
b111 &
1*
b111 /
00

#98300000
0!
0*

#98310000
1!
1*
10

#98320000
0!
0*

#98330000
1!
b1000 &
1*
b1000 /
00

#98340000
0!
0*

#98350000
1!
1*
10

#98360000
0!
0*

#98370000
1!
b1001 &
1*
b1001 /
00

#98380000
0!
0*

#98390000
1!
1*
10

#98400000
0!
0*

#98410000
1!
b1 $
b0 %
b0 &
1*
b1 -
b0 .
b0 /
00

#98420000
0!
0*

#98430000
1!
1*
10

#98440000
0!
0*

#98450000
1!
b1 &
1*
b1 /
00

#98460000
0!
0*

#98470000
1!
1*
10

#98480000
0!
0*

#98490000
1!
b10 &
1*
b10 /
00

#98500000
0!
0*

#98510000
1!
1*
10

#98520000
0!
0*

#98530000
1!
b11 &
1*
b11 /
00

#98540000
0!
0*

#98550000
1!
1*
10

#98560000
0!
0*

#98570000
1!
b100 &
1*
b100 /
00

#98580000
0!
0*

#98590000
1!
1*
10

#98600000
0!
0*

#98610000
1!
b101 &
1*
b101 /
00

#98620000
0!
0*

#98630000
1!
1*
10

#98640000
0!
0*

#98650000
1!
b110 &
1*
b110 /
00

#98660000
0!
0*

#98670000
1!
1*
10

#98680000
0!
0*

#98690000
1!
b111 &
1*
b111 /
00

#98700000
0!
0*

#98710000
1!
1*
10

#98720000
0!
0*

#98730000
1!
b1000 &
1*
b1000 /
00

#98740000
0!
0*

#98750000
1!
1*
10

#98760000
0!
0*

#98770000
1!
b1001 &
1*
b1001 /
00

#98780000
0!
0*

#98790000
1!
1*
10

#98800000
0!
0*

#98810000
1!
b1 %
b0 &
1*
b1 .
b0 /
00

#98820000
0!
0*

#98830000
1!
1*
10

#98840000
0!
0*

#98850000
1!
b1 &
1*
b1 /
00

#98860000
0!
0*

#98870000
1!
1*
10

#98880000
0!
0*

#98890000
1!
b10 &
1*
b10 /
00

#98900000
0!
0*

#98910000
1!
1*
10

#98920000
0!
0*

#98930000
1!
b11 &
1*
b11 /
00

#98940000
0!
0*

#98950000
1!
1*
10

#98960000
0!
0*

#98970000
1!
b100 &
1*
b100 /
00

#98980000
0!
0*

#98990000
1!
1*
10

#99000000
0!
0*

#99010000
1!
b101 &
1*
b101 /
00

#99020000
0!
0*

#99030000
1!
1*
10

#99040000
0!
0*

#99050000
1!
b110 &
1*
b110 /
00

#99060000
0!
0*

#99070000
1!
1*
10

#99080000
0!
0*

#99090000
1!
b111 &
1*
b111 /
00

#99100000
0!
0*

#99110000
1!
1*
10

#99120000
0!
0*

#99130000
1!
b1000 &
1*
b1000 /
00

#99140000
0!
0*

#99150000
1!
1*
10

#99160000
0!
0*

#99170000
1!
b1001 &
1*
b1001 /
00

#99180000
0!
0*

#99190000
1!
1*
10

#99200000
0!
0*

#99210000
1!
b10 %
b0 &
1*
b10 .
b0 /
00

#99220000
0!
0*

#99230000
1!
1*
10

#99240000
0!
0*

#99250000
1!
b1 &
1*
b1 /
00

#99260000
0!
0*

#99270000
1!
1*
10

#99280000
0!
0*

#99290000
1!
b10 &
1*
b10 /
00

#99300000
0!
0*

#99310000
1!
1*
10

#99320000
0!
0*

#99330000
1!
b11 &
1*
b11 /
00

#99340000
0!
0*

#99350000
1!
1*
10

#99360000
0!
0*

#99370000
1!
b100 &
1*
b100 /
00

#99380000
0!
0*

#99390000
1!
1*
10

#99400000
0!
0*

#99410000
1!
b101 &
1*
b101 /
00

#99420000
0!
0*

#99430000
1!
1*
10

#99440000
0!
0*

#99450000
1!
b110 &
1*
b110 /
00

#99460000
0!
0*

#99470000
1!
1*
10

#99480000
0!
0*

#99490000
1!
b111 &
1*
b111 /
00

#99500000
0!
0*

#99510000
1!
1*
10

#99520000
0!
0*

#99530000
1!
b1000 &
1*
b1000 /
00

#99540000
0!
0*

#99550000
1!
1*
10

#99560000
0!
0*

#99570000
1!
b1001 &
1*
b1001 /
00

#99580000
0!
0*

#99590000
1!
1*
10

#99600000
0!
0*

#99610000
1!
b11 %
b0 &
1*
b11 .
b0 /
00

#99620000
0!
0*

#99630000
1!
1*
10

#99640000
0!
0*

#99650000
1!
b1 &
1*
b1 /
00

#99660000
0!
0*

#99670000
1!
1*
10

#99680000
0!
0*

#99690000
1!
b10 &
1*
b10 /
00

#99700000
0!
0*

#99710000
1!
1*
10

#99720000
0!
0*

#99730000
1!
b11 &
1*
b11 /
00

#99740000
0!
0*

#99750000
1!
1*
10

#99760000
0!
0*

#99770000
1!
b100 &
1*
b100 /
00

#99780000
0!
0*

#99790000
1!
1*
10

#99800000
0!
0*

#99810000
1!
b101 &
1*
b101 /
00

#99820000
0!
0*

#99830000
1!
1*
10

#99840000
0!
0*

#99850000
1!
b110 &
1*
b110 /
00

#99860000
0!
0*

#99870000
1!
1*
10

#99880000
0!
0*

#99890000
1!
b111 &
1*
b111 /
00

#99900000
0!
0*

#99910000
1!
1*
10

#99920000
0!
0*

#99930000
1!
b1000 &
1*
b1000 /
00

#99940000
0!
0*

#99950000
1!
1*
10

#99960000
0!
0*

#99970000
1!
b1001 &
1*
b1001 /
00

#99980000
0!
0*

#99990000
1!
1*
10

#100000000
0!
0*

#100010000
1!
b100 %
b0 &
1*
b100 .
b0 /
00

#100020000
0!
0*

#100030000
1!
1*
10

#100040000
0!
0*

#100050000
1!
b1 &
1*
b1 /
00

#100060000
0!
0*

#100070000
1!
1*
10

#100080000
0!
0*

#100090000
1!
b10 &
1*
b10 /
00

#100100000
0!
0*

#100110000
1!
1*
10

#100120000
0!
0*

#100130000
1!
b11 &
1*
b11 /
00

#100140000
0!
0*

#100150000
1!
1*
10

#100160000
0!
0*

#100170000
1!
b100 &
1*
b100 /
00

#100180000
0!
0*

#100190000
1!
1*
10

#100200000
0!
0*

#100210000
1!
b101 &
1*
b101 /
00

#100220000
0!
0*

#100230000
1!
1*
10

#100240000
0!
0*

#100250000
1!
b110 &
1*
b110 /
00

#100260000
0!
0*

#100270000
1!
1*
10

#100280000
0!
0*

#100290000
1!
b111 &
1*
b111 /
00

#100300000
0!
0*

#100310000
1!
1*
10

#100320000
0!
0*

#100330000
1!
b1000 &
1*
b1000 /
00

#100340000
0!
0*

#100350000
1!
1*
10

#100360000
0!
0*

#100370000
1!
b1001 &
1*
b1001 /
00

#100380000
0!
0*

#100390000
1!
1*
10

#100400000
0!
0*

#100410000
1!
b101 %
b0 &
1*
b101 .
b0 /
00

#100420000
0!
0*

#100430000
1!
1*
10

#100440000
0!
0*

#100450000
1!
b1 &
1*
b1 /
00

#100460000
0!
0*

#100470000
1!
1*
10

#100480000
0!
0*

#100490000
1!
b10 &
1*
b10 /
00

#100500000
0!
0*

#100510000
1!
1*
10

#100520000
0!
0*

#100530000
1!
b11 &
1*
b11 /
00

#100540000
0!
0*

#100550000
1!
1*
10

#100560000
0!
0*

#100570000
1!
b100 &
1*
b100 /
00

#100580000
0!
0*

#100590000
1!
1*
10

#100600000
0!
0*

#100610000
1!
b101 &
1*
b101 /
00

#100620000
0!
0*

#100630000
1!
1*
10

#100640000
0!
0*

#100650000
1!
b110 &
1*
b110 /
00

#100660000
0!
0*

#100670000
1!
1*
10

#100680000
0!
0*

#100690000
1!
b111 &
1*
b111 /
00

#100700000
0!
0*

#100710000
1!
1*
10

#100720000
0!
0*

#100730000
1!
b1000 &
1*
b1000 /
00

#100740000
0!
0*

#100750000
1!
1*
10

#100760000
0!
0*

#100770000
1!
b1001 &
1*
b1001 /
00

#100780000
0!
0*

#100790000
1!
1*
10

#100800000
0!
0*

#100810000
1!
b10 $
b0 %
b0 &
1*
b10 -
b0 .
b0 /
00

#100820000
0!
0*

#100830000
1!
1*
10

#100840000
0!
0*

#100850000
1!
b1 &
1*
b1 /
00

#100860000
0!
0*

#100870000
1!
1*
10

#100880000
0!
0*

#100890000
1!
b10 &
1*
b10 /
00

#100900000
0!
0*

#100910000
1!
1*
10

#100920000
0!
0*

#100930000
1!
b11 &
1*
b11 /
00

#100940000
0!
0*

#100950000
1!
1*
10

#100960000
0!
0*

#100970000
1!
b100 &
1*
b100 /
00

#100980000
0!
0*

#100990000
1!
1*
10

#101000000
0!
0*

#101010000
1!
b101 &
1*
b101 /
00

#101020000
0!
0*

#101030000
1!
1*
10

#101040000
0!
0*

#101050000
1!
b110 &
1*
b110 /
00

#101060000
0!
0*

#101070000
1!
1*
10

#101080000
0!
0*

#101090000
1!
b111 &
1*
b111 /
00

#101100000
0!
0*

#101110000
1!
1*
10

#101120000
0!
0*

#101130000
1!
b1000 &
1*
b1000 /
00

#101140000
0!
0*

#101150000
1!
1*
10

#101160000
0!
0*

#101170000
1!
b1001 &
1*
b1001 /
00

#101180000
0!
0*

#101190000
1!
1*
10

#101200000
0!
0*

#101210000
1!
b1 %
b0 &
1*
b1 .
b0 /
00

#101220000
0!
0*

#101230000
1!
1*
10

#101240000
0!
0*

#101250000
1!
b1 &
1*
b1 /
00

#101260000
0!
0*

#101270000
1!
1*
10

#101280000
0!
0*

#101290000
1!
b10 &
1*
b10 /
00

#101300000
0!
0*

#101310000
1!
1*
10

#101320000
0!
0*

#101330000
1!
b11 &
1*
b11 /
00

#101340000
0!
0*

#101350000
1!
1*
10

#101360000
0!
0*

#101370000
1!
b100 &
1*
b100 /
00

#101380000
0!
0*

#101390000
1!
1*
10

#101400000
0!
0*

#101410000
1!
b101 &
1*
b101 /
00

#101420000
0!
0*

#101430000
1!
1*
10

#101440000
0!
0*

#101450000
1!
b110 &
1*
b110 /
00

#101460000
0!
0*

#101470000
1!
1*
10

#101480000
0!
0*

#101490000
1!
b111 &
1*
b111 /
00

#101500000
0!
0*

#101510000
1!
1*
10

#101520000
0!
0*

#101530000
1!
b1000 &
1*
b1000 /
00

#101540000
0!
0*

#101550000
1!
1*
10

#101560000
0!
0*

#101570000
1!
b1001 &
1*
b1001 /
00

#101580000
0!
0*

#101590000
1!
1*
10

#101600000
0!
0*

#101610000
1!
b10 %
b0 &
1*
b10 .
b0 /
00

#101620000
0!
0*

#101630000
1!
1*
10

#101640000
0!
0*

#101650000
1!
b1 &
1*
b1 /
00

#101660000
0!
0*

#101670000
1!
1*
10

#101680000
0!
0*

#101690000
1!
b10 &
1*
b10 /
00

#101700000
0!
0*

#101710000
1!
1*
10

#101720000
0!
0*

#101730000
1!
b11 &
1*
b11 /
00

#101740000
0!
0*

#101750000
1!
1*
10

#101760000
0!
0*

#101770000
1!
b100 &
1*
b100 /
00

#101780000
0!
0*

#101790000
1!
1*
10

#101800000
0!
0*

#101810000
1!
b101 &
1*
b101 /
00

#101820000
0!
0*

#101830000
1!
1*
10

#101840000
0!
0*

#101850000
1!
b110 &
1*
b110 /
00

#101860000
0!
0*

#101870000
1!
1*
10

#101880000
0!
0*

#101890000
1!
b111 &
1*
b111 /
00

#101900000
0!
0*

#101910000
1!
1*
10

#101920000
0!
0*

#101930000
1!
b1000 &
1*
b1000 /
00

#101940000
0!
0*

#101950000
1!
1*
10

#101960000
0!
0*

#101970000
1!
b1001 &
1*
b1001 /
00

#101980000
0!
0*

#101990000
1!
1*
10

#102000000
0!
0*

#102010000
1!
b11 %
b0 &
1*
b11 .
b0 /
00

#102020000
0!
0*

#102030000
1!
1*
10

#102040000
0!
0*

#102050000
1!
b1 &
1*
b1 /
00

#102060000
0!
0*

#102070000
1!
1*
10

#102080000
0!
0*

#102090000
1!
b10 &
1*
b10 /
00

#102100000
0!
0*

#102110000
1!
1*
10

#102120000
0!
0*

#102130000
1!
b11 &
1*
b11 /
00

#102140000
0!
0*

#102150000
1!
1*
10

#102160000
0!
0*

#102170000
1!
b100 &
1*
b100 /
00

#102180000
0!
0*

#102190000
1!
1*
10

#102200000
0!
0*

#102210000
1!
b101 &
1*
b101 /
00

#102220000
0!
0*

#102230000
1!
1*
10

#102240000
0!
0*

#102250000
1!
b110 &
1*
b110 /
00

#102260000
0!
0*

#102270000
1!
1*
10

#102280000
0!
0*

#102290000
1!
b111 &
1*
b111 /
00

#102300000
0!
0*

#102310000
1!
1*
10

#102320000
0!
0*

#102330000
1!
b1000 &
1*
b1000 /
00

#102340000
0!
0*

#102350000
1!
1*
10

#102360000
0!
0*

#102370000
1!
b1001 &
1*
b1001 /
00

#102380000
0!
0*

#102390000
1!
1*
10

#102400000
0!
0*

#102410000
1!
b100 %
b0 &
1*
b100 .
b0 /
00

#102420000
0!
0*

#102430000
1!
1*
10

#102440000
0!
0*

#102450000
1!
b1 &
1*
b1 /
00

#102460000
0!
0*

#102470000
1!
1*
10

#102480000
0!
0*

#102490000
1!
b10 &
1*
b10 /
00

#102500000
0!
0*

#102510000
1!
1*
10

#102520000
0!
0*

#102530000
1!
b11 &
1*
b11 /
00

#102540000
0!
0*

#102550000
1!
1*
10

#102560000
0!
0*

#102570000
1!
b100 &
1*
b100 /
00

#102580000
0!
0*

#102590000
1!
1*
10

#102600000
0!
0*

#102610000
1!
b101 &
1*
b101 /
00

#102620000
0!
0*

#102630000
1!
1*
10

#102640000
0!
0*

#102650000
1!
b110 &
1*
b110 /
00

#102660000
0!
0*

#102670000
1!
1*
10

#102680000
0!
0*

#102690000
1!
b111 &
1*
b111 /
00

#102700000
0!
0*

#102710000
1!
1*
10

#102720000
0!
0*

#102730000
1!
b1000 &
1*
b1000 /
00

#102740000
0!
0*

#102750000
1!
1*
10

#102760000
0!
0*

#102770000
1!
b1001 &
1*
b1001 /
00

#102780000
0!
0*

#102790000
1!
1*
10

#102800000
0!
0*

#102810000
1!
b101 %
b0 &
1*
b101 .
b0 /
00

#102820000
0!
0*

#102830000
1!
1*
10

#102840000
0!
0*

#102850000
1!
b1 &
1*
b1 /
00

#102860000
0!
0*

#102870000
1!
1*
10

#102880000
0!
0*

#102890000
1!
b10 &
1*
b10 /
00

#102900000
0!
0*

#102910000
1!
1*
10

#102920000
0!
0*

#102930000
1!
b11 &
1*
b11 /
00

#102940000
0!
0*

#102950000
1!
1*
10

#102960000
0!
0*

#102970000
1!
b100 &
1*
b100 /
00

#102980000
0!
0*

#102990000
1!
1*
10

#103000000
0!
0*

#103010000
1!
b101 &
1*
b101 /
00

#103020000
0!
0*

#103030000
1!
1*
10

#103040000
0!
0*

#103050000
1!
b110 &
1*
b110 /
00

#103060000
0!
0*

#103070000
1!
1*
10

#103080000
0!
0*

#103090000
1!
b111 &
1*
b111 /
00

#103100000
0!
0*

#103110000
1!
1*
10

#103120000
0!
0*

#103130000
1!
b1000 &
1*
b1000 /
00

#103140000
0!
0*

#103150000
1!
1*
10

#103160000
0!
0*

#103170000
1!
b1001 &
1*
b1001 /
00

#103180000
0!
0*

#103190000
1!
1*
10

#103200000
0!
0*

#103210000
1!
b11 $
b0 %
b0 &
1*
b11 -
b0 .
b0 /
00

#103220000
0!
0*

#103230000
1!
1*
10

#103240000
0!
0*

#103250000
1!
b1 &
1*
b1 /
00

#103260000
0!
0*

#103270000
1!
1*
10

#103280000
0!
0*

#103290000
1!
b10 &
1*
b10 /
00

#103300000
0!
0*

#103310000
1!
1*
10

#103320000
0!
0*

#103330000
1!
b11 &
1*
b11 /
00

#103340000
0!
0*

#103350000
1!
1*
10

#103360000
0!
0*

#103370000
1!
b100 &
1*
b100 /
00

#103380000
0!
0*

#103390000
1!
1*
10

#103400000
0!
0*

#103410000
1!
b101 &
1*
b101 /
00

#103420000
0!
0*

#103430000
1!
1*
10

#103440000
0!
0*

#103450000
1!
b110 &
1*
b110 /
00

#103460000
0!
0*

#103470000
1!
1*
10

#103480000
0!
0*

#103490000
1!
b111 &
1*
b111 /
00

#103500000
0!
0*

#103510000
1!
1*
10

#103520000
0!
0*

#103530000
1!
b1000 &
1*
b1000 /
00

#103540000
0!
0*

#103550000
1!
1*
10

#103560000
0!
0*

#103570000
1!
b1001 &
1*
b1001 /
00

#103580000
0!
0*

#103590000
1!
1*
10

#103600000
0!
0*

#103610000
1!
b1 %
b0 &
1*
b1 .
b0 /
00

#103620000
0!
0*

#103630000
1!
1*
10

#103640000
0!
0*

#103650000
1!
b1 &
1*
b1 /
00

#103660000
0!
0*

#103670000
1!
1*
10

#103680000
0!
0*

#103690000
1!
b10 &
1*
b10 /
00

#103700000
0!
0*

#103710000
1!
1*
10

#103720000
0!
0*

#103730000
1!
b11 &
1*
b11 /
00

#103740000
0!
0*

#103750000
1!
1*
10

#103760000
0!
0*

#103770000
1!
b100 &
1*
b100 /
00

#103780000
0!
0*

#103790000
1!
1*
10

#103800000
0!
0*

#103810000
1!
b101 &
1*
b101 /
00

#103820000
0!
0*

#103830000
1!
1*
10

#103840000
0!
0*

#103850000
1!
b110 &
1*
b110 /
00

#103860000
0!
0*

#103870000
1!
1*
10

#103880000
0!
0*

#103890000
1!
b111 &
1*
b111 /
00

#103900000
0!
0*

#103910000
1!
1*
10

#103920000
0!
0*

#103930000
1!
b1000 &
1*
b1000 /
00

#103940000
0!
0*

#103950000
1!
1*
10

#103960000
0!
0*

#103970000
1!
b1001 &
1*
b1001 /
00

#103980000
0!
0*

#103990000
1!
1*
10

#104000000
0!
0*

#104010000
1!
b10 %
b0 &
1*
b10 .
b0 /
00

#104020000
0!
0*

#104030000
1!
1*
10

#104040000
0!
0*

#104050000
1!
b1 &
1*
b1 /
00

#104060000
0!
0*

#104070000
1!
1*
10

#104080000
0!
0*

#104090000
1!
b10 &
1*
b10 /
00

#104100000
0!
0*

#104110000
1!
1*
10

#104120000
0!
0*

#104130000
1!
b11 &
1*
b11 /
00

#104140000
0!
0*

#104150000
1!
1*
10

#104160000
0!
0*

#104170000
1!
b100 &
1*
b100 /
00

#104180000
0!
0*

#104190000
1!
1*
10

#104200000
0!
0*

#104210000
1!
b101 &
1*
b101 /
00

#104220000
0!
0*

#104230000
1!
1*
10

#104240000
0!
0*

#104250000
1!
b110 &
1*
b110 /
00

#104260000
0!
0*

#104270000
1!
1*
10

#104280000
0!
0*

#104290000
1!
b111 &
1*
b111 /
00

#104300000
0!
0*

#104310000
1!
1*
10

#104320000
0!
0*

#104330000
1!
b1000 &
1*
b1000 /
00

#104340000
0!
0*

#104350000
1!
1*
10

#104360000
0!
0*

#104370000
1!
b1001 &
1*
b1001 /
00

#104380000
0!
0*

#104390000
1!
1*
10

#104400000
0!
0*

#104410000
1!
b11 %
b0 &
1*
b11 .
b0 /
00

#104420000
0!
0*

#104430000
1!
1*
10

#104440000
0!
0*

#104450000
1!
b1 &
1*
b1 /
00

#104460000
0!
0*

#104470000
1!
1*
10

#104480000
0!
0*

#104490000
1!
b10 &
1*
b10 /
00

#104500000
0!
0*

#104510000
1!
1*
10

#104520000
0!
0*

#104530000
1!
b11 &
1*
b11 /
00

#104540000
0!
0*

#104550000
1!
1*
10

#104560000
0!
0*

#104570000
1!
b100 &
1*
b100 /
00

#104580000
0!
0*

#104590000
1!
1*
10

#104600000
0!
0*

#104610000
1!
b101 &
1*
b101 /
00

#104620000
0!
0*

#104630000
1!
1*
10

#104640000
0!
0*

#104650000
1!
b110 &
1*
b110 /
00

#104660000
0!
0*

#104670000
1!
1*
10

#104680000
0!
0*

#104690000
1!
b111 &
1*
b111 /
00

#104700000
0!
0*

#104710000
1!
1*
10

#104720000
0!
0*

#104730000
1!
b1000 &
1*
b1000 /
00

#104740000
0!
0*

#104750000
1!
1*
10

#104760000
0!
0*

#104770000
1!
b1001 &
1*
b1001 /
00

#104780000
0!
0*

#104790000
1!
1*
10

#104800000
0!
0*

#104810000
1!
b100 %
b0 &
1*
b100 .
b0 /
00

#104820000
0!
0*

#104830000
1!
1*
10

#104840000
0!
0*

#104850000
1!
b1 &
1*
b1 /
00

#104860000
0!
0*

#104870000
1!
1*
10

#104880000
0!
0*

#104890000
1!
b10 &
1*
b10 /
00

#104900000
0!
0*

#104910000
1!
1*
10

#104920000
0!
0*

#104930000
1!
b11 &
1*
b11 /
00

#104940000
0!
0*

#104950000
1!
1*
10

#104960000
0!
0*

#104970000
1!
b100 &
1*
b100 /
00

#104980000
0!
0*

#104990000
1!
1*
10

#105000000
0!
0*

#105010000
1!
b101 &
1*
b101 /
00

#105020000
0!
0*

#105030000
1!
1*
10

#105040000
0!
0*

#105050000
1!
b110 &
1*
b110 /
00

#105060000
0!
0*

#105070000
1!
1*
10

#105080000
0!
0*

#105090000
1!
b111 &
1*
b111 /
00

#105100000
0!
0*

#105110000
1!
1*
10

#105120000
0!
0*

#105130000
1!
b1000 &
1*
b1000 /
00

#105140000
0!
0*

#105150000
1!
1*
10

#105160000
0!
0*

#105170000
1!
b1001 &
1*
b1001 /
00

#105180000
0!
0*

#105190000
1!
1*
10

#105200000
0!
0*

#105210000
1!
b101 %
b0 &
1*
b101 .
b0 /
00

#105220000
0!
0*

#105230000
1!
1*
10

#105240000
0!
0*

#105250000
1!
b1 &
1*
b1 /
00

#105260000
0!
0*

#105270000
1!
1*
10

#105280000
0!
0*

#105290000
1!
b10 &
1*
b10 /
00

#105300000
0!
0*

#105310000
1!
1*
10

#105320000
0!
0*

#105330000
1!
b11 &
1*
b11 /
00

#105340000
0!
0*

#105350000
1!
1*
10

#105360000
0!
0*

#105370000
1!
b100 &
1*
b100 /
00

#105380000
0!
0*

#105390000
1!
1*
10

#105400000
0!
0*

#105410000
1!
b101 &
1*
b101 /
00

#105420000
0!
0*

#105430000
1!
1*
10

#105440000
0!
0*

#105450000
1!
b110 &
1*
b110 /
00

#105460000
0!
0*

#105470000
1!
1*
10

#105480000
0!
0*

#105490000
1!
b111 &
1*
b111 /
00

#105500000
0!
0*

#105510000
1!
1*
10

#105520000
0!
0*

#105530000
1!
b1000 &
1*
b1000 /
00

#105540000
0!
0*

#105550000
1!
1*
10

#105560000
0!
0*

#105570000
1!
b1001 &
1*
b1001 /
00

#105580000
0!
0*

#105590000
1!
1*
10

#105600000
0!
0*

#105610000
1!
b100 $
b0 %
b0 &
1*
b100 -
b0 .
b0 /
00

#105620000
0!
0*

#105630000
1!
1*
10

#105640000
0!
0*

#105650000
1!
b1 &
1*
b1 /
00

#105660000
0!
0*

#105670000
1!
1*
10

#105680000
0!
0*

#105690000
1!
b10 &
1*
b10 /
00

#105700000
0!
0*

#105710000
1!
1*
10

#105720000
0!
0*

#105730000
1!
b11 &
1*
b11 /
00

#105740000
0!
0*

#105750000
1!
1*
10

#105760000
0!
0*

#105770000
1!
b100 &
1*
b100 /
00

#105780000
0!
0*

#105790000
1!
1*
10

#105800000
0!
0*

#105810000
1!
b101 &
1*
b101 /
00

#105820000
0!
0*

#105830000
1!
1*
10

#105840000
0!
0*

#105850000
1!
b110 &
1*
b110 /
00

#105860000
0!
0*

#105870000
1!
1*
10

#105880000
0!
0*

#105890000
1!
b111 &
1*
b111 /
00

#105900000
0!
0*

#105910000
1!
1*
10

#105920000
0!
0*

#105930000
1!
b1000 &
1*
b1000 /
00

#105940000
0!
0*

#105950000
1!
1*
10

#105960000
0!
0*

#105970000
1!
b1001 &
1*
b1001 /
00

#105980000
0!
0*

#105990000
1!
1*
10

#106000000
0!
0*

#106010000
1!
b1 %
b0 &
1*
b1 .
b0 /
00

#106020000
0!
0*

#106030000
1!
1*
10

#106040000
0!
0*

#106050000
1!
b1 &
1*
b1 /
00

#106060000
0!
0*

#106070000
1!
1*
10

#106080000
0!
0*

#106090000
1!
b10 &
1*
b10 /
00

#106100000
0!
0*

#106110000
1!
1*
10

#106120000
0!
0*

#106130000
1!
b11 &
1*
b11 /
00

#106140000
0!
0*

#106150000
1!
1*
10

#106160000
0!
0*

#106170000
1!
b100 &
1*
b100 /
00

#106180000
0!
0*

#106190000
1!
1*
10

#106200000
0!
0*

#106210000
1!
b101 &
1*
b101 /
00

#106220000
0!
0*

#106230000
1!
1*
10

#106240000
0!
0*

#106250000
1!
b110 &
1*
b110 /
00

#106260000
0!
0*

#106270000
1!
1*
10

#106280000
0!
0*

#106290000
1!
b111 &
1*
b111 /
00

#106300000
0!
0*

#106310000
1!
1*
10

#106320000
0!
0*

#106330000
1!
b1000 &
1*
b1000 /
00

#106340000
0!
0*

#106350000
1!
1*
10

#106360000
0!
0*

#106370000
1!
b1001 &
1*
b1001 /
00

#106380000
0!
0*

#106390000
1!
1*
10

#106400000
0!
0*

#106410000
1!
b10 %
b0 &
1*
b10 .
b0 /
00

#106420000
0!
0*

#106430000
1!
1*
10

#106440000
0!
0*

#106450000
1!
b1 &
1*
b1 /
00

#106460000
0!
0*

#106470000
1!
1*
10

#106480000
0!
0*

#106490000
1!
b10 &
1*
b10 /
00

#106500000
0!
0*

#106510000
1!
1*
10

#106520000
0!
0*

#106530000
1!
b11 &
1*
b11 /
00

#106540000
0!
0*

#106550000
1!
1*
10

#106560000
0!
0*

#106570000
1!
b100 &
1*
b100 /
00

#106580000
0!
0*

#106590000
1!
1*
10

#106600000
0!
0*

#106610000
1!
b101 &
1*
b101 /
00

#106620000
0!
0*

#106630000
1!
1*
10

#106640000
0!
0*

#106650000
1!
b110 &
1*
b110 /
00

#106660000
0!
0*

#106670000
1!
1*
10

#106680000
0!
0*

#106690000
1!
b111 &
1*
b111 /
00

#106700000
0!
0*

#106710000
1!
1*
10

#106720000
0!
0*

#106730000
1!
b1000 &
1*
b1000 /
00

#106740000
0!
0*

#106750000
1!
1*
10

#106760000
0!
0*

#106770000
1!
b1001 &
1*
b1001 /
00

#106780000
0!
0*

#106790000
1!
1*
10

#106800000
0!
0*

#106810000
1!
b11 %
b0 &
1*
b11 .
b0 /
00

#106820000
0!
0*

#106830000
1!
1*
10

#106840000
0!
0*

#106850000
1!
b1 &
1*
b1 /
00

#106860000
0!
0*

#106870000
1!
1*
10

#106880000
0!
0*

#106890000
1!
b10 &
1*
b10 /
00

#106900000
0!
0*

#106910000
1!
1*
10

#106920000
0!
0*

#106930000
1!
b11 &
1*
b11 /
00

#106940000
0!
0*

#106950000
1!
1*
10

#106960000
0!
0*

#106970000
1!
b100 &
1*
b100 /
00

#106980000
0!
0*

#106990000
1!
1*
10

#107000000
0!
0*

#107010000
1!
b101 &
1*
b101 /
00

#107020000
0!
0*

#107030000
1!
1*
10

#107040000
0!
0*

#107050000
1!
b110 &
1*
b110 /
00

#107060000
0!
0*

#107070000
1!
1*
10

#107080000
0!
0*

#107090000
1!
b111 &
1*
b111 /
00

#107100000
0!
0*

#107110000
1!
1*
10

#107120000
0!
0*

#107130000
1!
b1000 &
1*
b1000 /
00

#107140000
0!
0*

#107150000
1!
1*
10

#107160000
0!
0*

#107170000
1!
b1001 &
1*
b1001 /
00

#107180000
0!
0*

#107190000
1!
1*
10

#107200000
0!
0*

#107210000
1!
b100 %
b0 &
1*
b100 .
b0 /
00

#107220000
0!
0*

#107230000
1!
1*
10

#107240000
0!
0*

#107250000
1!
b1 &
1*
b1 /
00

#107260000
0!
0*

#107270000
1!
1*
10

#107280000
0!
0*

#107290000
1!
b10 &
1*
b10 /
00

#107300000
0!
0*

#107310000
1!
1*
10

#107320000
0!
0*

#107330000
1!
b11 &
1*
b11 /
00

#107340000
0!
0*

#107350000
1!
1*
10

#107360000
0!
0*

#107370000
1!
b100 &
1*
b100 /
00

#107380000
0!
0*

#107390000
1!
1*
10

#107400000
0!
0*

#107410000
1!
b101 &
1*
b101 /
00

#107420000
0!
0*

#107430000
1!
1*
10

#107440000
0!
0*

#107450000
1!
b110 &
1*
b110 /
00

#107460000
0!
0*

#107470000
1!
1*
10

#107480000
0!
0*

#107490000
1!
b111 &
1*
b111 /
00

#107500000
0!
0*

#107510000
1!
1*
10

#107520000
0!
0*

#107530000
1!
b1000 &
1*
b1000 /
00

#107540000
0!
0*

#107550000
1!
1*
10

#107560000
0!
0*

#107570000
1!
b1001 &
1*
b1001 /
00

#107580000
0!
0*

#107590000
1!
1*
10

#107600000
0!
0*

#107610000
1!
b101 %
b0 &
1*
b101 .
b0 /
00

#107620000
0!
0*

#107630000
1!
1*
10

#107640000
0!
0*

#107650000
1!
b1 &
1*
b1 /
00

#107660000
0!
0*

#107670000
1!
1*
10

#107680000
0!
0*

#107690000
1!
b10 &
1*
b10 /
00

#107700000
0!
0*

#107710000
1!
1*
10

#107720000
0!
0*

#107730000
1!
b11 &
1*
b11 /
00

#107740000
0!
0*

#107750000
1!
1*
10

#107760000
0!
0*

#107770000
1!
b100 &
1*
b100 /
00

#107780000
0!
0*

#107790000
1!
1*
10

#107800000
0!
0*

#107810000
1!
b101 &
1*
b101 /
00

#107820000
0!
0*

#107830000
1!
1*
10

#107840000
0!
0*

#107850000
1!
b110 &
1*
b110 /
00

#107860000
0!
0*

#107870000
1!
1*
10

#107880000
0!
0*

#107890000
1!
b111 &
1*
b111 /
00

#107900000
0!
0*

#107910000
1!
1*
10

#107920000
0!
0*

#107930000
1!
b1000 &
1*
b1000 /
00

#107940000
0!
0*

#107950000
1!
1*
10

#107960000
0!
0*

#107970000
1!
b1001 &
1*
b1001 /
00

#107980000
0!
0*

#107990000
1!
1*
10

#108000000
0!
0*

#108010000
1!
b101 $
b0 %
b0 &
1*
b101 -
b0 .
b0 /
00

#108020000
0!
0*

#108030000
1!
1*
10

#108040000
0!
0*

#108050000
1!
b1 &
1*
b1 /
00

#108060000
0!
0*

#108070000
1!
1*
10

#108080000
0!
0*

#108090000
1!
b10 &
1*
b10 /
00

#108100000
0!
0*

#108110000
1!
1*
10

#108120000
0!
0*

#108130000
1!
b11 &
1*
b11 /
00

#108140000
0!
0*

#108150000
1!
1*
10

#108160000
0!
0*

#108170000
1!
b100 &
1*
b100 /
00

#108180000
0!
0*

#108190000
1!
1*
10

#108200000
0!
0*

#108210000
1!
b101 &
1*
b101 /
00

#108220000
0!
0*

#108230000
1!
1*
10

#108240000
0!
0*

#108250000
1!
b110 &
1*
b110 /
00

#108260000
0!
0*

#108270000
1!
1*
10

#108280000
0!
0*

#108290000
1!
b111 &
1*
b111 /
00

#108300000
0!
0*

#108310000
1!
1*
10

#108320000
0!
0*

#108330000
1!
b1000 &
1*
b1000 /
00

#108340000
0!
0*

#108350000
1!
1*
10

#108360000
0!
0*

#108370000
1!
b1001 &
1*
b1001 /
00

#108380000
0!
0*

#108390000
1!
1*
10

#108400000
0!
0*

#108410000
1!
b1 %
b0 &
1*
b1 .
b0 /
00

#108420000
0!
0*

#108430000
1!
1*
10

#108440000
0!
0*

#108450000
1!
b1 &
1*
b1 /
00

#108460000
0!
0*

#108470000
1!
1*
10

#108480000
0!
0*

#108490000
1!
b10 &
1*
b10 /
00

#108500000
0!
0*

#108510000
1!
1*
10

#108520000
0!
0*

#108530000
1!
b11 &
1*
b11 /
00

#108540000
0!
0*

#108550000
1!
1*
10

#108560000
0!
0*

#108570000
1!
b100 &
1*
b100 /
00

#108580000
0!
0*

#108590000
1!
1*
10

#108600000
0!
0*

#108610000
1!
b101 &
1*
b101 /
00

#108620000
0!
0*

#108630000
1!
1*
10

#108640000
0!
0*

#108650000
1!
b110 &
1*
b110 /
00

#108660000
0!
0*

#108670000
1!
1*
10

#108680000
0!
0*

#108690000
1!
b111 &
1*
b111 /
00

#108700000
0!
0*

#108710000
1!
1*
10

#108720000
0!
0*

#108730000
1!
b1000 &
1*
b1000 /
00

#108740000
0!
0*

#108750000
1!
1*
10

#108760000
0!
0*

#108770000
1!
b1001 &
1*
b1001 /
00

#108780000
0!
0*

#108790000
1!
1*
10

#108800000
0!
0*

#108810000
1!
b10 %
b0 &
1*
b10 .
b0 /
00

#108820000
0!
0*

#108830000
1!
1*
10

#108840000
0!
0*

#108850000
1!
b1 &
1*
b1 /
00

#108860000
0!
0*

#108870000
1!
1*
10

#108880000
0!
0*

#108890000
1!
b10 &
1*
b10 /
00

#108900000
0!
0*

#108910000
1!
1*
10

#108920000
0!
0*

#108930000
1!
b11 &
1*
b11 /
00

#108940000
0!
0*

#108950000
1!
1*
10

#108960000
0!
0*

#108970000
1!
b100 &
1*
b100 /
00

#108980000
0!
0*

#108990000
1!
1*
10

#109000000
0!
0*

#109010000
1!
b101 &
1*
b101 /
00

#109020000
0!
0*

#109030000
1!
1*
10

#109040000
0!
0*

#109050000
1!
b110 &
1*
b110 /
00

#109060000
0!
0*

#109070000
1!
1*
10

#109080000
0!
0*

#109090000
1!
b111 &
1*
b111 /
00

#109100000
0!
0*

#109110000
1!
1*
10

#109120000
0!
0*

#109130000
1!
b1000 &
1*
b1000 /
00

#109140000
0!
0*

#109150000
1!
1*
10

#109160000
0!
0*

#109170000
1!
b1001 &
1*
b1001 /
00

#109180000
0!
0*

#109190000
1!
1*
10

#109200000
0!
0*

#109210000
1!
b11 %
b0 &
1*
b11 .
b0 /
00

#109220000
0!
0*

#109230000
1!
1*
10

#109240000
0!
0*

#109250000
1!
b1 &
1*
b1 /
00

#109260000
0!
0*

#109270000
1!
1*
10

#109280000
0!
0*

#109290000
1!
b10 &
1*
b10 /
00

#109300000
0!
0*

#109310000
1!
1*
10

#109320000
0!
0*

#109330000
1!
b11 &
1*
b11 /
00

#109340000
0!
0*

#109350000
1!
1*
10

#109360000
0!
0*

#109370000
1!
b100 &
1*
b100 /
00

#109380000
0!
0*

#109390000
1!
1*
10

#109400000
0!
0*

#109410000
1!
b101 &
1*
b101 /
00

#109420000
0!
0*

#109430000
1!
1*
10

#109440000
0!
0*

#109450000
1!
b110 &
1*
b110 /
00

#109460000
0!
0*

#109470000
1!
1*
10

#109480000
0!
0*

#109490000
1!
b111 &
1*
b111 /
00

#109500000
0!
0*

#109510000
1!
1*
10

#109520000
0!
0*

#109530000
1!
b1000 &
1*
b1000 /
00

#109540000
0!
0*

#109550000
1!
1*
10

#109560000
0!
0*

#109570000
1!
b1001 &
1*
b1001 /
00

#109580000
0!
0*

#109590000
1!
1*
10

#109600000
0!
0*

#109610000
1!
b100 %
b0 &
1*
b100 .
b0 /
00

#109620000
0!
0*

#109630000
1!
1*
10

#109640000
0!
0*

#109650000
1!
b1 &
1*
b1 /
00

#109660000
0!
0*

#109670000
1!
1*
10

#109680000
0!
0*

#109690000
1!
b10 &
1*
b10 /
00

#109700000
0!
0*

#109710000
1!
1*
10

#109720000
0!
0*

#109730000
1!
b11 &
1*
b11 /
00

#109740000
0!
0*

#109750000
1!
1*
10

#109760000
0!
0*

#109770000
1!
b100 &
1*
b100 /
00

#109780000
0!
0*

#109790000
1!
1*
10

#109800000
0!
0*

#109810000
1!
b101 &
1*
b101 /
00

#109820000
0!
0*

#109830000
1!
1*
10

#109840000
0!
0*

#109850000
1!
b110 &
1*
b110 /
00

#109860000
0!
0*

#109870000
1!
1*
10

#109880000
0!
0*

#109890000
1!
b111 &
1*
b111 /
00

#109900000
0!
0*

#109910000
1!
1*
10

#109920000
0!
0*

#109930000
1!
b1000 &
1*
b1000 /
00

#109940000
0!
0*

#109950000
1!
1*
10

#109960000
0!
0*

#109970000
1!
b1001 &
1*
b1001 /
00

#109980000
0!
0*

#109990000
1!
1*
10

#110000000
0!
0*

#110010000
1!
b101 %
b0 &
1*
b101 .
b0 /
00

#110020000
0!
0*

#110030000
1!
1*
10

#110040000
0!
0*

#110050000
1!
b1 &
1*
b1 /
00

#110060000
0!
0*

#110070000
1!
1*
10

#110080000
0!
0*

#110090000
1!
b10 &
1*
b10 /
00

#110100000
0!
0*

#110110000
1!
1*
10

#110120000
0!
0*

#110130000
1!
b11 &
1*
b11 /
00

#110140000
0!
0*

#110150000
1!
1*
10

#110160000
0!
0*

#110170000
1!
b100 &
1*
b100 /
00

#110180000
0!
0*

#110190000
1!
1*
10

#110200000
0!
0*

#110210000
1!
b101 &
1*
b101 /
00

#110220000
0!
0*

#110230000
1!
1*
10

#110240000
0!
0*

#110250000
1!
b110 &
1*
b110 /
00

#110260000
0!
0*

#110270000
1!
1*
10

#110280000
0!
0*

#110290000
1!
b111 &
1*
b111 /
00

#110300000
0!
0*

#110310000
1!
1*
10

#110320000
0!
0*

#110330000
1!
b1000 &
1*
b1000 /
00

#110340000
0!
0*

#110350000
1!
1*
10

#110360000
0!
0*

#110370000
1!
b1001 &
1*
b1001 /
00

#110380000
0!
0*

#110390000
1!
1*
10

#110400000
0!
0*

#110410000
1!
b110 $
b0 %
b0 &
1*
b110 -
b0 .
b0 /
00

#110420000
0!
0*

#110430000
1!
1*
10

#110440000
0!
0*

#110450000
1!
b1 &
1*
b1 /
00

#110460000
0!
0*

#110470000
1!
1*
10

#110480000
0!
0*

#110490000
1!
b10 &
1*
b10 /
00

#110500000
0!
0*

#110510000
1!
1*
10

#110520000
0!
0*

#110530000
1!
b11 &
1*
b11 /
00

#110540000
0!
0*

#110550000
1!
1*
10

#110560000
0!
0*

#110570000
1!
b100 &
1*
b100 /
00

#110580000
0!
0*

#110590000
1!
1*
10

#110600000
0!
0*

#110610000
1!
b101 &
1*
b101 /
00

#110620000
0!
0*

#110630000
1!
1*
10

#110640000
0!
0*

#110650000
1!
b110 &
1*
b110 /
00

#110660000
0!
0*

#110670000
1!
1*
10

#110680000
0!
0*

#110690000
1!
b111 &
1*
b111 /
00

#110700000
0!
0*

#110710000
1!
1*
10

#110720000
0!
0*

#110730000
1!
b1000 &
1*
b1000 /
00

#110740000
0!
0*

#110750000
1!
1*
10

#110760000
0!
0*

#110770000
1!
b1001 &
1*
b1001 /
00

#110780000
0!
0*

#110790000
1!
1*
10

#110800000
0!
0*

#110810000
1!
b1 %
b0 &
1*
b1 .
b0 /
00

#110820000
0!
0*

#110830000
1!
1*
10

#110840000
0!
0*

#110850000
1!
b1 &
1*
b1 /
00

#110860000
0!
0*

#110870000
1!
1*
10

#110880000
0!
0*

#110890000
1!
b10 &
1*
b10 /
00

#110900000
0!
0*

#110910000
1!
1*
10

#110920000
0!
0*

#110930000
1!
b11 &
1*
b11 /
00

#110940000
0!
0*

#110950000
1!
1*
10

#110960000
0!
0*

#110970000
1!
b100 &
1*
b100 /
00

#110980000
0!
0*

#110990000
1!
1*
10

#111000000
0!
0*

#111010000
1!
b101 &
1*
b101 /
00

#111020000
0!
0*

#111030000
1!
1*
10

#111040000
0!
0*

#111050000
1!
b110 &
1*
b110 /
00

#111060000
0!
0*

#111070000
1!
1*
10

#111080000
0!
0*

#111090000
1!
b111 &
1*
b111 /
00

#111100000
0!
0*

#111110000
1!
1*
10

#111120000
0!
0*

#111130000
1!
b1000 &
1*
b1000 /
00

#111140000
0!
0*

#111150000
1!
1*
10

#111160000
0!
0*

#111170000
1!
b1001 &
1*
b1001 /
00

#111180000
0!
0*

#111190000
1!
1*
10

#111200000
0!
0*

#111210000
1!
b10 %
b0 &
1*
b10 .
b0 /
00

#111220000
0!
0*

#111230000
1!
1*
10

#111240000
0!
0*

#111250000
1!
b1 &
1*
b1 /
00

#111260000
0!
0*

#111270000
1!
1*
10

#111280000
0!
0*

#111290000
1!
b10 &
1*
b10 /
00

#111300000
0!
0*

#111310000
1!
1*
10

#111320000
0!
0*

#111330000
1!
b11 &
1*
b11 /
00

#111340000
0!
0*

#111350000
1!
1*
10

#111360000
0!
0*

#111370000
1!
b100 &
1*
b100 /
00

#111380000
0!
0*

#111390000
1!
1*
10

#111400000
0!
0*

#111410000
1!
b101 &
1*
b101 /
00

#111420000
0!
0*

#111430000
1!
1*
10

#111440000
0!
0*

#111450000
1!
b110 &
1*
b110 /
00

#111460000
0!
0*

#111470000
1!
1*
10

#111480000
0!
0*

#111490000
1!
b111 &
1*
b111 /
00

#111500000
0!
0*

#111510000
1!
1*
10

#111520000
0!
0*

#111530000
1!
b1000 &
1*
b1000 /
00

#111540000
0!
0*

#111550000
1!
1*
10

#111560000
0!
0*

#111570000
1!
b1001 &
1*
b1001 /
00

#111580000
0!
0*

#111590000
1!
1*
10

#111600000
0!
0*

#111610000
1!
b11 %
b0 &
1*
b11 .
b0 /
00

#111620000
0!
0*

#111630000
1!
1*
10

#111640000
0!
0*

#111650000
1!
b1 &
1*
b1 /
00

#111660000
0!
0*

#111670000
1!
1*
10

#111680000
0!
0*

#111690000
1!
b10 &
1*
b10 /
00

#111700000
0!
0*

#111710000
1!
1*
10

#111720000
0!
0*

#111730000
1!
b11 &
1*
b11 /
00

#111740000
0!
0*

#111750000
1!
1*
10

#111760000
0!
0*

#111770000
1!
b100 &
1*
b100 /
00

#111780000
0!
0*

#111790000
1!
1*
10

#111800000
0!
0*

#111810000
1!
b101 &
1*
b101 /
00

#111820000
0!
0*

#111830000
1!
1*
10

#111840000
0!
0*

#111850000
1!
b110 &
1*
b110 /
00

#111860000
0!
0*

#111870000
1!
1*
10

#111880000
0!
0*

#111890000
1!
b111 &
1*
b111 /
00

#111900000
0!
0*

#111910000
1!
1*
10

#111920000
0!
0*

#111930000
1!
b1000 &
1*
b1000 /
00

#111940000
0!
0*

#111950000
1!
1*
10

#111960000
0!
0*

#111970000
1!
b1001 &
1*
b1001 /
00

#111980000
0!
0*

#111990000
1!
1*
10

#112000000
0!
0*

#112010000
1!
b100 %
b0 &
1*
b100 .
b0 /
00

#112020000
0!
0*

#112030000
1!
1*
10

#112040000
0!
0*

#112050000
1!
b1 &
1*
b1 /
00

#112060000
0!
0*

#112070000
1!
1*
10

#112080000
0!
0*

#112090000
1!
b10 &
1*
b10 /
00

#112100000
0!
0*

#112110000
1!
1*
10

#112120000
0!
0*

#112130000
1!
b11 &
1*
b11 /
00

#112140000
0!
0*

#112150000
1!
1*
10

#112160000
0!
0*

#112170000
1!
b100 &
1*
b100 /
00

#112180000
0!
0*

#112190000
1!
1*
10

#112200000
0!
0*

#112210000
1!
b101 &
1*
b101 /
00

#112220000
0!
0*

#112230000
1!
1*
10

#112240000
0!
0*

#112250000
1!
b110 &
1*
b110 /
00

#112260000
0!
0*

#112270000
1!
1*
10

#112280000
0!
0*

#112290000
1!
b111 &
1*
b111 /
00

#112300000
0!
0*

#112310000
1!
1*
10

#112320000
0!
0*

#112330000
1!
b1000 &
1*
b1000 /
00

#112340000
0!
0*

#112350000
1!
1*
10

#112360000
0!
0*

#112370000
1!
b1001 &
1*
b1001 /
00

#112380000
0!
0*

#112390000
1!
1*
10

#112400000
0!
0*

#112410000
1!
b101 %
b0 &
1*
b101 .
b0 /
00

#112420000
0!
0*

#112430000
1!
1*
10

#112440000
0!
0*

#112450000
1!
b1 &
1*
b1 /
00

#112460000
0!
0*

#112470000
1!
1*
10

#112480000
0!
0*

#112490000
1!
b10 &
1*
b10 /
00

#112500000
0!
0*

#112510000
1!
1*
10

#112520000
0!
0*

#112530000
1!
b11 &
1*
b11 /
00

#112540000
0!
0*

#112550000
1!
1*
10

#112560000
0!
0*

#112570000
1!
b100 &
1*
b100 /
00

#112580000
0!
0*

#112590000
1!
1*
10

#112600000
0!
0*

#112610000
1!
b101 &
1*
b101 /
00

#112620000
0!
0*

#112630000
1!
1*
10

#112640000
0!
0*

#112650000
1!
b110 &
1*
b110 /
00

#112660000
0!
0*

#112670000
1!
1*
10

#112680000
0!
0*

#112690000
1!
b111 &
1*
b111 /
00

#112700000
0!
0*

#112710000
1!
1*
10

#112720000
0!
0*

#112730000
1!
b1000 &
1*
b1000 /
00

#112740000
0!
0*

#112750000
1!
1*
10

#112760000
0!
0*

#112770000
1!
b1001 &
1*
b1001 /
00

#112780000
0!
0*

#112790000
1!
1*
10

#112800000
0!
0*

#112810000
1!
b111 $
b0 %
b0 &
1*
b111 -
b0 .
b0 /
00

#112820000
0!
0*

#112830000
1!
1*
10

#112840000
0!
0*

#112850000
1!
b1 &
1*
b1 /
00

#112860000
0!
0*

#112870000
1!
1*
10

#112880000
0!
0*

#112890000
1!
b10 &
1*
b10 /
00

#112900000
0!
0*

#112910000
1!
1*
10

#112920000
0!
0*

#112930000
1!
b11 &
1*
b11 /
00

#112940000
0!
0*

#112950000
1!
1*
10

#112960000
0!
0*

#112970000
1!
b100 &
1*
b100 /
00

#112980000
0!
0*

#112990000
1!
1*
10

#113000000
0!
0*

#113010000
1!
b101 &
1*
b101 /
00

#113020000
0!
0*

#113030000
1!
1*
10

#113040000
0!
0*

#113050000
1!
b110 &
1*
b110 /
00

#113060000
0!
0*

#113070000
1!
1*
10

#113080000
0!
0*

#113090000
1!
b111 &
1*
b111 /
00

#113100000
0!
0*

#113110000
1!
1*
10

#113120000
0!
0*

#113130000
1!
b1000 &
1*
b1000 /
00

#113140000
0!
0*

#113150000
1!
1*
10

#113160000
0!
0*

#113170000
1!
b1001 &
1*
b1001 /
00

#113180000
0!
0*

#113190000
1!
1*
10

#113200000
0!
0*

#113210000
1!
b1 %
b0 &
1*
b1 .
b0 /
00

#113220000
0!
0*

#113230000
1!
1*
10

#113240000
0!
0*

#113250000
1!
b1 &
1*
b1 /
00

#113260000
0!
0*

#113270000
1!
1*
10

#113280000
0!
0*

#113290000
1!
b10 &
1*
b10 /
00

#113300000
0!
0*

#113310000
1!
1*
10

#113320000
0!
0*

#113330000
1!
b11 &
1*
b11 /
00

#113340000
0!
0*

#113350000
1!
1*
10

#113360000
0!
0*

#113370000
1!
b100 &
1*
b100 /
00

#113380000
0!
0*

#113390000
1!
1*
10

#113400000
0!
0*

#113410000
1!
b101 &
1*
b101 /
00

#113420000
0!
0*

#113430000
1!
1*
10

#113440000
0!
0*

#113450000
1!
b110 &
1*
b110 /
00

#113460000
0!
0*

#113470000
1!
1*
10

#113480000
0!
0*

#113490000
1!
b111 &
1*
b111 /
00

#113500000
0!
0*

#113510000
1!
1*
10

#113520000
0!
0*

#113530000
1!
b1000 &
1*
b1000 /
00

#113540000
0!
0*

#113550000
1!
1*
10

#113560000
0!
0*

#113570000
1!
b1001 &
1*
b1001 /
00

#113580000
0!
0*

#113590000
1!
1*
10

#113600000
0!
0*

#113610000
1!
b10 %
b0 &
1*
b10 .
b0 /
00

#113620000
0!
0*

#113630000
1!
1*
10

#113640000
0!
0*

#113650000
1!
b1 &
1*
b1 /
00

#113660000
0!
0*

#113670000
1!
1*
10

#113680000
0!
0*

#113690000
1!
b10 &
1*
b10 /
00

#113700000
0!
0*

#113710000
1!
1*
10

#113720000
0!
0*

#113730000
1!
b11 &
1*
b11 /
00

#113740000
0!
0*

#113750000
1!
1*
10

#113760000
0!
0*

#113770000
1!
b100 &
1*
b100 /
00

#113780000
0!
0*

#113790000
1!
1*
10

#113800000
0!
0*

#113810000
1!
b101 &
1*
b101 /
00

#113820000
0!
0*

#113830000
1!
1*
10

#113840000
0!
0*

#113850000
1!
b110 &
1*
b110 /
00

#113860000
0!
0*

#113870000
1!
1*
10

#113880000
0!
0*

#113890000
1!
b111 &
1*
b111 /
00

#113900000
0!
0*

#113910000
1!
1*
10

#113920000
0!
0*

#113930000
1!
b1000 &
1*
b1000 /
00

#113940000
0!
0*

#113950000
1!
1*
10

#113960000
0!
0*

#113970000
1!
b1001 &
1*
b1001 /
00

#113980000
0!
0*

#113990000
1!
1*
10

#114000000
0!
0*

#114010000
1!
b11 %
b0 &
1*
b11 .
b0 /
00

#114020000
0!
0*

#114030000
1!
1*
10

#114040000
0!
0*

#114050000
1!
b1 &
1*
b1 /
00

#114060000
0!
0*

#114070000
1!
1*
10

#114080000
0!
0*

#114090000
1!
b10 &
1*
b10 /
00

#114100000
0!
0*

#114110000
1!
1*
10

#114120000
0!
0*

#114130000
1!
b11 &
1*
b11 /
00

#114140000
0!
0*

#114150000
1!
1*
10

#114160000
0!
0*

#114170000
1!
b100 &
1*
b100 /
00

#114180000
0!
0*

#114190000
1!
1*
10

#114200000
0!
0*

#114210000
1!
b101 &
1*
b101 /
00

#114220000
0!
0*

#114230000
1!
1*
10

#114240000
0!
0*

#114250000
1!
b110 &
1*
b110 /
00

#114260000
0!
0*

#114270000
1!
1*
10

#114280000
0!
0*

#114290000
1!
b111 &
1*
b111 /
00

#114300000
0!
0*

#114310000
1!
1*
10

#114320000
0!
0*

#114330000
1!
b1000 &
1*
b1000 /
00

#114340000
0!
0*

#114350000
1!
1*
10

#114360000
0!
0*

#114370000
1!
b1001 &
1*
b1001 /
00

#114380000
0!
0*

#114390000
1!
1*
10

#114400000
0!
0*

#114410000
1!
b100 %
b0 &
1*
b100 .
b0 /
00

#114420000
0!
0*

#114430000
1!
1*
10

#114440000
0!
0*

#114450000
1!
b1 &
1*
b1 /
00

#114460000
0!
0*

#114470000
1!
1*
10

#114480000
0!
0*

#114490000
1!
b10 &
1*
b10 /
00

#114500000
0!
0*

#114510000
1!
1*
10

#114520000
0!
0*

#114530000
1!
b11 &
1*
b11 /
00

#114540000
0!
0*

#114550000
1!
1*
10

#114560000
0!
0*

#114570000
1!
b100 &
1*
b100 /
00

#114580000
0!
0*

#114590000
1!
1*
10

#114600000
0!
0*

#114610000
1!
b101 &
1*
b101 /
00

#114620000
0!
0*

#114630000
1!
1*
10

#114640000
0!
0*

#114650000
1!
b110 &
1*
b110 /
00

#114660000
0!
0*

#114670000
1!
1*
10

#114680000
0!
0*

#114690000
1!
b111 &
1*
b111 /
00

#114700000
0!
0*

#114710000
1!
1*
10

#114720000
0!
0*

#114730000
1!
b1000 &
1*
b1000 /
00

#114740000
0!
0*

#114750000
1!
1*
10

#114760000
0!
0*

#114770000
1!
b1001 &
1*
b1001 /
00

#114780000
0!
0*

#114790000
1!
1*
10

#114800000
0!
0*

#114810000
1!
b101 %
b0 &
1*
b101 .
b0 /
00

#114820000
0!
0*

#114830000
1!
1*
10

#114840000
0!
0*

#114850000
1!
b1 &
1*
b1 /
00

#114860000
0!
0*

#114870000
1!
1*
10

#114880000
0!
0*

#114890000
1!
b10 &
1*
b10 /
00

#114900000
0!
0*

#114910000
1!
1*
10

#114920000
0!
0*

#114930000
1!
b11 &
1*
b11 /
00

#114940000
0!
0*

#114950000
1!
1*
10

#114960000
0!
0*

#114970000
1!
b100 &
1*
b100 /
00

#114980000
0!
0*

#114990000
1!
1*
10

#115000000
0!
0*

#115010000
1!
b101 &
1*
b101 /
00

#115020000
0!
0*

#115030000
1!
1*
10

#115040000
0!
0*

#115050000
1!
b110 &
1*
b110 /
00

#115060000
0!
0*

#115070000
1!
1*
10

#115080000
0!
0*

#115090000
1!
b111 &
1*
b111 /
00

#115100000
0!
0*

#115110000
1!
1*
10

#115120000
0!
0*

#115130000
1!
b1000 &
1*
b1000 /
00

#115140000
0!
0*

#115150000
1!
1*
10

#115160000
0!
0*

#115170000
1!
b1001 &
1*
b1001 /
00

#115180000
0!
0*

#115190000
1!
1*
10

#115200000
0!
0*

#115210000
1!
b1000 $
b0 %
b0 &
1*
b1000 -
b0 .
b0 /
00

#115220000
0!
0*

#115230000
1!
1*
10

#115240000
0!
0*

#115250000
1!
b1 &
1*
b1 /
00

#115260000
0!
0*

#115270000
1!
1*
10

#115280000
0!
0*

#115290000
1!
b10 &
1*
b10 /
00

#115300000
0!
0*

#115310000
1!
1*
10

#115320000
0!
0*

#115330000
1!
b11 &
1*
b11 /
00

#115340000
0!
0*

#115350000
1!
1*
10

#115360000
0!
0*

#115370000
1!
b100 &
1*
b100 /
00

#115380000
0!
0*

#115390000
1!
1*
10

#115400000
0!
0*

#115410000
1!
b101 &
1*
b101 /
00

#115420000
0!
0*

#115430000
1!
1*
10

#115440000
0!
0*

#115450000
1!
b110 &
1*
b110 /
00

#115460000
0!
0*

#115470000
1!
1*
10

#115480000
0!
0*

#115490000
1!
b111 &
1*
b111 /
00

#115500000
0!
0*

#115510000
1!
1*
10

#115520000
0!
0*

#115530000
1!
b1000 &
1*
b1000 /
00

#115540000
0!
0*

#115550000
1!
1*
10

#115560000
0!
0*

#115570000
1!
b1001 &
1*
b1001 /
00

#115580000
0!
0*

#115590000
1!
1*
10

#115600000
0!
0*

#115610000
1!
b1 %
b0 &
1*
b1 .
b0 /
00

#115620000
0!
0*

#115630000
1!
1*
10

#115640000
0!
0*

#115650000
1!
b1 &
1*
b1 /
00

#115660000
0!
0*

#115670000
1!
1*
10

#115680000
0!
0*

#115690000
1!
b10 &
1*
b10 /
00

#115700000
0!
0*

#115710000
1!
1*
10

#115720000
0!
0*

#115730000
1!
b11 &
1*
b11 /
00

#115740000
0!
0*

#115750000
1!
1*
10

#115760000
0!
0*

#115770000
1!
b100 &
1*
b100 /
00

#115780000
0!
0*

#115790000
1!
1*
10

#115800000
0!
0*

#115810000
1!
b101 &
1*
b101 /
00

#115820000
0!
0*

#115830000
1!
1*
10

#115840000
0!
0*

#115850000
1!
b110 &
1*
b110 /
00

#115860000
0!
0*

#115870000
1!
1*
10

#115880000
0!
0*

#115890000
1!
b111 &
1*
b111 /
00

#115900000
0!
0*

#115910000
1!
1*
10

#115920000
0!
0*

#115930000
1!
b1000 &
1*
b1000 /
00

#115940000
0!
0*

#115950000
1!
1*
10

#115960000
0!
0*

#115970000
1!
b1001 &
1*
b1001 /
00

#115980000
0!
0*

#115990000
1!
1*
10

#116000000
0!
0*

#116010000
1!
b10 %
b0 &
1*
b10 .
b0 /
00

#116020000
0!
0*

#116030000
1!
1*
10

#116040000
0!
0*

#116050000
1!
b1 &
1*
b1 /
00

#116060000
0!
0*

#116070000
1!
1*
10

#116080000
0!
0*

#116090000
1!
b10 &
1*
b10 /
00

#116100000
0!
0*

#116110000
1!
1*
10

#116120000
0!
0*

#116130000
1!
b11 &
1*
b11 /
00

#116140000
0!
0*

#116150000
1!
1*
10

#116160000
0!
0*

#116170000
1!
b100 &
1*
b100 /
00

#116180000
0!
0*

#116190000
1!
1*
10

#116200000
0!
0*

#116210000
1!
b101 &
1*
b101 /
00

#116220000
0!
0*

#116230000
1!
1*
10

#116240000
0!
0*

#116250000
1!
b110 &
1*
b110 /
00

#116260000
0!
0*

#116270000
1!
1*
10

#116280000
0!
0*

#116290000
1!
b111 &
1*
b111 /
00

#116300000
0!
0*

#116310000
1!
1*
10

#116320000
0!
0*

#116330000
1!
b1000 &
1*
b1000 /
00

#116340000
0!
0*

#116350000
1!
1*
10

#116360000
0!
0*

#116370000
1!
b1001 &
1*
b1001 /
00

#116380000
0!
0*

#116390000
1!
1*
10

#116400000
0!
0*

#116410000
1!
b11 %
b0 &
1*
b11 .
b0 /
00

#116420000
0!
0*

#116430000
1!
1*
10

#116440000
0!
0*

#116450000
1!
b1 &
1*
b1 /
00

#116460000
0!
0*

#116470000
1!
1*
10

#116480000
0!
0*

#116490000
1!
b10 &
1*
b10 /
00

#116500000
0!
0*

#116510000
1!
1*
10

#116520000
0!
0*

#116530000
1!
b11 &
1*
b11 /
00

#116540000
0!
0*

#116550000
1!
1*
10

#116560000
0!
0*

#116570000
1!
b100 &
1*
b100 /
00

#116580000
0!
0*

#116590000
1!
1*
10

#116600000
0!
0*

#116610000
1!
b101 &
1*
b101 /
00

#116620000
0!
0*

#116630000
1!
1*
10

#116640000
0!
0*

#116650000
1!
b110 &
1*
b110 /
00

#116660000
0!
0*

#116670000
1!
1*
10

#116680000
0!
0*

#116690000
1!
b111 &
1*
b111 /
00

#116700000
0!
0*

#116710000
1!
1*
10

#116720000
0!
0*

#116730000
1!
b1000 &
1*
b1000 /
00

#116740000
0!
0*

#116750000
1!
1*
10

#116760000
0!
0*

#116770000
1!
b1001 &
1*
b1001 /
00

#116780000
0!
0*

#116790000
1!
1*
10

#116800000
0!
0*

#116810000
1!
b100 %
b0 &
1*
b100 .
b0 /
00

#116820000
0!
0*

#116830000
1!
1*
10

#116840000
0!
0*

#116850000
1!
b1 &
1*
b1 /
00

#116860000
0!
0*

#116870000
1!
1*
10

#116880000
0!
0*

#116890000
1!
b10 &
1*
b10 /
00

#116900000
0!
0*

#116910000
1!
1*
10

#116920000
0!
0*

#116930000
1!
b11 &
1*
b11 /
00

#116940000
0!
0*

#116950000
1!
1*
10

#116960000
0!
0*

#116970000
1!
b100 &
1*
b100 /
00

#116980000
0!
0*

#116990000
1!
1*
10

#117000000
0!
0*

#117010000
1!
b101 &
1*
b101 /
00

#117020000
0!
0*

#117030000
1!
1*
10

#117040000
0!
0*

#117050000
1!
b110 &
1*
b110 /
00

#117060000
0!
0*

#117070000
1!
1*
10

#117080000
0!
0*

#117090000
1!
b111 &
1*
b111 /
00

#117100000
0!
0*

#117110000
1!
1*
10

#117120000
0!
0*

#117130000
1!
b1000 &
1*
b1000 /
00

#117140000
0!
0*

#117150000
1!
1*
10

#117160000
0!
0*

#117170000
1!
b1001 &
1*
b1001 /
00

#117180000
0!
0*

#117190000
1!
1*
10

#117200000
0!
0*

#117210000
1!
b101 %
b0 &
1*
b101 .
b0 /
00

#117220000
0!
0*

#117230000
1!
1*
10

#117240000
0!
0*

#117250000
1!
b1 &
1*
b1 /
00

#117260000
0!
0*

#117270000
1!
1*
10

#117280000
0!
0*

#117290000
1!
b10 &
1*
b10 /
00

#117300000
0!
0*

#117310000
1!
1*
10

#117320000
0!
0*

#117330000
1!
b11 &
1*
b11 /
00

#117340000
0!
0*

#117350000
1!
1*
10

#117360000
0!
0*

#117370000
1!
b100 &
1*
b100 /
00

#117380000
0!
0*

#117390000
1!
1*
10

#117400000
0!
0*

#117410000
1!
b101 &
1*
b101 /
00

#117420000
0!
0*

#117430000
1!
1*
10

#117440000
0!
0*

#117450000
1!
b110 &
1*
b110 /
00

#117460000
0!
0*

#117470000
1!
1*
10

#117480000
0!
0*

#117490000
1!
b111 &
1*
b111 /
00

#117500000
0!
0*

#117510000
1!
1*
10

#117520000
0!
0*

#117530000
1!
b1000 &
1*
b1000 /
00

#117540000
0!
0*

#117550000
1!
1*
10

#117560000
0!
0*

#117570000
1!
b1001 &
1*
b1001 /
00

#117580000
0!
0*

#117590000
1!
1*
10

#117600000
0!
0*

#117610000
1!
b1001 $
b0 %
b0 &
1*
b1001 -
b0 .
b0 /
00

#117620000
0!
0*

#117630000
1!
1*
10

#117640000
0!
0*

#117650000
1!
b1 &
1*
b1 /
00

#117660000
0!
0*

#117670000
1!
1*
10

#117680000
0!
0*

#117690000
1!
b10 &
1*
b10 /
00

#117700000
0!
0*

#117710000
1!
1*
10

#117720000
0!
0*

#117730000
1!
b11 &
1*
b11 /
00

#117740000
0!
0*

#117750000
1!
1*
10

#117760000
0!
0*

#117770000
1!
b100 &
1*
b100 /
00

#117780000
0!
0*

#117790000
1!
1*
10

#117800000
0!
0*

#117810000
1!
b101 &
1*
b101 /
00

#117820000
0!
0*

#117830000
1!
1*
10

#117840000
0!
0*

#117850000
1!
b110 &
1*
b110 /
00

#117860000
0!
0*

#117870000
1!
1*
10

#117880000
0!
0*

#117890000
1!
b111 &
1*
b111 /
00

#117900000
0!
0*

#117910000
1!
1*
10

#117920000
0!
0*

#117930000
1!
b1000 &
1*
b1000 /
00

#117940000
0!
0*

#117950000
1!
1*
10

#117960000
0!
0*

#117970000
1!
b1001 &
1*
b1001 /
00

#117980000
0!
0*

#117990000
1!
1*
10

#118000000
0!
0*

#118010000
1!
b1 %
b0 &
1*
b1 .
b0 /
00

#118020000
0!
0*

#118030000
1!
1*
10

#118040000
0!
0*

#118050000
1!
b1 &
1*
b1 /
00

#118060000
0!
0*

#118070000
1!
1*
10

#118080000
0!
0*

#118090000
1!
b10 &
1*
b10 /
00

#118100000
0!
0*

#118110000
1!
1*
10

#118120000
0!
0*

#118130000
1!
b11 &
1*
b11 /
00

#118140000
0!
0*

#118150000
1!
1*
10

#118160000
0!
0*

#118170000
1!
b100 &
1*
b100 /
00

#118180000
0!
0*

#118190000
1!
1*
10

#118200000
0!
0*

#118210000
1!
b101 &
1*
b101 /
00

#118220000
0!
0*

#118230000
1!
1*
10

#118240000
0!
0*

#118250000
1!
b110 &
1*
b110 /
00

#118260000
0!
0*

#118270000
1!
1*
10

#118280000
0!
0*

#118290000
1!
b111 &
1*
b111 /
00

#118300000
0!
0*

#118310000
1!
1*
10

#118320000
0!
0*

#118330000
1!
b1000 &
1*
b1000 /
00

#118340000
0!
0*

#118350000
1!
1*
10

#118360000
0!
0*

#118370000
1!
b1001 &
1*
b1001 /
00

#118380000
0!
0*

#118390000
1!
1*
10

#118400000
0!
0*

#118410000
1!
b10 %
b0 &
1*
b10 .
b0 /
00

#118420000
0!
0*

#118430000
1!
1*
10

#118440000
0!
0*

#118450000
1!
b1 &
1*
b1 /
00

#118460000
0!
0*

#118470000
1!
1*
10

#118480000
0!
0*

#118490000
1!
b10 &
1*
b10 /
00

#118500000
0!
0*

#118510000
1!
1*
10

#118520000
0!
0*

#118530000
1!
b11 &
1*
b11 /
00

#118540000
0!
0*

#118550000
1!
1*
10

#118560000
0!
0*

#118570000
1!
b100 &
1*
b100 /
00

#118580000
0!
0*

#118590000
1!
1*
10

#118600000
0!
0*

#118610000
1!
b101 &
1*
b101 /
00

#118620000
0!
0*

#118630000
1!
1*
10

#118640000
0!
0*

#118650000
1!
b110 &
1*
b110 /
00

#118660000
0!
0*

#118670000
1!
1*
10

#118680000
0!
0*

#118690000
1!
b111 &
1*
b111 /
00

#118700000
0!
0*

#118710000
1!
1*
10

#118720000
0!
0*

#118730000
1!
b1000 &
1*
b1000 /
00

#118740000
0!
0*

#118750000
1!
1*
10

#118760000
0!
0*

#118770000
1!
b1001 &
1*
b1001 /
00

#118780000
0!
0*

#118790000
1!
1*
10

#118800000
0!
0*

#118810000
1!
b11 %
b0 &
1*
b11 .
b0 /
00

#118820000
0!
0*

#118830000
1!
1*
10

#118840000
0!
0*

#118850000
1!
b1 &
1*
b1 /
00

#118860000
0!
0*

#118870000
1!
1*
10

#118880000
0!
0*

#118890000
1!
b10 &
1*
b10 /
00

#118900000
0!
0*

#118910000
1!
1*
10

#118920000
0!
0*

#118930000
1!
b11 &
1*
b11 /
00

#118940000
0!
0*

#118950000
1!
1*
10

#118960000
0!
0*

#118970000
1!
b100 &
1*
b100 /
00

#118980000
0!
0*

#118990000
1!
1*
10

#119000000
0!
0*

#119010000
1!
b101 &
1*
b101 /
00

#119020000
0!
0*

#119030000
1!
1*
10

#119040000
0!
0*

#119050000
1!
b110 &
1*
b110 /
00

#119060000
0!
0*

#119070000
1!
1*
10

#119080000
0!
0*

#119090000
1!
b111 &
1*
b111 /
00

#119100000
0!
0*

#119110000
1!
1*
10

#119120000
0!
0*

#119130000
1!
b1000 &
1*
b1000 /
00

#119140000
0!
0*

#119150000
1!
1*
10

#119160000
0!
0*

#119170000
1!
b1001 &
1*
b1001 /
00

#119180000
0!
0*

#119190000
1!
1*
10

#119200000
0!
0*

#119210000
1!
b100 %
b0 &
1*
b100 .
b0 /
00

#119220000
0!
0*

#119230000
1!
1*
10

#119240000
0!
0*

#119250000
1!
b1 &
1*
b1 /
00

#119260000
0!
0*

#119270000
1!
1*
10

#119280000
0!
0*

#119290000
1!
b10 &
1*
b10 /
00

#119300000
0!
0*

#119310000
1!
1*
10

#119320000
0!
0*

#119330000
1!
b11 &
1*
b11 /
00

#119340000
0!
0*

#119350000
1!
1*
10

#119360000
0!
0*

#119370000
1!
b100 &
1*
b100 /
00

#119380000
0!
0*

#119390000
1!
1*
10

#119400000
0!
0*

#119410000
1!
b101 &
1*
b101 /
00

#119420000
0!
0*

#119430000
1!
1*
10

#119440000
0!
0*

#119450000
1!
b110 &
1*
b110 /
00

#119460000
0!
0*

#119470000
1!
1*
10

#119480000
0!
0*

#119490000
1!
b111 &
1*
b111 /
00

#119500000
0!
0*

#119510000
1!
1*
10

#119520000
0!
0*

#119530000
1!
b1000 &
1*
b1000 /
00

#119540000
0!
0*

#119550000
1!
1*
10

#119560000
0!
0*

#119570000
1!
b1001 &
1*
b1001 /
00

#119580000
0!
0*

#119590000
1!
1*
10

#119600000
0!
0*

#119610000
1!
b101 %
b0 &
1*
b101 .
b0 /
00

#119620000
0!
0*

#119630000
1!
1*
10

#119640000
0!
0*

#119650000
1!
b1 &
1*
b1 /
00

#119660000
0!
0*

#119670000
1!
1*
10

#119680000
0!
0*

#119690000
1!
b10 &
1*
b10 /
00

#119700000
0!
0*

#119710000
1!
1*
10

#119720000
0!
0*

#119730000
1!
b11 &
1*
b11 /
00

#119740000
0!
0*

#119750000
1!
1*
10

#119760000
0!
0*

#119770000
1!
b100 &
1*
b100 /
00

#119780000
0!
0*

#119790000
1!
1*
10

#119800000
0!
0*

#119810000
1!
b101 &
1*
b101 /
00

#119820000
0!
0*

#119830000
1!
1*
10

#119840000
0!
0*

#119850000
1!
b110 &
1*
b110 /
00

#119860000
0!
0*

#119870000
1!
1*
10

#119880000
0!
0*

#119890000
1!
b111 &
1*
b111 /
00

#119900000
0!
0*

#119910000
1!
1*
10

#119920000
0!
0*

#119930000
1!
b1000 &
1*
b1000 /
00

#119940000
0!
0*

#119950000
1!
1*
10

#119960000
0!
0*

#119970000
1!
b1001 &
1*
b1001 /
00

#119980000
0!
0*

#119990000
1!
1*
10

#120000000
0!
0*

#120010000
1!
b101 #
b0 $
b0 %
b0 &
1*
b101 ,
b0 -
b0 .
b0 /
00

#120020000
0!
0*

#120030000
1!
1*
10

#120040000
0!
0*

#120050000
1!
b1 &
1*
b1 /
00

#120060000
0!
0*

#120070000
1!
1*
10

#120080000
0!
0*

#120090000
1!
b10 &
1*
b10 /
00

#120100000
0!
0*

#120110000
1!
1*
10

#120120000
0!
0*

#120130000
1!
b11 &
1*
b11 /
00

#120140000
0!
0*

#120150000
1!
1*
10

#120160000
0!
0*

#120170000
1!
b100 &
1*
b100 /
00

#120180000
0!
0*

#120190000
1!
1*
10

#120200000
0!
0*

#120210000
1!
b101 &
1*
b101 /
00

#120220000
0!
0*

#120230000
1!
1*
10

#120240000
0!
0*

#120250000
1!
b110 &
1*
b110 /
00

#120260000
0!
0*

#120270000
1!
1*
10

#120280000
0!
0*

#120290000
1!
b111 &
1*
b111 /
00

#120300000
0!
0*

#120310000
1!
1*
10

#120320000
0!
0*

#120330000
1!
b1000 &
1*
b1000 /
00

#120340000
0!
0*

#120350000
1!
1*
10

#120360000
0!
0*

#120370000
1!
b1001 &
1*
b1001 /
00

#120380000
0!
0*

#120390000
1!
1*
10

#120400000
0!
0*

#120410000
1!
b1 %
b0 &
1*
b1 .
b0 /
00

#120420000
0!
0*

#120430000
1!
1*
10

#120440000
0!
0*

#120450000
1!
b1 &
1*
b1 /
00

#120460000
0!
0*

#120470000
1!
1*
10

#120480000
0!
0*

#120490000
1!
b10 &
1*
b10 /
00

#120500000
0!
0*

#120510000
1!
1*
10

#120520000
0!
0*

#120530000
1!
b11 &
1*
b11 /
00

#120540000
0!
0*

#120550000
1!
1*
10

#120560000
0!
0*

#120570000
1!
b100 &
1*
b100 /
00

#120580000
0!
0*

#120590000
1!
1*
10

#120600000
0!
0*

#120610000
1!
b101 &
1*
b101 /
00

#120620000
0!
0*

#120630000
1!
1*
10

#120640000
0!
0*

#120650000
1!
b110 &
1*
b110 /
00

#120660000
0!
0*

#120670000
1!
1*
10

#120680000
0!
0*

#120690000
1!
b111 &
1*
b111 /
00

#120700000
0!
0*

#120710000
1!
1*
10

#120720000
0!
0*

#120730000
1!
b1000 &
1*
b1000 /
00

#120740000
0!
0*

#120750000
1!
1*
10

#120760000
0!
0*

#120770000
1!
b1001 &
1*
b1001 /
00

#120780000
0!
0*

#120790000
1!
1*
10

#120800000
0!
0*

#120810000
1!
b10 %
b0 &
1*
b10 .
b0 /
00

#120820000
0!
0*

#120830000
1!
1*
10

#120840000
0!
0*

#120850000
1!
b1 &
1*
b1 /
00

#120860000
0!
0*

#120870000
1!
1*
10

#120880000
0!
0*

#120890000
1!
b10 &
1*
b10 /
00

#120900000
0!
0*

#120910000
1!
1*
10

#120920000
0!
0*

#120930000
1!
b11 &
1*
b11 /
00

#120940000
0!
0*

#120950000
1!
1*
10

#120960000
0!
0*

#120970000
1!
b100 &
1*
b100 /
00

#120980000
0!
0*

#120990000
1!
1*
10

#121000000
0!
0*

#121010000
1!
b101 &
1*
b101 /
00

#121020000
0!
0*

#121030000
1!
1*
10

#121040000
0!
0*

#121050000
1!
b110 &
1*
b110 /
00

#121060000
0!
0*

#121070000
1!
1*
10

#121080000
0!
0*

#121090000
1!
b111 &
1*
b111 /
00

#121100000
0!
0*

#121110000
1!
1*
10

#121120000
0!
0*

#121130000
1!
b1000 &
1*
b1000 /
00

#121140000
0!
0*

#121150000
1!
1*
10

#121160000
0!
0*

#121170000
1!
b1001 &
1*
b1001 /
00

#121180000
0!
0*

#121190000
1!
1*
10

#121200000
0!
0*

#121210000
1!
b11 %
b0 &
1*
b11 .
b0 /
00

#121220000
0!
0*

#121230000
1!
1*
10

#121240000
0!
0*

#121250000
1!
b1 &
1*
b1 /
00

#121260000
0!
0*

#121270000
1!
1*
10

#121280000
0!
0*

#121290000
1!
b10 &
1*
b10 /
00

#121300000
0!
0*

#121310000
1!
1*
10

#121320000
0!
0*

#121330000
1!
b11 &
1*
b11 /
00

#121340000
0!
0*

#121350000
1!
1*
10

#121360000
0!
0*

#121370000
1!
b100 &
1*
b100 /
00

#121380000
0!
0*

#121390000
1!
1*
10

#121400000
0!
0*

#121410000
1!
b101 &
1*
b101 /
00

#121420000
0!
0*

#121430000
1!
1*
10

#121440000
0!
0*

#121450000
1!
b110 &
1*
b110 /
00

#121460000
0!
0*

#121470000
1!
1*
10

#121480000
0!
0*

#121490000
1!
b111 &
1*
b111 /
00

#121500000
0!
0*

#121510000
1!
1*
10

#121520000
0!
0*

#121530000
1!
b1000 &
1*
b1000 /
00

#121540000
0!
0*

#121550000
1!
1*
10

#121560000
0!
0*

#121570000
1!
b1001 &
1*
b1001 /
00

#121580000
0!
0*

#121590000
1!
1*
10

#121600000
0!
0*

#121610000
1!
b100 %
b0 &
1*
b100 .
b0 /
00

#121620000
0!
0*

#121630000
1!
1*
10

#121640000
0!
0*

#121650000
1!
b1 &
1*
b1 /
00

#121660000
0!
0*

#121670000
1!
1*
10

#121680000
0!
0*

#121690000
1!
b10 &
1*
b10 /
00

#121700000
0!
0*

#121710000
1!
1*
10

#121720000
0!
0*

#121730000
1!
b11 &
1*
b11 /
00

#121740000
0!
0*

#121750000
1!
1*
10

#121760000
0!
0*

#121770000
1!
b100 &
1*
b100 /
00

#121780000
0!
0*

#121790000
1!
1*
10

#121800000
0!
0*

#121810000
1!
b101 &
1*
b101 /
00

#121820000
0!
0*

#121830000
1!
1*
10

#121840000
0!
0*

#121850000
1!
b110 &
1*
b110 /
00

#121860000
0!
0*

#121870000
1!
1*
10

#121880000
0!
0*

#121890000
1!
b111 &
1*
b111 /
00

#121900000
0!
0*

#121910000
1!
1*
10

#121920000
0!
0*

#121930000
1!
b1000 &
1*
b1000 /
00

#121940000
0!
0*

#121950000
1!
1*
10

#121960000
0!
0*

#121970000
1!
b1001 &
1*
b1001 /
00

#121980000
0!
0*

#121990000
1!
1*
10

#122000000
0!
0*

#122010000
1!
b101 %
b0 &
1*
b101 .
b0 /
00

#122020000
0!
0*

#122030000
1!
1*
10

#122040000
0!
0*

#122050000
1!
b1 &
1*
b1 /
00

#122060000
0!
0*

#122070000
1!
1*
10

#122080000
0!
0*

#122090000
1!
b10 &
1*
b10 /
00

#122100000
0!
0*

#122110000
1!
1*
10

#122120000
0!
0*

#122130000
1!
b11 &
1*
b11 /
00

#122140000
0!
0*

#122150000
1!
1*
10

#122160000
0!
0*

#122170000
1!
b100 &
1*
b100 /
00

#122180000
0!
0*

#122190000
1!
1*
10

#122200000
0!
0*

#122210000
1!
b101 &
1*
b101 /
00

#122220000
0!
0*

#122230000
1!
1*
10

#122240000
0!
0*

#122250000
1!
b110 &
1*
b110 /
00

#122260000
0!
0*

#122270000
1!
1*
10

#122280000
0!
0*

#122290000
1!
b111 &
1*
b111 /
00

#122300000
0!
0*

#122310000
1!
1*
10

#122320000
0!
0*

#122330000
1!
b1000 &
1*
b1000 /
00

#122340000
0!
0*

#122350000
1!
1*
10

#122360000
0!
0*

#122370000
1!
b1001 &
1*
b1001 /
00

#122380000
0!
0*

#122390000
1!
1*
10

#122400000
0!
0*

#122410000
1!
b1 $
b0 %
b0 &
1*
b1 -
b0 .
b0 /
00

#122420000
0!
0*

#122430000
1!
1*
10

#122440000
0!
0*

#122450000
1!
b1 &
1*
b1 /
00

#122460000
0!
0*

#122470000
1!
1*
10

#122480000
0!
0*

#122490000
1!
b10 &
1*
b10 /
00

#122500000
0!
0*

#122510000
1!
1*
10

#122520000
0!
0*

#122530000
1!
b11 &
1*
b11 /
00

#122540000
0!
0*

#122550000
1!
1*
10

#122560000
0!
0*

#122570000
1!
b100 &
1*
b100 /
00

#122580000
0!
0*

#122590000
1!
1*
10

#122600000
0!
0*

#122610000
1!
b101 &
1*
b101 /
00

#122620000
0!
0*

#122630000
1!
1*
10

#122640000
0!
0*

#122650000
1!
b110 &
1*
b110 /
00

#122660000
0!
0*

#122670000
1!
1*
10

#122680000
0!
0*

#122690000
1!
b111 &
1*
b111 /
00

#122700000
0!
0*

#122710000
1!
1*
10

#122720000
0!
0*

#122730000
1!
b1000 &
1*
b1000 /
00

#122740000
0!
0*

#122750000
1!
1*
10

#122760000
0!
0*

#122770000
1!
b1001 &
1*
b1001 /
00

#122780000
0!
0*

#122790000
1!
1*
10

#122800000
0!
0*

#122810000
1!
b1 %
b0 &
1*
b1 .
b0 /
00

#122820000
0!
0*

#122830000
1!
1*
10

#122840000
0!
0*

#122850000
1!
b1 &
1*
b1 /
00

#122860000
0!
0*

#122870000
1!
1*
10

#122880000
0!
0*

#122890000
1!
b10 &
1*
b10 /
00

#122900000
0!
0*

#122910000
1!
1*
10

#122920000
0!
0*

#122930000
1!
b11 &
1*
b11 /
00

#122940000
0!
0*

#122950000
1!
1*
10

#122960000
0!
0*

#122970000
1!
b100 &
1*
b100 /
00

#122980000
0!
0*

#122990000
1!
1*
10

#123000000
0!
0*

#123010000
1!
b101 &
1*
b101 /
00

#123020000
0!
0*

#123030000
1!
1*
10

#123040000
0!
0*

#123050000
1!
b110 &
1*
b110 /
00

#123060000
0!
0*

#123070000
1!
1*
10

#123080000
0!
0*

#123090000
1!
b111 &
1*
b111 /
00

#123100000
0!
0*

#123110000
1!
1*
10

#123120000
0!
0*

#123130000
1!
b1000 &
1*
b1000 /
00

#123140000
0!
0*

#123150000
1!
1*
10

#123160000
0!
0*

#123170000
1!
b1001 &
1*
b1001 /
00

#123180000
0!
0*

#123190000
1!
1*
10

#123200000
0!
0*

#123210000
1!
b10 %
b0 &
1*
b10 .
b0 /
00

#123220000
0!
0*

#123230000
1!
1*
10

#123240000
0!
0*

#123250000
1!
b1 &
1*
b1 /
00

#123260000
0!
0*

#123270000
1!
1*
10

#123280000
0!
0*

#123290000
1!
b10 &
1*
b10 /
00

#123300000
0!
0*

#123310000
1!
1*
10

#123320000
0!
0*

#123330000
1!
b11 &
1*
b11 /
00

#123340000
0!
0*

#123350000
1!
1*
10

#123360000
0!
0*

#123370000
1!
b100 &
1*
b100 /
00

#123380000
0!
0*

#123390000
1!
1*
10

#123400000
0!
0*

#123410000
1!
b101 &
1*
b101 /
00

#123420000
0!
0*

#123430000
1!
1*
10

#123440000
0!
0*

#123450000
1!
b110 &
1*
b110 /
00

#123460000
0!
0*

#123470000
1!
1*
10

#123480000
0!
0*

#123490000
1!
b111 &
1*
b111 /
00

#123500000
0!
0*

#123510000
1!
1*
10

#123520000
0!
0*

#123530000
1!
b1000 &
1*
b1000 /
00

#123540000
0!
0*

#123550000
1!
1*
10

#123560000
0!
0*

#123570000
1!
b1001 &
1*
b1001 /
00

#123580000
0!
0*

#123590000
1!
1*
10

#123600000
0!
0*

#123610000
1!
b11 %
b0 &
1*
b11 .
b0 /
00

#123620000
0!
0*

#123630000
1!
1*
10

#123640000
0!
0*

#123650000
1!
b1 &
1*
b1 /
00

#123660000
0!
0*

#123670000
1!
1*
10

#123680000
0!
0*

#123690000
1!
b10 &
1*
b10 /
00

#123700000
0!
0*

#123710000
1!
1*
10

#123720000
0!
0*

#123730000
1!
b11 &
1*
b11 /
00

#123740000
0!
0*

#123750000
1!
1*
10

#123760000
0!
0*

#123770000
1!
b100 &
1*
b100 /
00

#123780000
0!
0*

#123790000
1!
1*
10

#123800000
0!
0*

#123810000
1!
b101 &
1*
b101 /
00

#123820000
0!
0*

#123830000
1!
1*
10

#123840000
0!
0*

#123850000
1!
b110 &
1*
b110 /
00

#123860000
0!
0*

#123870000
1!
1*
10

#123880000
0!
0*

#123890000
1!
b111 &
1*
b111 /
00

#123900000
0!
0*

#123910000
1!
1*
10

#123920000
0!
0*

#123930000
1!
b1000 &
1*
b1000 /
00

#123940000
0!
0*

#123950000
1!
1*
10

#123960000
0!
0*

#123970000
1!
b1001 &
1*
b1001 /
00

#123980000
0!
0*

#123990000
1!
1*
10

#124000000
0!
0*

#124010000
1!
b100 %
b0 &
1*
b100 .
b0 /
00

#124020000
0!
0*

#124030000
1!
1*
10

#124040000
0!
0*

#124050000
1!
b1 &
1*
b1 /
00

#124060000
0!
0*

#124070000
1!
1*
10

#124080000
0!
0*

#124090000
1!
b10 &
1*
b10 /
00

#124100000
0!
0*

#124110000
1!
1*
10

#124120000
0!
0*

#124130000
1!
b11 &
1*
b11 /
00

#124140000
0!
0*

#124150000
1!
1*
10

#124160000
0!
0*

#124170000
1!
b100 &
1*
b100 /
00

#124180000
0!
0*

#124190000
1!
1*
10

#124200000
0!
0*

#124210000
1!
b101 &
1*
b101 /
00

#124220000
0!
0*

#124230000
1!
1*
10

#124240000
0!
0*

#124250000
1!
b110 &
1*
b110 /
00

#124260000
0!
0*

#124270000
1!
1*
10

#124280000
0!
0*

#124290000
1!
b111 &
1*
b111 /
00

#124300000
0!
0*

#124310000
1!
1*
10

#124320000
0!
0*

#124330000
1!
b1000 &
1*
b1000 /
00

#124340000
0!
0*

#124350000
1!
1*
10

#124360000
0!
0*

#124370000
1!
b1001 &
1*
b1001 /
00

#124380000
0!
0*

#124390000
1!
1*
10

#124400000
0!
0*

#124410000
1!
b101 %
b0 &
1*
b101 .
b0 /
00

#124420000
0!
0*

#124430000
1!
1*
10

#124440000
0!
0*

#124450000
1!
b1 &
1*
b1 /
00

#124460000
0!
0*

#124470000
1!
1*
10

#124480000
0!
0*

#124490000
1!
b10 &
1*
b10 /
00

#124500000
0!
0*

#124510000
1!
1*
10

#124520000
0!
0*

#124530000
1!
b11 &
1*
b11 /
00

#124540000
0!
0*

#124550000
1!
1*
10

#124560000
0!
0*

#124570000
1!
b100 &
1*
b100 /
00

#124580000
0!
0*

#124590000
1!
1*
10

#124600000
0!
0*

#124610000
1!
b101 &
1*
b101 /
00

#124620000
0!
0*

#124630000
1!
1*
10

#124640000
0!
0*

#124650000
1!
b110 &
1*
b110 /
00

#124660000
0!
0*

#124670000
1!
1*
10

#124680000
0!
0*

#124690000
1!
b111 &
1*
b111 /
00

#124700000
0!
0*

#124710000
1!
1*
10

#124720000
0!
0*

#124730000
1!
b1000 &
1*
b1000 /
00

#124740000
0!
0*

#124750000
1!
1*
10

#124760000
0!
0*

#124770000
1!
b1001 &
1*
b1001 /
00

#124780000
0!
0*

#124790000
1!
1*
10

#124800000
0!
0*

#124810000
1!
b10 $
b0 %
b0 &
1*
b10 -
b0 .
b0 /
00

#124820000
0!
0*

#124830000
1!
1*
10

#124840000
0!
0*

#124850000
1!
b1 &
1*
b1 /
00

#124860000
0!
0*

#124870000
1!
1*
10

#124880000
0!
0*

#124890000
1!
b10 &
1*
b10 /
00

#124900000
0!
0*

#124910000
1!
1*
10

#124920000
0!
0*

#124930000
1!
b11 &
1*
b11 /
00

#124940000
0!
0*

#124950000
1!
1*
10

#124960000
0!
0*

#124970000
1!
b100 &
1*
b100 /
00

#124980000
0!
0*

#124990000
1!
1*
10

#125000000
0!
0*

#125010000
1!
b101 &
1*
b101 /
00

#125020000
0!
0*

#125030000
1!
1*
10

#125040000
0!
0*

#125050000
1!
b110 &
1*
b110 /
00

#125060000
0!
0*

#125070000
1!
1*
10

#125080000
0!
0*

#125090000
1!
b111 &
1*
b111 /
00

#125100000
0!
0*

#125110000
1!
1*
10

#125120000
0!
0*

#125130000
1!
b1000 &
1*
b1000 /
00

#125140000
0!
0*

#125150000
1!
1*
10

#125160000
0!
0*

#125170000
1!
b1001 &
1*
b1001 /
00

#125180000
0!
0*

#125190000
1!
1*
10

#125200000
0!
0*

#125210000
1!
b1 %
b0 &
1*
b1 .
b0 /
00

#125220000
0!
0*

#125230000
1!
1*
10

#125240000
0!
0*

#125250000
1!
b1 &
1*
b1 /
00

#125260000
0!
0*

#125270000
1!
1*
10

#125280000
0!
0*

#125290000
1!
b10 &
1*
b10 /
00

#125300000
0!
0*

#125310000
1!
1*
10

#125320000
0!
0*

#125330000
1!
b11 &
1*
b11 /
00

#125340000
0!
0*

#125350000
1!
1*
10

#125360000
0!
0*

#125370000
1!
b100 &
1*
b100 /
00

#125380000
0!
0*

#125390000
1!
1*
10

#125400000
0!
0*

#125410000
1!
b101 &
1*
b101 /
00

#125420000
0!
0*

#125430000
1!
1*
10

#125440000
0!
0*

#125450000
1!
b110 &
1*
b110 /
00

#125460000
0!
0*

#125470000
1!
1*
10

#125480000
0!
0*

#125490000
1!
b111 &
1*
b111 /
00

#125500000
0!
0*

#125510000
1!
1*
10

#125520000
0!
0*

#125530000
1!
b1000 &
1*
b1000 /
00

#125540000
0!
0*

#125550000
1!
1*
10

#125560000
0!
0*

#125570000
1!
b1001 &
1*
b1001 /
00

#125580000
0!
0*

#125590000
1!
1*
10

#125600000
0!
0*

#125610000
1!
b10 %
b0 &
1*
b10 .
b0 /
00

#125620000
0!
0*

#125630000
1!
1*
10

#125640000
0!
0*

#125650000
1!
b1 &
1*
b1 /
00

#125660000
0!
0*

#125670000
1!
1*
10

#125680000
0!
0*

#125690000
1!
b10 &
1*
b10 /
00

#125700000
0!
0*

#125710000
1!
1*
10

#125720000
0!
0*

#125730000
1!
b11 &
1*
b11 /
00

#125740000
0!
0*

#125750000
1!
1*
10

#125760000
0!
0*

#125770000
1!
b100 &
1*
b100 /
00

#125780000
0!
0*

#125790000
1!
1*
10

#125800000
0!
0*

#125810000
1!
b101 &
1*
b101 /
00

#125820000
0!
0*

#125830000
1!
1*
10

#125840000
0!
0*

#125850000
1!
b110 &
1*
b110 /
00

#125860000
0!
0*

#125870000
1!
1*
10

#125880000
0!
0*

#125890000
1!
b111 &
1*
b111 /
00

#125900000
0!
0*

#125910000
1!
1*
10

#125920000
0!
0*

#125930000
1!
b1000 &
1*
b1000 /
00

#125940000
0!
0*

#125950000
1!
1*
10

#125960000
0!
0*

#125970000
1!
b1001 &
1*
b1001 /
00

#125980000
0!
0*

#125990000
1!
1*
10

#126000000
0!
0*

#126010000
1!
b11 %
b0 &
1*
b11 .
b0 /
00

#126020000
0!
0*

#126030000
1!
1*
10

#126040000
0!
0*

#126050000
1!
b1 &
1*
b1 /
00

#126060000
0!
0*

#126070000
1!
1*
10

#126080000
0!
0*

#126090000
1!
b10 &
1*
b10 /
00

#126100000
0!
0*

#126110000
1!
1*
10

#126120000
0!
0*

#126130000
1!
b11 &
1*
b11 /
00

#126140000
0!
0*

#126150000
1!
1*
10

#126160000
0!
0*

#126170000
1!
b100 &
1*
b100 /
00

#126180000
0!
0*

#126190000
1!
1*
10

#126200000
0!
0*

#126210000
1!
b101 &
1*
b101 /
00

#126220000
0!
0*

#126230000
1!
1*
10

#126240000
0!
0*

#126250000
1!
b110 &
1*
b110 /
00

#126260000
0!
0*

#126270000
1!
1*
10

#126280000
0!
0*

#126290000
1!
b111 &
1*
b111 /
00

#126300000
0!
0*

#126310000
1!
1*
10

#126320000
0!
0*

#126330000
1!
b1000 &
1*
b1000 /
00

#126340000
0!
0*

#126350000
1!
1*
10

#126360000
0!
0*

#126370000
1!
b1001 &
1*
b1001 /
00

#126380000
0!
0*

#126390000
1!
1*
10

#126400000
0!
0*

#126410000
1!
b100 %
b0 &
1*
b100 .
b0 /
00

#126420000
0!
0*

#126430000
1!
1*
10

#126440000
0!
0*

#126450000
1!
b1 &
1*
b1 /
00

#126460000
0!
0*

#126470000
1!
1*
10

#126480000
0!
0*

#126490000
1!
b10 &
1*
b10 /
00

#126500000
0!
0*

#126510000
1!
1*
10

#126520000
0!
0*

#126530000
1!
b11 &
1*
b11 /
00

#126540000
0!
0*

#126550000
1!
1*
10

#126560000
0!
0*

#126570000
1!
b100 &
1*
b100 /
00

#126580000
0!
0*

#126590000
1!
1*
10

#126600000
0!
0*

#126610000
1!
b101 &
1*
b101 /
00

#126620000
0!
0*

#126630000
1!
1*
10

#126640000
0!
0*

#126650000
1!
b110 &
1*
b110 /
00

#126660000
0!
0*

#126670000
1!
1*
10

#126680000
0!
0*

#126690000
1!
b111 &
1*
b111 /
00

#126700000
0!
0*

#126710000
1!
1*
10

#126720000
0!
0*

#126730000
1!
b1000 &
1*
b1000 /
00

#126740000
0!
0*

#126750000
1!
1*
10

#126760000
0!
0*

#126770000
1!
b1001 &
1*
b1001 /
00

#126780000
0!
0*

#126790000
1!
1*
10

#126800000
0!
0*

#126810000
1!
b101 %
b0 &
1*
b101 .
b0 /
00

#126820000
0!
0*

#126830000
1!
1*
10

#126840000
0!
0*

#126850000
1!
b1 &
1*
b1 /
00

#126860000
0!
0*

#126870000
1!
1*
10

#126880000
0!
0*

#126890000
1!
b10 &
1*
b10 /
00

#126900000
0!
0*

#126910000
1!
1*
10

#126920000
0!
0*

#126930000
1!
b11 &
1*
b11 /
00

#126940000
0!
0*

#126950000
1!
1*
10

#126960000
0!
0*

#126970000
1!
b100 &
1*
b100 /
00

#126980000
0!
0*

#126990000
1!
1*
10

#127000000
0!
0*

#127010000
1!
b101 &
1*
b101 /
00

#127020000
0!
0*

#127030000
1!
1*
10

#127040000
0!
0*

#127050000
1!
b110 &
1*
b110 /
00

#127060000
0!
0*

#127070000
1!
1*
10

#127080000
0!
0*

#127090000
1!
b111 &
1*
b111 /
00

#127100000
0!
0*

#127110000
1!
1*
10

#127120000
0!
0*

#127130000
1!
b1000 &
1*
b1000 /
00

#127140000
0!
0*

#127150000
1!
1*
10

#127160000
0!
0*

#127170000
1!
b1001 &
1*
b1001 /
00

#127180000
0!
0*

#127190000
1!
1*
10

#127200000
0!
0*

#127210000
1!
b11 $
b0 %
b0 &
1*
b11 -
b0 .
b0 /
00

#127220000
0!
0*

#127230000
1!
1*
10

#127240000
0!
0*

#127250000
1!
b1 &
1*
b1 /
00

#127260000
0!
0*

#127270000
1!
1*
10

#127280000
0!
0*

#127290000
1!
b10 &
1*
b10 /
00

#127300000
0!
0*

#127310000
1!
1*
10

#127320000
0!
0*

#127330000
1!
b11 &
1*
b11 /
00

#127340000
0!
0*

#127350000
1!
1*
10

#127360000
0!
0*

#127370000
1!
b100 &
1*
b100 /
00

#127380000
0!
0*

#127390000
1!
1*
10

#127400000
0!
0*

#127410000
1!
b101 &
1*
b101 /
00

#127420000
0!
0*

#127430000
1!
1*
10

#127440000
0!
0*

#127450000
1!
b110 &
1*
b110 /
00

#127460000
0!
0*

#127470000
1!
1*
10

#127480000
0!
0*

#127490000
1!
b111 &
1*
b111 /
00

#127500000
0!
0*

#127510000
1!
1*
10

#127520000
0!
0*

#127530000
1!
b1000 &
1*
b1000 /
00

#127540000
0!
0*

#127550000
1!
1*
10

#127560000
0!
0*

#127570000
1!
b1001 &
1*
b1001 /
00

#127580000
0!
0*

#127590000
1!
1*
10

#127600000
0!
0*

#127610000
1!
b1 %
b0 &
1*
b1 .
b0 /
00

#127620000
0!
0*

#127630000
1!
1*
10

#127640000
0!
0*

#127650000
1!
b1 &
1*
b1 /
00

#127660000
0!
0*

#127670000
1!
1*
10

#127680000
0!
0*

#127690000
1!
b10 &
1*
b10 /
00

#127700000
0!
0*

#127710000
1!
1*
10

#127720000
0!
0*

#127730000
1!
b11 &
1*
b11 /
00

#127740000
0!
0*

#127750000
1!
1*
10

#127760000
0!
0*

#127770000
1!
b100 &
1*
b100 /
00

#127780000
0!
0*

#127790000
1!
1*
10

#127800000
0!
0*

#127810000
1!
b101 &
1*
b101 /
00

#127820000
0!
0*

#127830000
1!
1*
10

#127840000
0!
0*

#127850000
1!
b110 &
1*
b110 /
00

#127860000
0!
0*

#127870000
1!
1*
10

#127880000
0!
0*

#127890000
1!
b111 &
1*
b111 /
00

#127900000
0!
0*

#127910000
1!
1*
10

#127920000
0!
0*

#127930000
1!
b1000 &
1*
b1000 /
00

#127940000
0!
0*

#127950000
1!
1*
10

#127960000
0!
0*

#127970000
1!
b1001 &
1*
b1001 /
00

#127980000
0!
0*

#127990000
1!
1*
10

#128000000
0!
0*

#128010000
1!
b10 %
b0 &
1*
b10 .
b0 /
00

#128020000
0!
0*

#128030000
1!
1*
10

#128040000
0!
0*

#128050000
1!
b1 &
1*
b1 /
00

#128060000
0!
0*

#128070000
1!
1*
10

#128080000
0!
0*

#128090000
1!
b10 &
1*
b10 /
00

#128100000
0!
0*

#128110000
1!
1*
10

#128120000
0!
0*

#128130000
1!
b11 &
1*
b11 /
00

#128140000
0!
0*

#128150000
1!
1*
10

#128160000
0!
0*

#128170000
1!
b100 &
1*
b100 /
00

#128180000
0!
0*

#128190000
1!
1*
10

#128200000
0!
0*

#128210000
1!
b101 &
1*
b101 /
00

#128220000
0!
0*

#128230000
1!
1*
10

#128240000
0!
0*

#128250000
1!
b110 &
1*
b110 /
00

#128260000
0!
0*

#128270000
1!
1*
10

#128280000
0!
0*

#128290000
1!
b111 &
1*
b111 /
00

#128300000
0!
0*

#128310000
1!
1*
10

#128320000
0!
0*

#128330000
1!
b1000 &
1*
b1000 /
00

#128340000
0!
0*

#128350000
1!
1*
10

#128360000
0!
0*

#128370000
1!
b1001 &
1*
b1001 /
00

#128380000
0!
0*

#128390000
1!
1*
10

#128400000
0!
0*

#128410000
1!
b11 %
b0 &
1*
b11 .
b0 /
00

#128420000
0!
0*

#128430000
1!
1*
10

#128440000
0!
0*

#128450000
1!
b1 &
1*
b1 /
00

#128460000
0!
0*

#128470000
1!
1*
10

#128480000
0!
0*

#128490000
1!
b10 &
1*
b10 /
00

#128500000
0!
0*

#128510000
1!
1*
10

#128520000
0!
0*

#128530000
1!
b11 &
1*
b11 /
00

#128540000
0!
0*

#128550000
1!
1*
10

#128560000
0!
0*

#128570000
1!
b100 &
1*
b100 /
00

#128580000
0!
0*

#128590000
1!
1*
10

#128600000
0!
0*

#128610000
1!
b101 &
1*
b101 /
00

#128620000
0!
0*

#128630000
1!
1*
10

#128640000
0!
0*

#128650000
1!
b110 &
1*
b110 /
00

#128660000
0!
0*

#128670000
1!
1*
10

#128680000
0!
0*

#128690000
1!
b111 &
1*
b111 /
00

#128700000
0!
0*

#128710000
1!
1*
10

#128720000
0!
0*

#128730000
1!
b1000 &
1*
b1000 /
00

#128740000
0!
0*

#128750000
1!
1*
10

#128760000
0!
0*

#128770000
1!
b1001 &
1*
b1001 /
00

#128780000
0!
0*

#128790000
1!
1*
10

#128800000
0!
0*

#128810000
1!
b100 %
b0 &
1*
b100 .
b0 /
00

#128820000
0!
0*

#128830000
1!
1*
10

#128840000
0!
0*

#128850000
1!
b1 &
1*
b1 /
00

#128860000
0!
0*

#128870000
1!
1*
10

#128880000
0!
0*

#128890000
1!
b10 &
1*
b10 /
00

#128900000
0!
0*

#128910000
1!
1*
10

#128920000
0!
0*

#128930000
1!
b11 &
1*
b11 /
00

#128940000
0!
0*

#128950000
1!
1*
10

#128960000
0!
0*

#128970000
1!
b100 &
1*
b100 /
00

#128980000
0!
0*

#128990000
1!
1*
10

#129000000
0!
0*

#129010000
1!
b101 &
1*
b101 /
00

#129020000
0!
0*

#129030000
1!
1*
10

#129040000
0!
0*

#129050000
1!
b110 &
1*
b110 /
00

#129060000
0!
0*

#129070000
1!
1*
10

#129080000
0!
0*

#129090000
1!
b111 &
1*
b111 /
00

#129100000
0!
0*

#129110000
1!
1*
10

#129120000
0!
0*

#129130000
1!
b1000 &
1*
b1000 /
00

#129140000
0!
0*

#129150000
1!
1*
10

#129160000
0!
0*

#129170000
1!
b1001 &
1*
b1001 /
00

#129180000
0!
0*

#129190000
1!
1*
10

#129200000
0!
0*

#129210000
1!
b101 %
b0 &
1*
b101 .
b0 /
00

#129220000
0!
0*

#129230000
1!
1*
10

#129240000
0!
0*

#129250000
1!
b1 &
1*
b1 /
00

#129260000
0!
0*

#129270000
1!
1*
10

#129280000
0!
0*

#129290000
1!
b10 &
1*
b10 /
00

#129300000
0!
0*

#129310000
1!
1*
10

#129320000
0!
0*

#129330000
1!
b11 &
1*
b11 /
00

#129340000
0!
0*

#129350000
1!
1*
10

#129360000
0!
0*

#129370000
1!
b100 &
1*
b100 /
00

#129380000
0!
0*

#129390000
1!
1*
10

#129400000
0!
0*

#129410000
1!
b101 &
1*
b101 /
00

#129420000
0!
0*

#129430000
1!
1*
10

#129440000
0!
0*

#129450000
1!
b110 &
1*
b110 /
00

#129460000
0!
0*

#129470000
1!
1*
10

#129480000
0!
0*

#129490000
1!
b111 &
1*
b111 /
00

#129500000
0!
0*

#129510000
1!
1*
10

#129520000
0!
0*

#129530000
1!
b1000 &
1*
b1000 /
00

#129540000
0!
0*

#129550000
1!
1*
10

#129560000
0!
0*

#129570000
1!
b1001 &
1*
b1001 /
00

#129580000
0!
0*

#129590000
1!
1*
10

#129600000
0!
0*

#129610000
1!
b100 $
b0 %
b0 &
1*
b100 -
b0 .
b0 /
00

#129620000
0!
0*

#129630000
1!
1*
10

#129640000
0!
0*

#129650000
1!
b1 &
1*
b1 /
00

#129660000
0!
0*

#129670000
1!
1*
10

#129680000
0!
0*

#129690000
1!
b10 &
1*
b10 /
00

#129700000
0!
0*

#129710000
1!
1*
10

#129720000
0!
0*

#129730000
1!
b11 &
1*
b11 /
00

#129740000
0!
0*

#129750000
1!
1*
10

#129760000
0!
0*

#129770000
1!
b100 &
1*
b100 /
00

#129780000
0!
0*

#129790000
1!
1*
10

#129800000
0!
0*

#129810000
1!
b101 &
1*
b101 /
00

#129820000
0!
0*

#129830000
1!
1*
10

#129840000
0!
0*

#129850000
1!
b110 &
1*
b110 /
00

#129860000
0!
0*

#129870000
1!
1*
10

#129880000
0!
0*

#129890000
1!
b111 &
1*
b111 /
00

#129900000
0!
0*

#129910000
1!
1*
10

#129920000
0!
0*

#129930000
1!
b1000 &
1*
b1000 /
00

#129940000
0!
0*

#129950000
1!
1*
10

#129960000
0!
0*

#129970000
1!
b1001 &
1*
b1001 /
00

#129980000
0!
0*

#129990000
1!
1*
10

#130000000
0!
0*

#130010000
1!
b1 %
b0 &
1*
b1 .
b0 /
00

#130020000
0!
0*

#130030000
1!
1*
10

#130040000
0!
0*

#130050000
1!
b1 &
1*
b1 /
00

#130060000
0!
0*

#130070000
1!
1*
10

#130080000
0!
0*

#130090000
1!
b10 &
1*
b10 /
00

#130100000
0!
0*

#130110000
1!
1*
10

#130120000
0!
0*

#130130000
1!
b11 &
1*
b11 /
00

#130140000
0!
0*

#130150000
1!
1*
10

#130160000
0!
0*

#130170000
1!
b100 &
1*
b100 /
00

#130180000
0!
0*

#130190000
1!
1*
10

#130200000
0!
0*

#130210000
1!
b101 &
1*
b101 /
00

#130220000
0!
0*

#130230000
1!
1*
10

#130240000
0!
0*

#130250000
1!
b110 &
1*
b110 /
00

#130260000
0!
0*

#130270000
1!
1*
10

#130280000
0!
0*

#130290000
1!
b111 &
1*
b111 /
00

#130300000
0!
0*

#130310000
1!
1*
10

#130320000
0!
0*

#130330000
1!
b1000 &
1*
b1000 /
00

#130340000
0!
0*

#130350000
1!
1*
10

#130360000
0!
0*

#130370000
1!
b1001 &
1*
b1001 /
00

#130380000
0!
0*

#130390000
1!
1*
10

#130400000
0!
0*

#130410000
1!
b10 %
b0 &
1*
b10 .
b0 /
00

#130420000
0!
0*

#130430000
1!
1*
10

#130440000
0!
0*

#130450000
1!
b1 &
1*
b1 /
00

#130460000
0!
0*

#130470000
1!
1*
10

#130480000
0!
0*

#130490000
1!
b10 &
1*
b10 /
00

#130500000
0!
0*

#130510000
1!
1*
10

#130520000
0!
0*

#130530000
1!
b11 &
1*
b11 /
00

#130540000
0!
0*

#130550000
1!
1*
10

#130560000
0!
0*

#130570000
1!
b100 &
1*
b100 /
00

#130580000
0!
0*

#130590000
1!
1*
10

#130600000
0!
0*

#130610000
1!
b101 &
1*
b101 /
00

#130620000
0!
0*

#130630000
1!
1*
10

#130640000
0!
0*

#130650000
1!
b110 &
1*
b110 /
00

#130660000
0!
0*

#130670000
1!
1*
10

#130680000
0!
0*

#130690000
1!
b111 &
1*
b111 /
00

#130700000
0!
0*

#130710000
1!
1*
10

#130720000
0!
0*

#130730000
1!
b1000 &
1*
b1000 /
00

#130740000
0!
0*

#130750000
1!
1*
10

#130760000
0!
0*

#130770000
1!
b1001 &
1*
b1001 /
00

#130780000
0!
0*

#130790000
1!
1*
10

#130800000
0!
0*

#130810000
1!
b11 %
b0 &
1*
b11 .
b0 /
00

#130820000
0!
0*

#130830000
1!
1*
10

#130840000
0!
0*

#130850000
1!
b1 &
1*
b1 /
00

#130860000
0!
0*

#130870000
1!
1*
10

#130880000
0!
0*

#130890000
1!
b10 &
1*
b10 /
00

#130900000
0!
0*

#130910000
1!
1*
10

#130920000
0!
0*

#130930000
1!
b11 &
1*
b11 /
00

#130940000
0!
0*

#130950000
1!
1*
10

#130960000
0!
0*

#130970000
1!
b100 &
1*
b100 /
00

#130980000
0!
0*

#130990000
1!
1*
10

#131000000
0!
0*

#131010000
1!
b101 &
1*
b101 /
00

#131020000
0!
0*

#131030000
1!
1*
10

#131040000
0!
0*

#131050000
1!
b110 &
1*
b110 /
00

#131060000
0!
0*

#131070000
1!
1*
10

#131080000
0!
0*

#131090000
1!
b111 &
1*
b111 /
00

#131100000
0!
0*

#131110000
1!
1*
10

#131120000
0!
0*

#131130000
1!
b1000 &
1*
b1000 /
00

#131140000
0!
0*

#131150000
1!
1*
10

#131160000
0!
0*

#131170000
1!
b1001 &
1*
b1001 /
00

#131180000
0!
0*

#131190000
1!
1*
10

#131200000
0!
0*

#131210000
1!
b100 %
b0 &
1*
b100 .
b0 /
00

#131220000
0!
0*

#131230000
1!
1*
10

#131240000
0!
0*

#131250000
1!
b1 &
1*
b1 /
00

#131260000
0!
0*

#131270000
1!
1*
10

#131280000
0!
0*

#131290000
1!
b10 &
1*
b10 /
00

#131300000
0!
0*

#131310000
1!
1*
10

#131320000
0!
0*

#131330000
1!
b11 &
1*
b11 /
00

#131340000
0!
0*

#131350000
1!
1*
10

#131360000
0!
0*

#131370000
1!
b100 &
1*
b100 /
00

#131380000
0!
0*

#131390000
1!
1*
10

#131400000
0!
0*

#131410000
1!
b101 &
1*
b101 /
00

#131420000
0!
0*

#131430000
1!
1*
10

#131440000
0!
0*

#131450000
1!
b110 &
1*
b110 /
00

#131460000
0!
0*

#131470000
1!
1*
10

#131480000
0!
0*

#131490000
1!
b111 &
1*
b111 /
00

#131500000
0!
0*

#131510000
1!
1*
10

#131520000
0!
0*

#131530000
1!
b1000 &
1*
b1000 /
00

#131540000
0!
0*

#131550000
1!
1*
10

#131560000
0!
0*

#131570000
1!
b1001 &
1*
b1001 /
00

#131580000
0!
0*

#131590000
1!
1*
10

#131600000
0!
0*

#131610000
1!
b101 %
b0 &
1*
b101 .
b0 /
00

#131620000
0!
0*

#131630000
1!
1*
10

#131640000
0!
0*

#131650000
1!
b1 &
1*
b1 /
00

#131660000
0!
0*

#131670000
1!
1*
10

#131680000
0!
0*

#131690000
1!
b10 &
1*
b10 /
00

#131700000
0!
0*

#131710000
1!
1*
10

#131720000
0!
0*

#131730000
1!
b11 &
1*
b11 /
00

#131740000
0!
0*

#131750000
1!
1*
10

#131760000
0!
0*

#131770000
1!
b100 &
1*
b100 /
00

#131780000
0!
0*

#131790000
1!
1*
10

#131800000
0!
0*

#131810000
1!
b101 &
1*
b101 /
00

#131820000
0!
0*

#131830000
1!
1*
10

#131840000
0!
0*

#131850000
1!
b110 &
1*
b110 /
00

#131860000
0!
0*

#131870000
1!
1*
10

#131880000
0!
0*

#131890000
1!
b111 &
1*
b111 /
00

#131900000
0!
0*

#131910000
1!
1*
10

#131920000
0!
0*

#131930000
1!
b1000 &
1*
b1000 /
00

#131940000
0!
0*

#131950000
1!
1*
10

#131960000
0!
0*

#131970000
1!
b1001 &
1*
b1001 /
00

#131980000
0!
0*

#131990000
1!
1*
10

#132000000
0!
0*

#132010000
1!
b101 $
b0 %
b0 &
1*
b101 -
b0 .
b0 /
00

#132020000
0!
0*

#132030000
1!
1*
10

#132040000
0!
0*

#132050000
1!
b1 &
1*
b1 /
00

#132060000
0!
0*

#132070000
1!
1*
10

#132080000
0!
0*

#132090000
1!
b10 &
1*
b10 /
00

#132100000
0!
0*

#132110000
1!
1*
10

#132120000
0!
0*

#132130000
1!
b11 &
1*
b11 /
00

#132140000
0!
0*

#132150000
1!
1*
10

#132160000
0!
0*

#132170000
1!
b100 &
1*
b100 /
00

#132180000
0!
0*

#132190000
1!
1*
10

#132200000
0!
0*

#132210000
1!
b101 &
1*
b101 /
00

#132220000
0!
0*

#132230000
1!
1*
10

#132240000
0!
0*

#132250000
1!
b110 &
1*
b110 /
00

#132260000
0!
0*

#132270000
1!
1*
10

#132280000
0!
0*

#132290000
1!
b111 &
1*
b111 /
00

#132300000
0!
0*

#132310000
1!
1*
10

#132320000
0!
0*

#132330000
1!
b1000 &
1*
b1000 /
00

#132340000
0!
0*

#132350000
1!
1*
10

#132360000
0!
0*

#132370000
1!
b1001 &
1*
b1001 /
00

#132380000
0!
0*

#132390000
1!
1*
10

#132400000
0!
0*

#132410000
1!
b1 %
b0 &
1*
b1 .
b0 /
00

#132420000
0!
0*

#132430000
1!
1*
10

#132440000
0!
0*

#132450000
1!
b1 &
1*
b1 /
00

#132460000
0!
0*

#132470000
1!
1*
10

#132480000
0!
0*

#132490000
1!
b10 &
1*
b10 /
00

#132500000
0!
0*

#132510000
1!
1*
10

#132520000
0!
0*

#132530000
1!
b11 &
1*
b11 /
00

#132540000
0!
0*

#132550000
1!
1*
10

#132560000
0!
0*

#132570000
1!
b100 &
1*
b100 /
00

#132580000
0!
0*

#132590000
1!
1*
10

#132600000
0!
0*

#132610000
1!
b101 &
1*
b101 /
00

#132620000
0!
0*

#132630000
1!
1*
10

#132640000
0!
0*

#132650000
1!
b110 &
1*
b110 /
00

#132660000
0!
0*

#132670000
1!
1*
10

#132680000
0!
0*

#132690000
1!
b111 &
1*
b111 /
00

#132700000
0!
0*

#132710000
1!
1*
10

#132720000
0!
0*

#132730000
1!
b1000 &
1*
b1000 /
00

#132740000
0!
0*

#132750000
1!
1*
10

#132760000
0!
0*

#132770000
1!
b1001 &
1*
b1001 /
00

#132780000
0!
0*

#132790000
1!
1*
10

#132800000
0!
0*

#132810000
1!
b10 %
b0 &
1*
b10 .
b0 /
00

#132820000
0!
0*

#132830000
1!
1*
10

#132840000
0!
0*

#132850000
1!
b1 &
1*
b1 /
00

#132860000
0!
0*

#132870000
1!
1*
10

#132880000
0!
0*

#132890000
1!
b10 &
1*
b10 /
00

#132900000
0!
0*

#132910000
1!
1*
10

#132920000
0!
0*

#132930000
1!
b11 &
1*
b11 /
00

#132940000
0!
0*

#132950000
1!
1*
10

#132960000
0!
0*

#132970000
1!
b100 &
1*
b100 /
00

#132980000
0!
0*

#132990000
1!
1*
10

#133000000
0!
0*

#133010000
1!
b101 &
1*
b101 /
00

#133020000
0!
0*

#133030000
1!
1*
10

#133040000
0!
0*

#133050000
1!
b110 &
1*
b110 /
00

#133060000
0!
0*

#133070000
1!
1*
10

#133080000
0!
0*

#133090000
1!
b111 &
1*
b111 /
00

#133100000
0!
0*

#133110000
1!
1*
10

#133120000
0!
0*

#133130000
1!
b1000 &
1*
b1000 /
00

#133140000
0!
0*

#133150000
1!
1*
10

#133160000
0!
0*

#133170000
1!
b1001 &
1*
b1001 /
00

#133180000
0!
0*

#133190000
1!
1*
10

#133200000
0!
0*

#133210000
1!
b11 %
b0 &
1*
b11 .
b0 /
00

#133220000
0!
0*

#133230000
1!
1*
10

#133240000
0!
0*

#133250000
1!
b1 &
1*
b1 /
00

#133260000
0!
0*

#133270000
1!
1*
10

#133280000
0!
0*

#133290000
1!
b10 &
1*
b10 /
00

#133300000
0!
0*

#133310000
1!
1*
10

#133320000
0!
0*

#133330000
1!
b11 &
1*
b11 /
00

#133340000
0!
0*

#133350000
1!
1*
10

#133360000
0!
0*

#133370000
1!
b100 &
1*
b100 /
00

#133380000
0!
0*

#133390000
1!
1*
10

#133400000
0!
0*

#133410000
1!
b101 &
1*
b101 /
00

#133420000
0!
0*

#133430000
1!
1*
10

#133440000
0!
0*

#133450000
1!
b110 &
1*
b110 /
00

#133460000
0!
0*

#133470000
1!
1*
10

#133480000
0!
0*

#133490000
1!
b111 &
1*
b111 /
00

#133500000
0!
0*

#133510000
1!
1*
10

#133520000
0!
0*

#133530000
1!
b1000 &
1*
b1000 /
00

#133540000
0!
0*

#133550000
1!
1*
10

#133560000
0!
0*

#133570000
1!
b1001 &
1*
b1001 /
00

#133580000
0!
0*

#133590000
1!
1*
10

#133600000
0!
0*

#133610000
1!
b100 %
b0 &
1*
b100 .
b0 /
00

#133620000
0!
0*

#133630000
1!
1*
10

#133640000
0!
0*

#133650000
1!
b1 &
1*
b1 /
00

#133660000
0!
0*

#133670000
1!
1*
10

#133680000
0!
0*

#133690000
1!
b10 &
1*
b10 /
00

#133700000
0!
0*

#133710000
1!
1*
10

#133720000
0!
0*

#133730000
1!
b11 &
1*
b11 /
00

#133740000
0!
0*

#133750000
1!
1*
10

#133760000
0!
0*

#133770000
1!
b100 &
1*
b100 /
00

#133780000
0!
0*

#133790000
1!
1*
10

#133800000
0!
0*

#133810000
1!
b101 &
1*
b101 /
00

#133820000
0!
0*

#133830000
1!
1*
10

#133840000
0!
0*

#133850000
1!
b110 &
1*
b110 /
00

#133860000
0!
0*

#133870000
1!
1*
10

#133880000
0!
0*

#133890000
1!
b111 &
1*
b111 /
00

#133900000
0!
0*

#133910000
1!
1*
10

#133920000
0!
0*

#133930000
1!
b1000 &
1*
b1000 /
00

#133940000
0!
0*

#133950000
1!
1*
10

#133960000
0!
0*

#133970000
1!
b1001 &
1*
b1001 /
00

#133980000
0!
0*

#133990000
1!
1*
10

#134000000
0!
0*

#134010000
1!
b101 %
b0 &
1*
b101 .
b0 /
00

#134020000
0!
0*

#134030000
1!
1*
10

#134040000
0!
0*

#134050000
1!
b1 &
1*
b1 /
00

#134060000
0!
0*

#134070000
1!
1*
10

#134080000
0!
0*

#134090000
1!
b10 &
1*
b10 /
00

#134100000
0!
0*

#134110000
1!
1*
10

#134120000
0!
0*

#134130000
1!
b11 &
1*
b11 /
00

#134140000
0!
0*

#134150000
1!
1*
10

#134160000
0!
0*

#134170000
1!
b100 &
1*
b100 /
00

#134180000
0!
0*

#134190000
1!
1*
10

#134200000
0!
0*

#134210000
1!
b101 &
1*
b101 /
00

#134220000
0!
0*

#134230000
1!
1*
10

#134240000
0!
0*

#134250000
1!
b110 &
1*
b110 /
00

#134260000
0!
0*

#134270000
1!
1*
10

#134280000
0!
0*

#134290000
1!
b111 &
1*
b111 /
00

#134300000
0!
0*

#134310000
1!
1*
10

#134320000
0!
0*

#134330000
1!
b1000 &
1*
b1000 /
00

#134340000
0!
0*

#134350000
1!
1*
10

#134360000
0!
0*

#134370000
1!
b1001 &
1*
b1001 /
00

#134380000
0!
0*

#134390000
1!
1*
10

#134400000
0!
0*

#134410000
1!
b110 $
b0 %
b0 &
1*
b110 -
b0 .
b0 /
00

#134420000
0!
0*

#134430000
1!
1*
10

#134440000
0!
0*

#134450000
1!
b1 &
1*
b1 /
00

#134460000
0!
0*

#134470000
1!
1*
10

#134480000
0!
0*

#134490000
1!
b10 &
1*
b10 /
00

#134500000
0!
0*

#134510000
1!
1*
10

#134520000
0!
0*

#134530000
1!
b11 &
1*
b11 /
00

#134540000
0!
0*

#134550000
1!
1*
10

#134560000
0!
0*

#134570000
1!
b100 &
1*
b100 /
00

#134580000
0!
0*

#134590000
1!
1*
10

#134600000
0!
0*

#134610000
1!
b101 &
1*
b101 /
00

#134620000
0!
0*

#134630000
1!
1*
10

#134640000
0!
0*

#134650000
1!
b110 &
1*
b110 /
00

#134660000
0!
0*

#134670000
1!
1*
10

#134680000
0!
0*

#134690000
1!
b111 &
1*
b111 /
00

#134700000
0!
0*

#134710000
1!
1*
10

#134720000
0!
0*

#134730000
1!
b1000 &
1*
b1000 /
00

#134740000
0!
0*

#134750000
1!
1*
10

#134760000
0!
0*

#134770000
1!
b1001 &
1*
b1001 /
00

#134780000
0!
0*

#134790000
1!
1*
10

#134800000
0!
0*

#134810000
1!
b1 %
b0 &
1*
b1 .
b0 /
00

#134820000
0!
0*

#134830000
1!
1*
10

#134840000
0!
0*

#134850000
1!
b1 &
1*
b1 /
00

#134860000
0!
0*

#134870000
1!
1*
10

#134880000
0!
0*

#134890000
1!
b10 &
1*
b10 /
00

#134900000
0!
0*

#134910000
1!
1*
10

#134920000
0!
0*

#134930000
1!
b11 &
1*
b11 /
00

#134940000
0!
0*

#134950000
1!
1*
10

#134960000
0!
0*

#134970000
1!
b100 &
1*
b100 /
00

#134980000
0!
0*

#134990000
1!
1*
10

#135000000
0!
0*

#135010000
1!
b101 &
1*
b101 /
00

#135020000
0!
0*

#135030000
1!
1*
10

#135040000
0!
0*

#135050000
1!
b110 &
1*
b110 /
00

#135060000
0!
0*

#135070000
1!
1*
10

#135080000
0!
0*

#135090000
1!
b111 &
1*
b111 /
00

#135100000
0!
0*

#135110000
1!
1*
10

#135120000
0!
0*

#135130000
1!
b1000 &
1*
b1000 /
00

#135140000
0!
0*

#135150000
1!
1*
10

#135160000
0!
0*

#135170000
1!
b1001 &
1*
b1001 /
00

#135180000
0!
0*

#135190000
1!
1*
10

#135200000
0!
0*

#135210000
1!
b10 %
b0 &
1*
b10 .
b0 /
00

#135220000
0!
0*

#135230000
1!
1*
10

#135240000
0!
0*

#135250000
1!
b1 &
1*
b1 /
00

#135260000
0!
0*

#135270000
1!
1*
10

#135280000
0!
0*

#135290000
1!
b10 &
1*
b10 /
00

#135300000
0!
0*

#135310000
1!
1*
10

#135320000
0!
0*

#135330000
1!
b11 &
1*
b11 /
00

#135340000
0!
0*

#135350000
1!
1*
10

#135360000
0!
0*

#135370000
1!
b100 &
1*
b100 /
00

#135380000
0!
0*

#135390000
1!
1*
10

#135400000
0!
0*

#135410000
1!
b101 &
1*
b101 /
00

#135420000
0!
0*

#135430000
1!
1*
10

#135440000
0!
0*

#135450000
1!
b110 &
1*
b110 /
00

#135460000
0!
0*

#135470000
1!
1*
10

#135480000
0!
0*

#135490000
1!
b111 &
1*
b111 /
00

#135500000
0!
0*

#135510000
1!
1*
10

#135520000
0!
0*

#135530000
1!
b1000 &
1*
b1000 /
00

#135540000
0!
0*

#135550000
1!
1*
10

#135560000
0!
0*

#135570000
1!
b1001 &
1*
b1001 /
00

#135580000
0!
0*

#135590000
1!
1*
10

#135600000
0!
0*

#135610000
1!
b11 %
b0 &
1*
b11 .
b0 /
00

#135620000
0!
0*

#135630000
1!
1*
10

#135640000
0!
0*

#135650000
1!
b1 &
1*
b1 /
00

#135660000
0!
0*

#135670000
1!
1*
10

#135680000
0!
0*

#135690000
1!
b10 &
1*
b10 /
00

#135700000
0!
0*

#135710000
1!
1*
10

#135720000
0!
0*

#135730000
1!
b11 &
1*
b11 /
00

#135740000
0!
0*

#135750000
1!
1*
10

#135760000
0!
0*

#135770000
1!
b100 &
1*
b100 /
00

#135780000
0!
0*

#135790000
1!
1*
10

#135800000
0!
0*

#135810000
1!
b101 &
1*
b101 /
00

#135820000
0!
0*

#135830000
1!
1*
10

#135840000
0!
0*

#135850000
1!
b110 &
1*
b110 /
00

#135860000
0!
0*

#135870000
1!
1*
10

#135880000
0!
0*

#135890000
1!
b111 &
1*
b111 /
00

#135900000
0!
0*

#135910000
1!
1*
10

#135920000
0!
0*

#135930000
1!
b1000 &
1*
b1000 /
00

#135940000
0!
0*

#135950000
1!
1*
10

#135960000
0!
0*

#135970000
1!
b1001 &
1*
b1001 /
00

#135980000
0!
0*

#135990000
1!
1*
10

#136000000
0!
0*

#136010000
1!
b100 %
b0 &
1*
b100 .
b0 /
00

#136020000
0!
0*

#136030000
1!
1*
10

#136040000
0!
0*

#136050000
1!
b1 &
1*
b1 /
00

#136060000
0!
0*

#136070000
1!
1*
10

#136080000
0!
0*

#136090000
1!
b10 &
1*
b10 /
00

#136100000
0!
0*

#136110000
1!
1*
10

#136120000
0!
0*

#136130000
1!
b11 &
1*
b11 /
00

#136140000
0!
0*

#136150000
1!
1*
10

#136160000
0!
0*

#136170000
1!
b100 &
1*
b100 /
00

#136180000
0!
0*

#136190000
1!
1*
10

#136200000
0!
0*

#136210000
1!
b101 &
1*
b101 /
00

#136220000
0!
0*

#136230000
1!
1*
10

#136240000
0!
0*

#136250000
1!
b110 &
1*
b110 /
00

#136260000
0!
0*

#136270000
1!
1*
10

#136280000
0!
0*

#136290000
1!
b111 &
1*
b111 /
00

#136300000
0!
0*

#136310000
1!
1*
10

#136320000
0!
0*

#136330000
1!
b1000 &
1*
b1000 /
00

#136340000
0!
0*

#136350000
1!
1*
10

#136360000
0!
0*

#136370000
1!
b1001 &
1*
b1001 /
00

#136380000
0!
0*

#136390000
1!
1*
10

#136400000
0!
0*

#136410000
1!
b101 %
b0 &
1*
b101 .
b0 /
00

#136420000
0!
0*

#136430000
1!
1*
10

#136440000
0!
0*

#136450000
1!
b1 &
1*
b1 /
00

#136460000
0!
0*

#136470000
1!
1*
10

#136480000
0!
0*

#136490000
1!
b10 &
1*
b10 /
00

#136500000
0!
0*

#136510000
1!
1*
10

#136520000
0!
0*

#136530000
1!
b11 &
1*
b11 /
00

#136540000
0!
0*

#136550000
1!
1*
10

#136560000
0!
0*

#136570000
1!
b100 &
1*
b100 /
00

#136580000
0!
0*

#136590000
1!
1*
10

#136600000
0!
0*

#136610000
1!
b101 &
1*
b101 /
00

#136620000
0!
0*

#136630000
1!
1*
10

#136640000
0!
0*

#136650000
1!
b110 &
1*
b110 /
00

#136660000
0!
0*

#136670000
1!
1*
10

#136680000
0!
0*

#136690000
1!
b111 &
1*
b111 /
00

#136700000
0!
0*

#136710000
1!
1*
10

#136720000
0!
0*

#136730000
1!
b1000 &
1*
b1000 /
00

#136740000
0!
0*

#136750000
1!
1*
10

#136760000
0!
0*

#136770000
1!
b1001 &
1*
b1001 /
00

#136780000
0!
0*

#136790000
1!
1*
10

#136800000
0!
0*

#136810000
1!
b111 $
b0 %
b0 &
1*
b111 -
b0 .
b0 /
00

#136820000
0!
0*

#136830000
1!
1*
10

#136840000
0!
0*

#136850000
1!
b1 &
1*
b1 /
00

#136860000
0!
0*

#136870000
1!
1*
10

#136880000
0!
0*

#136890000
1!
b10 &
1*
b10 /
00

#136900000
0!
0*

#136910000
1!
1*
10

#136920000
0!
0*

#136930000
1!
b11 &
1*
b11 /
00

#136940000
0!
0*

#136950000
1!
1*
10

#136960000
0!
0*

#136970000
1!
b100 &
1*
b100 /
00

#136980000
0!
0*

#136990000
1!
1*
10

#137000000
0!
0*

#137010000
1!
b101 &
1*
b101 /
00

#137020000
0!
0*

#137030000
1!
1*
10

#137040000
0!
0*

#137050000
1!
b110 &
1*
b110 /
00

#137060000
0!
0*

#137070000
1!
1*
10

#137080000
0!
0*

#137090000
1!
b111 &
1*
b111 /
00

#137100000
0!
0*

#137110000
1!
1*
10

#137120000
0!
0*

#137130000
1!
b1000 &
1*
b1000 /
00

#137140000
0!
0*

#137150000
1!
1*
10

#137160000
0!
0*

#137170000
1!
b1001 &
1*
b1001 /
00

#137180000
0!
0*

#137190000
1!
1*
10

#137200000
0!
0*

#137210000
1!
b1 %
b0 &
1*
b1 .
b0 /
00

#137220000
0!
0*

#137230000
1!
1*
10

#137240000
0!
0*

#137250000
1!
b1 &
1*
b1 /
00

#137260000
0!
0*

#137270000
1!
1*
10

#137280000
0!
0*

#137290000
1!
b10 &
1*
b10 /
00

#137300000
0!
0*

#137310000
1!
1*
10

#137320000
0!
0*

#137330000
1!
b11 &
1*
b11 /
00

#137340000
0!
0*

#137350000
1!
1*
10

#137360000
0!
0*

#137370000
1!
b100 &
1*
b100 /
00

#137380000
0!
0*

#137390000
1!
1*
10

#137400000
0!
0*

#137410000
1!
b101 &
1*
b101 /
00

#137420000
0!
0*

#137430000
1!
1*
10

#137440000
0!
0*

#137450000
1!
b110 &
1*
b110 /
00

#137460000
0!
0*

#137470000
1!
1*
10

#137480000
0!
0*

#137490000
1!
b111 &
1*
b111 /
00

#137500000
0!
0*

#137510000
1!
1*
10

#137520000
0!
0*

#137530000
1!
b1000 &
1*
b1000 /
00

#137540000
0!
0*

#137550000
1!
1*
10

#137560000
0!
0*

#137570000
1!
b1001 &
1*
b1001 /
00

#137580000
0!
0*

#137590000
1!
1*
10

#137600000
0!
0*

#137610000
1!
b10 %
b0 &
1*
b10 .
b0 /
00

#137620000
0!
0*

#137630000
1!
1*
10

#137640000
0!
0*

#137650000
1!
b1 &
1*
b1 /
00

#137660000
0!
0*

#137670000
1!
1*
10

#137680000
0!
0*

#137690000
1!
b10 &
1*
b10 /
00

#137700000
0!
0*

#137710000
1!
1*
10

#137720000
0!
0*

#137730000
1!
b11 &
1*
b11 /
00

#137740000
0!
0*

#137750000
1!
1*
10

#137760000
0!
0*

#137770000
1!
b100 &
1*
b100 /
00

#137780000
0!
0*

#137790000
1!
1*
10

#137800000
0!
0*

#137810000
1!
b101 &
1*
b101 /
00

#137820000
0!
0*

#137830000
1!
1*
10

#137840000
0!
0*

#137850000
1!
b110 &
1*
b110 /
00

#137860000
0!
0*

#137870000
1!
1*
10

#137880000
0!
0*

#137890000
1!
b111 &
1*
b111 /
00

#137900000
0!
0*

#137910000
1!
1*
10

#137920000
0!
0*

#137930000
1!
b1000 &
1*
b1000 /
00

#137940000
0!
0*

#137950000
1!
1*
10

#137960000
0!
0*

#137970000
1!
b1001 &
1*
b1001 /
00

#137980000
0!
0*

#137990000
1!
1*
10

#138000000
0!
0*

#138010000
1!
b11 %
b0 &
1*
b11 .
b0 /
00

#138020000
0!
0*

#138030000
1!
1*
10

#138040000
0!
0*

#138050000
1!
b1 &
1*
b1 /
00

#138060000
0!
0*

#138070000
1!
1*
10

#138080000
0!
0*

#138090000
1!
b10 &
1*
b10 /
00

#138100000
0!
0*

#138110000
1!
1*
10

#138120000
0!
0*

#138130000
1!
b11 &
1*
b11 /
00

#138140000
0!
0*

#138150000
1!
1*
10

#138160000
0!
0*

#138170000
1!
b100 &
1*
b100 /
00

#138180000
0!
0*

#138190000
1!
1*
10

#138200000
0!
0*

#138210000
1!
b101 &
1*
b101 /
00

#138220000
0!
0*

#138230000
1!
1*
10

#138240000
0!
0*

#138250000
1!
b110 &
1*
b110 /
00

#138260000
0!
0*

#138270000
1!
1*
10

#138280000
0!
0*

#138290000
1!
b111 &
1*
b111 /
00

#138300000
0!
0*

#138310000
1!
1*
10

#138320000
0!
0*

#138330000
1!
b1000 &
1*
b1000 /
00

#138340000
0!
0*

#138350000
1!
1*
10

#138360000
0!
0*

#138370000
1!
b1001 &
1*
b1001 /
00

#138380000
0!
0*

#138390000
1!
1*
10

#138400000
0!
0*

#138410000
1!
b100 %
b0 &
1*
b100 .
b0 /
00

#138420000
0!
0*

#138430000
1!
1*
10

#138440000
0!
0*

#138450000
1!
b1 &
1*
b1 /
00

#138460000
0!
0*

#138470000
1!
1*
10

#138480000
0!
0*

#138490000
1!
b10 &
1*
b10 /
00

#138500000
0!
0*

#138510000
1!
1*
10

#138520000
0!
0*

#138530000
1!
b11 &
1*
b11 /
00

#138540000
0!
0*

#138550000
1!
1*
10

#138560000
0!
0*

#138570000
1!
b100 &
1*
b100 /
00

#138580000
0!
0*

#138590000
1!
1*
10

#138600000
0!
0*

#138610000
1!
b101 &
1*
b101 /
00

#138620000
0!
0*

#138630000
1!
1*
10

#138640000
0!
0*

#138650000
1!
b110 &
1*
b110 /
00

#138660000
0!
0*

#138670000
1!
1*
10

#138680000
0!
0*

#138690000
1!
b111 &
1*
b111 /
00

#138700000
0!
0*

#138710000
1!
1*
10

#138720000
0!
0*

#138730000
1!
b1000 &
1*
b1000 /
00

#138740000
0!
0*

#138750000
1!
1*
10

#138760000
0!
0*

#138770000
1!
b1001 &
1*
b1001 /
00

#138780000
0!
0*

#138790000
1!
1*
10

#138800000
0!
0*

#138810000
1!
b101 %
b0 &
1*
b101 .
b0 /
00

#138820000
0!
0*

#138830000
1!
1*
10

#138840000
0!
0*

#138850000
1!
b1 &
1*
b1 /
00

#138860000
0!
0*

#138870000
1!
1*
10

#138880000
0!
0*

#138890000
1!
b10 &
1*
b10 /
00

#138900000
0!
0*

#138910000
1!
1*
10

#138920000
0!
0*

#138930000
1!
b11 &
1*
b11 /
00

#138940000
0!
0*

#138950000
1!
1*
10

#138960000
0!
0*

#138970000
1!
b100 &
1*
b100 /
00

#138980000
0!
0*

#138990000
1!
1*
10

#139000000
0!
0*

#139010000
1!
b101 &
1*
b101 /
00

#139020000
0!
0*

#139030000
1!
1*
10

#139040000
0!
0*

#139050000
1!
b110 &
1*
b110 /
00

#139060000
0!
0*

#139070000
1!
1*
10

#139080000
0!
0*

#139090000
1!
b111 &
1*
b111 /
00

#139100000
0!
0*

#139110000
1!
1*
10

#139120000
0!
0*

#139130000
1!
b1000 &
1*
b1000 /
00

#139140000
0!
0*

#139150000
1!
1*
10

#139160000
0!
0*

#139170000
1!
b1001 &
1*
b1001 /
00

#139180000
0!
0*

#139190000
1!
1*
10

#139200000
0!
0*

#139210000
1!
b1000 $
b0 %
b0 &
1*
b1000 -
b0 .
b0 /
00

#139220000
0!
0*

#139230000
1!
1*
10

#139240000
0!
0*

#139250000
1!
b1 &
1*
b1 /
00

#139260000
0!
0*

#139270000
1!
1*
10

#139280000
0!
0*

#139290000
1!
b10 &
1*
b10 /
00

#139300000
0!
0*

#139310000
1!
1*
10

#139320000
0!
0*

#139330000
1!
b11 &
1*
b11 /
00

#139340000
0!
0*

#139350000
1!
1*
10

#139360000
0!
0*

#139370000
1!
b100 &
1*
b100 /
00

#139380000
0!
0*

#139390000
1!
1*
10

#139400000
0!
0*

#139410000
1!
b101 &
1*
b101 /
00

#139420000
0!
0*

#139430000
1!
1*
10

#139440000
0!
0*

#139450000
1!
b110 &
1*
b110 /
00

#139460000
0!
0*

#139470000
1!
1*
10

#139480000
0!
0*

#139490000
1!
b111 &
1*
b111 /
00

#139500000
0!
0*

#139510000
1!
1*
10

#139520000
0!
0*

#139530000
1!
b1000 &
1*
b1000 /
00

#139540000
0!
0*

#139550000
1!
1*
10

#139560000
0!
0*

#139570000
1!
b1001 &
1*
b1001 /
00

#139580000
0!
0*

#139590000
1!
1*
10

#139600000
0!
0*

#139610000
1!
b1 %
b0 &
1*
b1 .
b0 /
00

#139620000
0!
0*

#139630000
1!
1*
10

#139640000
0!
0*

#139650000
1!
b1 &
1*
b1 /
00

#139660000
0!
0*

#139670000
1!
1*
10

#139680000
0!
0*

#139690000
1!
b10 &
1*
b10 /
00

#139700000
0!
0*

#139710000
1!
1*
10

#139720000
0!
0*

#139730000
1!
b11 &
1*
b11 /
00

#139740000
0!
0*

#139750000
1!
1*
10

#139760000
0!
0*

#139770000
1!
b100 &
1*
b100 /
00

#139780000
0!
0*

#139790000
1!
1*
10

#139800000
0!
0*

#139810000
1!
b101 &
1*
b101 /
00

#139820000
0!
0*

#139830000
1!
1*
10

#139840000
0!
0*

#139850000
1!
b110 &
1*
b110 /
00

#139860000
0!
0*

#139870000
1!
1*
10

#139880000
0!
0*

#139890000
1!
b111 &
1*
b111 /
00

#139900000
0!
0*

#139910000
1!
1*
10

#139920000
0!
0*

#139930000
1!
b1000 &
1*
b1000 /
00

#139940000
0!
0*

#139950000
1!
1*
10

#139960000
0!
0*

#139970000
1!
b1001 &
1*
b1001 /
00

#139980000
0!
0*

#139990000
1!
1*
10

#140000000
0!
0*

#140010000
1!
b10 %
b0 &
1*
b10 .
b0 /
00

#140020000
0!
0*

#140030000
1!
1*
10

#140040000
0!
0*

#140050000
1!
b1 &
1*
b1 /
00

#140060000
0!
0*

#140070000
1!
1*
10

#140080000
0!
0*

#140090000
1!
b10 &
1*
b10 /
00

#140100000
0!
0*

#140110000
1!
1*
10

#140120000
0!
0*

#140130000
1!
b11 &
1*
b11 /
00

#140140000
0!
0*

#140150000
1!
1*
10

#140160000
0!
0*

#140170000
1!
b100 &
1*
b100 /
00

#140180000
0!
0*

#140190000
1!
1*
10

#140200000
0!
0*

#140210000
1!
b101 &
1*
b101 /
00

#140220000
0!
0*

#140230000
1!
1*
10

#140240000
0!
0*

#140250000
1!
b110 &
1*
b110 /
00

#140260000
0!
0*

#140270000
1!
1*
10

#140280000
0!
0*

#140290000
1!
b111 &
1*
b111 /
00

#140300000
0!
0*

#140310000
1!
1*
10

#140320000
0!
0*

#140330000
1!
b1000 &
1*
b1000 /
00

#140340000
0!
0*

#140350000
1!
1*
10

#140360000
0!
0*

#140370000
1!
b1001 &
1*
b1001 /
00

#140380000
0!
0*

#140390000
1!
1*
10

#140400000
0!
0*

#140410000
1!
b11 %
b0 &
1*
b11 .
b0 /
00

#140420000
0!
0*

#140430000
1!
1*
10

#140440000
0!
0*

#140450000
1!
b1 &
1*
b1 /
00

#140460000
0!
0*

#140470000
1!
1*
10

#140480000
0!
0*

#140490000
1!
b10 &
1*
b10 /
00

#140500000
0!
0*

#140510000
1!
1*
10

#140520000
0!
0*

#140530000
1!
b11 &
1*
b11 /
00

#140540000
0!
0*

#140550000
1!
1*
10

#140560000
0!
0*

#140570000
1!
b100 &
1*
b100 /
00

#140580000
0!
0*

#140590000
1!
1*
10

#140600000
0!
0*

#140610000
1!
b101 &
1*
b101 /
00

#140620000
0!
0*

#140630000
1!
1*
10

#140640000
0!
0*

#140650000
1!
b110 &
1*
b110 /
00

#140660000
0!
0*

#140670000
1!
1*
10

#140680000
0!
0*

#140690000
1!
b111 &
1*
b111 /
00

#140700000
0!
0*

#140710000
1!
1*
10

#140720000
0!
0*

#140730000
1!
b1000 &
1*
b1000 /
00

#140740000
0!
0*

#140750000
1!
1*
10

#140760000
0!
0*

#140770000
1!
b1001 &
1*
b1001 /
00

#140780000
0!
0*

#140790000
1!
1*
10

#140800000
0!
0*

#140810000
1!
b100 %
b0 &
1*
b100 .
b0 /
00

#140820000
0!
0*

#140830000
1!
1*
10

#140840000
0!
0*

#140850000
1!
b1 &
1*
b1 /
00

#140860000
0!
0*

#140870000
1!
1*
10

#140880000
0!
0*

#140890000
1!
b10 &
1*
b10 /
00

#140900000
0!
0*

#140910000
1!
1*
10

#140920000
0!
0*

#140930000
1!
b11 &
1*
b11 /
00

#140940000
0!
0*

#140950000
1!
1*
10

#140960000
0!
0*

#140970000
1!
b100 &
1*
b100 /
00

#140980000
0!
0*

#140990000
1!
1*
10

#141000000
0!
0*

#141010000
1!
b101 &
1*
b101 /
00

#141020000
0!
0*

#141030000
1!
1*
10

#141040000
0!
0*

#141050000
1!
b110 &
1*
b110 /
00

#141060000
0!
0*

#141070000
1!
1*
10

#141080000
0!
0*

#141090000
1!
b111 &
1*
b111 /
00

#141100000
0!
0*

#141110000
1!
1*
10

#141120000
0!
0*

#141130000
1!
b1000 &
1*
b1000 /
00

#141140000
0!
0*

#141150000
1!
1*
10

#141160000
0!
0*

#141170000
1!
b1001 &
1*
b1001 /
00

#141180000
0!
0*

#141190000
1!
1*
10

#141200000
0!
0*

#141210000
1!
b101 %
b0 &
1*
b101 .
b0 /
00

#141220000
0!
0*

#141230000
1!
1*
10

#141240000
0!
0*

#141250000
1!
b1 &
1*
b1 /
00

#141260000
0!
0*

#141270000
1!
1*
10

#141280000
0!
0*

#141290000
1!
b10 &
1*
b10 /
00

#141300000
0!
0*

#141310000
1!
1*
10

#141320000
0!
0*

#141330000
1!
b11 &
1*
b11 /
00

#141340000
0!
0*

#141350000
1!
1*
10

#141360000
0!
0*

#141370000
1!
b100 &
1*
b100 /
00

#141380000
0!
0*

#141390000
1!
1*
10

#141400000
0!
0*

#141410000
1!
b101 &
1*
b101 /
00

#141420000
0!
0*

#141430000
1!
1*
10

#141440000
0!
0*

#141450000
1!
b110 &
1*
b110 /
00

#141460000
0!
0*

#141470000
1!
1*
10

#141480000
0!
0*

#141490000
1!
b111 &
1*
b111 /
00

#141500000
0!
0*

#141510000
1!
1*
10

#141520000
0!
0*

#141530000
1!
b1000 &
1*
b1000 /
00

#141540000
0!
0*

#141550000
1!
1*
10

#141560000
0!
0*

#141570000
1!
b1001 &
1*
b1001 /
00

#141580000
0!
0*

#141590000
1!
1*
10

#141600000
0!
0*

#141610000
1!
b1001 $
b0 %
b0 &
1*
b1001 -
b0 .
b0 /
00

#141620000
0!
0*

#141630000
1!
1*
10

#141640000
0!
0*

#141650000
1!
b1 &
1*
b1 /
00

#141660000
0!
0*

#141670000
1!
1*
10

#141680000
0!
0*

#141690000
1!
b10 &
1*
b10 /
00

#141700000
0!
0*

#141710000
1!
1*
10

#141720000
0!
0*

#141730000
1!
b11 &
1*
b11 /
00

#141740000
0!
0*

#141750000
1!
1*
10

#141760000
0!
0*

#141770000
1!
b100 &
1*
b100 /
00

#141780000
0!
0*

#141790000
1!
1*
10

#141800000
0!
0*

#141810000
1!
b101 &
1*
b101 /
00

#141820000
0!
0*

#141830000
1!
1*
10

#141840000
0!
0*

#141850000
1!
b110 &
1*
b110 /
00

#141860000
0!
0*

#141870000
1!
1*
10

#141880000
0!
0*

#141890000
1!
b111 &
1*
b111 /
00

#141900000
0!
0*

#141910000
1!
1*
10

#141920000
0!
0*

#141930000
1!
b1000 &
1*
b1000 /
00

#141940000
0!
0*

#141950000
1!
1*
10

#141960000
0!
0*

#141970000
1!
b1001 &
1*
b1001 /
00

#141980000
0!
0*

#141990000
1!
1*
10

#142000000
0!
0*

#142010000
1!
b1 %
b0 &
1*
b1 .
b0 /
00

#142020000
0!
0*

#142030000
1!
1*
10

#142040000
0!
0*

#142050000
1!
b1 &
1*
b1 /
00

#142060000
0!
0*

#142070000
1!
1*
10

#142080000
0!
0*

#142090000
1!
b10 &
1*
b10 /
00

#142100000
0!
0*

#142110000
1!
1*
10

#142120000
0!
0*

#142130000
1!
b11 &
1*
b11 /
00

#142140000
0!
0*

#142150000
1!
1*
10

#142160000
0!
0*

#142170000
1!
b100 &
1*
b100 /
00

#142180000
0!
0*

#142190000
1!
1*
10

#142200000
0!
0*

#142210000
1!
b101 &
1*
b101 /
00

#142220000
0!
0*

#142230000
1!
1*
10

#142240000
0!
0*

#142250000
1!
b110 &
1*
b110 /
00

#142260000
0!
0*

#142270000
1!
1*
10

#142280000
0!
0*

#142290000
1!
b111 &
1*
b111 /
00

#142300000
0!
0*

#142310000
1!
1*
10

#142320000
0!
0*

#142330000
1!
b1000 &
1*
b1000 /
00

#142340000
0!
0*

#142350000
1!
1*
10

#142360000
0!
0*

#142370000
1!
b1001 &
1*
b1001 /
00

#142380000
0!
0*

#142390000
1!
1*
10

#142400000
0!
0*

#142410000
1!
b10 %
b0 &
1*
b10 .
b0 /
00

#142420000
0!
0*

#142430000
1!
1*
10

#142440000
0!
0*

#142450000
1!
b1 &
1*
b1 /
00

#142460000
0!
0*

#142470000
1!
1*
10

#142480000
0!
0*

#142490000
1!
b10 &
1*
b10 /
00

#142500000
0!
0*

#142510000
1!
1*
10

#142520000
0!
0*

#142530000
1!
b11 &
1*
b11 /
00

#142540000
0!
0*

#142550000
1!
1*
10

#142560000
0!
0*

#142570000
1!
b100 &
1*
b100 /
00

#142580000
0!
0*

#142590000
1!
1*
10

#142600000
0!
0*

#142610000
1!
b101 &
1*
b101 /
00

#142620000
0!
0*

#142630000
1!
1*
10

#142640000
0!
0*

#142650000
1!
b110 &
1*
b110 /
00

#142660000
0!
0*

#142670000
1!
1*
10

#142680000
0!
0*

#142690000
1!
b111 &
1*
b111 /
00

#142700000
0!
0*

#142710000
1!
1*
10

#142720000
0!
0*

#142730000
1!
b1000 &
1*
b1000 /
00

#142740000
0!
0*

#142750000
1!
1*
10

#142760000
0!
0*

#142770000
1!
b1001 &
1*
b1001 /
00

#142780000
0!
0*

#142790000
1!
1*
10

#142800000
0!
0*

#142810000
1!
b11 %
b0 &
1*
b11 .
b0 /
00

#142820000
0!
0*

#142830000
1!
1*
10

#142840000
0!
0*

#142850000
1!
b1 &
1*
b1 /
00

#142860000
0!
0*

#142870000
1!
1*
10

#142880000
0!
0*

#142890000
1!
b10 &
1*
b10 /
00

#142900000
0!
0*

#142910000
1!
1*
10

#142920000
0!
0*

#142930000
1!
b11 &
1*
b11 /
00

#142940000
0!
0*

#142950000
1!
1*
10

#142960000
0!
0*

#142970000
1!
b100 &
1*
b100 /
00

#142980000
0!
0*

#142990000
1!
1*
10

#143000000
0!
0*

#143010000
1!
b101 &
1*
b101 /
00

#143020000
0!
0*

#143030000
1!
1*
10

#143040000
0!
0*

#143050000
1!
b110 &
1*
b110 /
00

#143060000
0!
0*

#143070000
1!
1*
10

#143080000
0!
0*

#143090000
1!
b111 &
1*
b111 /
00

#143100000
0!
0*

#143110000
1!
1*
10

#143120000
0!
0*

#143130000
1!
b1000 &
1*
b1000 /
00

#143140000
0!
0*

#143150000
1!
1*
10

#143160000
0!
0*

#143170000
1!
b1001 &
1*
b1001 /
00

#143180000
0!
0*

#143190000
1!
1*
10

#143200000
0!
0*

#143210000
1!
b100 %
b0 &
1*
b100 .
b0 /
00

#143220000
0!
0*

#143230000
1!
1*
10

#143240000
0!
0*

#143250000
1!
b1 &
1*
b1 /
00

#143260000
0!
0*

#143270000
1!
1*
10

#143280000
0!
0*

#143290000
1!
b10 &
1*
b10 /
00

#143300000
0!
0*

#143310000
1!
1*
10

#143320000
0!
0*

#143330000
1!
b11 &
1*
b11 /
00

#143340000
0!
0*

#143350000
1!
1*
10

#143360000
0!
0*

#143370000
1!
b100 &
1*
b100 /
00

#143380000
0!
0*

#143390000
1!
1*
10

#143400000
0!
0*

#143410000
1!
b101 &
1*
b101 /
00

#143420000
0!
0*

#143430000
1!
1*
10

#143440000
0!
0*

#143450000
1!
b110 &
1*
b110 /
00

#143460000
0!
0*

#143470000
1!
1*
10

#143480000
0!
0*

#143490000
1!
b111 &
1*
b111 /
00

#143500000
0!
0*

#143510000
1!
1*
10

#143520000
0!
0*

#143530000
1!
b1000 &
1*
b1000 /
00

#143540000
0!
0*

#143550000
1!
1*
10

#143560000
0!
0*

#143570000
1!
b1001 &
1*
b1001 /
00

#143580000
0!
0*

#143590000
1!
1*
10

#143600000
0!
0*

#143610000
1!
b101 %
b0 &
1*
b101 .
b0 /
00

#143620000
0!
0*

#143630000
1!
1*
10

#143640000
0!
0*

#143650000
1!
b1 &
1*
b1 /
00

#143660000
0!
0*

#143670000
1!
1*
10

#143680000
0!
0*

#143690000
1!
b10 &
1*
b10 /
00

#143700000
0!
0*

#143710000
1!
1*
10

#143720000
0!
0*

#143730000
1!
b11 &
1*
b11 /
00

#143740000
0!
0*

#143750000
1!
1*
10

#143760000
0!
0*

#143770000
1!
b100 &
1*
b100 /
00

#143780000
0!
0*

#143790000
1!
1*
10

#143800000
0!
0*

#143810000
1!
b101 &
1*
b101 /
00

#143820000
0!
0*

#143830000
1!
1*
10

#143840000
0!
0*

#143850000
1!
b110 &
1*
b110 /
00

#143860000
0!
0*

#143870000
1!
1*
10

#143880000
0!
0*

#143890000
1!
b111 &
1*
b111 /
00

#143900000
0!
0*

#143910000
1!
1*
10

#143920000
0!
0*

#143930000
1!
b1000 &
1*
b1000 /
00

#143940000
0!
0*

#143950000
1!
1*
10

#143960000
0!
0*

#143970000
1!
b1001 &
1*
b1001 /
00

#143980000
0!
0*

#143990000
1!
1*
10

#143991000
b110 )
b1 3
b101 4
b1001 5
b101 6
b1001 7

#144000000
0!
0*

#144010000
1!
b0 #
b0 $
b0 %
b0 &
1*
b0 ,
b0 -
b0 .
b0 /
00

#144020000
0!
0*

#144030000
1!
1*
10

#144031000
b111 )
b0 4
b0 5
b0 6
b0 7
